/*
Navicat MySQL Data Transfer

Source Server         : Laravel192
Source Server Version : 50724
Source Host           : 192.168.10.10:3306
Source Database       : poa2019

Target Server Type    : MYSQL
Target Server Version : 50724
File Encoding         : 65001

Date: 2019-02-18 00:59:07
*/

SET FOREIGN_KEY_CHECKS=0;

-- ----------------------------
-- Table structure for `actividades`
-- ----------------------------
DROP TABLE IF EXISTS `actividades`;
CREATE TABLE `actividades` (
  `autoactividades` int(11) DEFAULT NULL,
  `idprograma` int(11) DEFAULT NULL,
  `idprogramaesp` int(11) DEFAULT NULL,
  `idarea` int(11) DEFAULT NULL,
  `numactividad` int(11) DEFAULT NULL,
  `descactividad` text,
  `unidadmedida` varchar(40) DEFAULT NULL,
  `cantidadanual` int(11) DEFAULT NULL,
  `idporcentajep` int(11) DEFAULT NULL,
  `idporcentajer` int(11) DEFAULT NULL
) ENGINE=InnoDB DEFAULT CHARSET=utf8;

-- ----------------------------
-- Records of actividades
-- ----------------------------
INSERT INTO `actividades` VALUES ('1', '1', '1', '1', '1', 'Celebrar las sesiones  del Consejo General.', ' Orden del Día', '18', '1', '1');
INSERT INTO `actividades` VALUES ('2', '1', '1', '1', '2', 'Analizar y, en su caso, aprobar los Proyectos de Acuerdos y/o Resoluciones sometidos a la consideración del Consejo General.', ' Orden del Día', '19', '2', '2');
INSERT INTO `actividades` VALUES ('3', '1', '1', '1', '3', 'Analizar y, en su caso, aprobar los Proyectos de Actas de Sesiones sometidos a la consideración del Consejo General.', ' Orden del Día', '18', '3', '3');
INSERT INTO `actividades` VALUES ('4', '1', '1', '1', '4', 'Conocer y analizar los informes sometidos a la consideración del Consejo General.', ' Orden del Día', '40', '4', '4');
INSERT INTO `actividades` VALUES ('5', '1', '2', '2', '1', 'Ejercer con el apoyo de la Dirección Ejecutiva de Administración el presupuesto del Organismo en los términos señalados en las leyes respectivas 2018-2019. ', 'Informe', '4', '5', '5');
INSERT INTO `actividades` VALUES ('6', '1', '2', '2', '2', 'Desarrollar a través de la Unidad Técnica de Planeación,  las políticas y lineamientos generales, así como  las propuestas por parte de las Direcciones Ejecutivas y Unidades Técnicas del Organismo Público Local Electoral del Estado de Veracruz, para la elaboración e integración del Programa Operativo Anual e Indicadores 2020.', 'Documento', '1', '6', '6');
INSERT INTO `actividades` VALUES ('7', '1', '2', '2', '3', 'Presentar al Consejo General por conducto del Presidente el Anteproyecto de Presupuesto e integrar el Anteproyecto del Programa Operativo Anual del Organismo Público Local Electoral del Estado de Veracruz para el Ejercicio 2020 para su posterior remisión al Titular del Ejecutivo del Estado. ', 'Documento', '1', '7', '7');
INSERT INTO `actividades` VALUES ('8', '1', '2', '2', '4', 'Supervisar la realización  de un estudio comparado, respecto de los lineamientos, manuales, reglamentos, criterios y procedimientos técnico-normativos de la función electoral en las entidades federativas a través de la Dirección Ejecutiva de Asuntos Jurídicos,', 'Documento', '1', '8', '8');
INSERT INTO `actividades` VALUES ('9', '1', '2', '2', '5', 'Coordinar y supervisar a través de la Dirección Ejecutiva de Organización Electoral, que se ejecuten con apego a la normativa vigente los trabajos necesarios para la clasificación y separación del material y documentación electoral que se encuentra almacenado, así como determinar aquellos que serán destruidos y los que por encontrarse en buenas condiciones o resultar útiles para fines de investigación, deberán ser resguardados en las bodegas de este Organismo Público Local Electoral del Estado de Veracruz.', 'Documento', '1', '9', '9');
INSERT INTO `actividades` VALUES ('10', '1', '2', '2', '6', 'Supervisar los trabajos relativos a formulación de una propuesta de iniciativa de reforma a la Constitución Local y al Código Electoral del Estado de Veracruz, por conducto de la Dirección Ejecutiva de Asuntos Jurídicos. ', 'Documento', '1', '10', '10');
INSERT INTO `actividades` VALUES ('11', '1', '3', '2', '1', 'Actuar como Secretario del Consejo General.', 'Documento', '12', '11', '11');
INSERT INTO `actividades` VALUES ('12', '1', '3', '2', '2', 'Presentar al Consejo General los informes correspondientes a las peticiones y diligencias practicadas en el ejercicio de la función de Oficialía Electoral, resoluciones dictadas por órganos jurisdiccionales y de conformidad con lo dispuesto por el artículo 36 del Reglamento de Quejas y Denuncias del Organismo Público Local Electoral del Estado de Veracruz. ', 'Informe ', '36', '12', '12');
INSERT INTO `actividades` VALUES ('13', '1', '4', '2', '1', 'Ejercer la representación legal del Organismo y, en su caso, otorgar poderes en los términos establecidos en la Ley. ', 'Informe', '12', '13', '13');
INSERT INTO `actividades` VALUES ('14', '1', '4', '2', '2', 'Supervisar la tramitación y sustanciación que realiza la Dirección Ejecutiva de Asuntos Jurídicos, de los medios de impugnación y quejas que se interpongan en términos de las disposiciones legales aplicables. ', 'Informe', '12', '14', '14');
INSERT INTO `actividades` VALUES ('15', '1', '4', '2', '3', 'Supervisar el periodo de instrucción del Procedimiento Laboral Disciplinario que se encuentra a cargo de la Dirección Ejecutiva de Asuntos Jurídicos.', 'Documento ', '1', '15', '15');
INSERT INTO `actividades` VALUES ('16', '1', '4', '2', '4', 'Actuar como autoridad resolutora en el Procedimiento Laboral Disciplinario.', 'Función ', '1', '16', '16');
INSERT INTO `actividades` VALUES ('17', '1', '5', '2', '1', 'Actuar como Secretario de la Junta General Ejecutiva.', 'Función', '12', '17', '17');
INSERT INTO `actividades` VALUES ('18', '1', '6', '2', '1', 'Supervisar y evaluar el adecuado cumplimiento de las actividades de las áreas conforme a los planes y programas aprobados. ', 'Informe', '108', '18', '18');
INSERT INTO `actividades` VALUES ('19', '1', '6', '2', '2', 'Proporcionar, organizar y supervisar los servicios médicos, adquirir, resguardar y suministrar medicamentos, materiales, instrumental y equipo médico del cuadro básico que serán utilizados a través del Dispensario Médico. ', 'Informe', '12', '19', '19');
INSERT INTO `actividades` VALUES ('20', '1', '6', '2', '3', 'Supervisar los trabajos que ejecute la Unidad Técnica de Servicios Informáticos para obtener un diagnóstico del estado de los equipos de cómputo y telecomunicaciones que le permita detectar  las necesidades de adecuación, mejoramiento, modernización o sustitución de instalaciones, equipo de cómputo y todo tipo de maquinaria. ', 'Informe', '2', '20', '20');
INSERT INTO `actividades` VALUES ('21', '1', '6', '2', '4', 'Supervisar la correcta ejecución del programa de capacitación Institucional que lleve a cabo la Unidad Técnica del Centro de Formación y Desarrollo mediante la implementación de los cursos-talleres de capacitación dirigidos a personal del Organismo Público Local Electoral del Estado de Veracruz.', 'Informe', '2', '21', '21');
INSERT INTO `actividades` VALUES ('22', '1', '6', '2', '5', 'Supervisar que las Direcciones Ejecutivas y Unidades Técnicas del Organismo Público Local Electoral del Estado de Veracruz, recopilen, ordenen y sistematicen la información institucional que obra en sus archivos a través de la Unidad Técnica de Transparencia en especial aquella que resulta útil para elaborar estadísticas electorales. ', 'Informe', '2', '22', '22');
INSERT INTO `actividades` VALUES ('23', '1', '6', '2', '6', 'Supervisar la correcta consecución del desarrollo de los sistemas institucionales a cargo de la Unidad Técnica de Servicios Informáticos, necesarios para la sistematización de los procesos de gestión que se realizan en las Direcciones Ejecutivas y Unidades Técnicas del Organismo Público Local Electoral del Estado de Veracruz.', 'Informe', '2', '23', '23');
INSERT INTO `actividades` VALUES ('24', '1', '6', '2', '7', 'Supervisión en la traducción de un Compendio Electoral a Lenguas Indígenas de la Entidad a través de la Unidad Técnica de Igualdad de Género y No Discriminación.', 'Documento ', '1', '24', '24');
INSERT INTO `actividades` VALUES ('25', '1', '6', '2', '8', 'Coordinar con el apoyo de la Unidad Técnica del Centro de Formación y Desarrollo y la Unidad Técnica de Comunicación Social, cursos a medios de comunicación encaminados a la divulgación detallada de la metodología que deben de observar para la publicación de  encuestas por muestreo, sondeos de opinión, encuestas de salida y conteos rápidos no institucionales en los Procesos Electorales. ', 'Informe', '1', '25', '25');
INSERT INTO `actividades` VALUES ('26', '1', '7', '2', '1', 'Presentar al Consejo General los informes sobre el avance de la gestión financiera y del cumplimiento de las metas establecidas en el Programa Operativo Anual del Organismo Público Local Electoral del Estado de Veracruz, así como la Cuenta Pública y remitirlos al H. Congreso del Estado de los Ejercicios 2018-2019.', 'Informe', '4', '26', '26');
INSERT INTO `actividades` VALUES ('27', '1', '7', '2', '2', 'Coordinar y ejecutar las acciones necesarias para atender los requerimientos que formule el Contraloría General, como cadyuvante respecto de la vigilancia de los recursos y bienes del Organismo Público Local Electoral del Estado de Veracruz.', 'Documento', '12', '27', '27');
INSERT INTO `actividades` VALUES ('28', '1', '7', '2', '3', 'Presidir el Comité y Sub-Comité de Adquisiciones, Arrendamientos, Administración y Enajenación de Bienes Muebles del Organismo Público Local Electoral del Estado de Veracruz. ', 'Actividad', '16', '28', '28');
INSERT INTO `actividades` VALUES ('29', '1', '7', '2', '4', 'Someter, en su caso, a consideración del Consejo General la Reprogramación del Programa Operativo Anual 2019 y la Redistribución del Presupuesto de Egresos para el Ejercicio Fiscal 2019.', 'Acuerdo ', '1', '29', '29');
INSERT INTO `actividades` VALUES ('30', '1', '8', '2', '1', 'Supervisar las acciones de la función de la Unidad Técnica de Oficialía Electoral a través de sus informes mensuales, mismos que se presentan al Consejo General. ', 'Informe', '12', '30', '30');
INSERT INTO `actividades` VALUES ('31', '1', '8', '2', '2', 'Expedir las certificaciones que se requieran. ', 'Función', '12', '31', '31');
INSERT INTO `actividades` VALUES ('32', '1', '9', '3', '1', 'Realizar el seguimiento y control del módulo del Sistema de Sanciones del Sistema de Gestión Institucional.', 'Documento', '12', '32', '32');
INSERT INTO `actividades` VALUES ('33', '1', '9', '3', '2', 'Elaborar y mantener actualizado el reporte de los saldos de sanciones o remanentes, en su caso, pendientes de aplicar a los partidos políticos.', 'Actividad', '12', '33', '33');
INSERT INTO `actividades` VALUES ('34', '1', '9', '3', '3', 'Elaborar los proyectos de acuerdo para el Consejo General, mediante los cuales se dé cumplimiento a las resoluciones del Instituto Nacional Electoral, Organismo Público Local Electoral del Estado de Veracruz y autoridades jurisdiccionales, para deducir del financiamiento público las sanciones o multas que les sean impuestas a las organizaciones políticas.', 'Informe', '3', '34', '34');
INSERT INTO `actividades` VALUES ('35', '1', '10', '3', '1', 'Realizar un estudio relativo a las facultades de la Dirección y del ejercicio del  derecho de asociación (obtener registro como Partido Político Local o Asociación Política Estatal), para determinar el contenido y realizar actualizaciones a la  información vinculada, a través de un micro sitio.', 'Estudio', '1', '35', '35');
INSERT INTO `actividades` VALUES ('36', '1', '10', '3', '2', 'Elaborar, en su caso, el proyecto de dictamen de la Comisión de Prerrogativas y Partidos Políticos, sobre la viabilidad de la manifestación de intención de constituirse como partido político local.', 'Dictamen', '1', '36', '36');
INSERT INTO `actividades` VALUES ('37', '1', '10', '3', '3', 'Asesorar a las Asociaciones Políticas Estatales, para el cumplimiento de los requisitos legales para mantener su registro ante el Organismo Público Local Electoral del Estado de Veracruz. ', 'Informe', '3', '37', '37');
INSERT INTO `actividades` VALUES ('38', '1', '10', '3', '4', 'Mantener actualizado el libro de registro de las organizaciones políticas; así como los convenios de coaliciones, frentes y fusiones. ', 'Informe', '3', '38', '38');
INSERT INTO `actividades` VALUES ('39', '1', '10', '3', '5', 'Mantener actualizado el libro de registro de representantes y comités de partidos políticos, coaliciones, organizaciones y directivos; así como de representantes de candidaturas independientes.', 'Informe', '3', '39', '39');
INSERT INTO `actividades` VALUES ('40', '1', '10', '3', '6', 'Proporcionar asesoría a las organizaciones de ciudadanos que pretendan constituirse en partidos políticos locales o Asociaciones Políticas Estatales.', 'Informe', '3', '40', '40');
INSERT INTO `actividades` VALUES ('41', '1', '10', '3', '7', 'Atender las solicitudes de las organizaciones de ciudadanos que pretendan obtener el registro como Asociación Política Estatal y, en su caso, integrar el expediente y elaborar el informe correspondiente.', 'Informe', '3', '41', '41');
INSERT INTO `actividades` VALUES ('42', '1', '10', '3', '8', 'Integrar, en su caso, los expedientes de las solicitudes de registro de las organizaciones de ciudadanos que pretendan constituirse como Partido Político local.', 'Informe', '3', '42', '42');
INSERT INTO `actividades` VALUES ('43', '1', '10', '3', '9', 'Llevar a cabo la verificación de las asambleas distritales y/o municipales, y en su caso estatal constitutiva, que celebren las organizaciones de ciudadanos para obtener registro como partido político local. ', 'Informe', '3', '43', '43');
INSERT INTO `actividades` VALUES ('44', '1', '10', '3', '10', 'Verificar el cumplimiento de los requisitos para la permanencia de las Asociaciones Políticas Estatales.', 'Dictamen', '1', '44', '44');
INSERT INTO `actividades` VALUES ('45', '1', '11', '3', '1', 'Elaborar el estudio por el cual se determine el limite de financiamiento privado que pueden recibir los partidos políticos durante el ejercicio 2019.', 'Estudio', '1', '45', '45');
INSERT INTO `actividades` VALUES ('46', '1', '11', '3', '2', 'Elaborar el estudio por el cual se determina el financiamiento público para actividades ordinarias, actividades específicas que corresponden a los Partidos Políticos.', 'Estudio', '2', '46', '46');
INSERT INTO `actividades` VALUES ('47', '1', '11', '3', '3', 'Elaborar el estudio por el cual se determina  el monto de los apoyos para tareas editoriales, de capacitación, educación e investigación socioeconómica y política que corresponde a las  Asociaciones Políticas Estatales con registro ante este Organismo Público.', 'Estudio', '2', '47', '47');
INSERT INTO `actividades` VALUES ('48', '1', '12', '4', '1', 'Elaborar la base de datos de los votos nulos del proceso electoral 2017-2018, para su posterior validación.', 'Actividad', '9', '48', '48');
INSERT INTO `actividades` VALUES ('49', '1', '12', '4', '2', 'Catalogar y clasificar la documentación electoral del proceso electoral 2017-2018, así como su conservación en el archivo de la Dirección Ejecutiva de Organización Electoral.', 'Informe', '3', '49', '49');
INSERT INTO `actividades` VALUES ('50', '1', '12', '4', '3', 'Separar y destruir la documentación electoral del proceso electoral 2017-2018.', 'Actividad', '7', '50', '50');
INSERT INTO `actividades` VALUES ('51', '1', '12', '4', '4', 'Digitalizar la documentación electoral correspondiente a los procesos electorales 2016-2017 y 2017-2018, así como el proceso electoral extraordinario 2018, que se encuentra en el archivo de la Dirección Ejecutiva de Organización Electoral.', 'Actividad', '8', '51', '51');
INSERT INTO `actividades` VALUES ('52', '1', '12', '4', '5', 'Elaborar la base de datos de la asistencia de los representantes de partidos políticos y candidatos independientes acreditados ante la mesa directiva de casilla, con base en la información contenida en las actas de jornada electoral del proceso electoral 2017-2018, para ser comparada con la base de datos de representantes de partidos acreditados proporcionada por el Instituto Nacional Electoral.', 'Actividad', '8', '52', '52');
INSERT INTO `actividades` VALUES ('53', '1', '13', '4', '1', 'Asegurar el almacenamiento del material electoral en las mejores condiciones posibles dentro del espacio disponible en la bodega electoral del Organismo Público Local Electoral del Estado de Veracruz, separando los materiales devueltos en mal estado para proceder a su posterior desincorporación.', 'Actividad', '6', '53', '53');
INSERT INTO `actividades` VALUES ('54', '1', '13', '4', '2', 'Aplicar el tratamiento y los criterios para la conservación del material electoral del proceso electoral 2017-2018 depositado en la bodega electoral del Organismo Público Local Electoral del Estado de Veracruz, con el propósito de mantenerlo en buen estado.', 'Actividad', '12', '54', '54');
INSERT INTO `actividades` VALUES ('55', '1', '13', '4', '3', 'Diseñar, implementar y coordinar el diagnóstico del funcionamiento de los órganos desconcentrados que participaron en el proceso electoral 2017-2018 para identificar las fortalezas y áreas de oportunidad con miras al proceso electoral 2020-2021', 'Actividad', '4', '55', '55');
INSERT INTO `actividades` VALUES ('56', '1', '13', '4', '4', 'Elaborar un análisis de los procedimientos desarrollados en los procesos electorales 2015-2016, 2016-2017, 2017-2018 y extraordinario 2018', 'Actividad', '2', '56', '56');
INSERT INTO `actividades` VALUES ('57', '1', '13', '4', '5', 'Promover cursos de actualización en materia electoral a la ciudadanía en general.', 'Actividad', '2', '57', '57');
INSERT INTO `actividades` VALUES ('58', '1', '14', '5', '1', 'Promover  valores democráticos de manera mensual con apoyo de la Unidad Técnica de Comunicación Social.', 'Documento', '12', '58', '58');
INSERT INTO `actividades` VALUES ('59', '1', '14', '5', '2', 'Invitar a instituciones públicas y/o privadas a la celebración de convenios de colaboración con el Organismo Público Local Electoral del Estado de Veracruz.', 'Documento', '2', '59', '59');
INSERT INTO `actividades` VALUES ('60', '1', '14', '5', '3', 'Realizar entrevistas a las y los titulares de las consejerías electorales y/o direcciones ejecutivas y difundirlas en redes sociales con apoyo de la Unidad Técnica de Comunicación Social.', 'Entrevista', '6', '60', '60');
INSERT INTO `actividades` VALUES ('61', '1', '14', '5', '4', 'Actualizar el directorio de instituciones educativas y organizaciones públicas y privadas, cuyo objetivo sea la divulgación de la participación ciudadana. ', 'Documento', '2', '61', '61');
INSERT INTO `actividades` VALUES ('62', '1', '14', '5', '5', 'Cumplir con las metas individuales y/o colectivas en materia de participación ciudadana para miembros del Servicio Profesional Electoral Nacional.', 'Informe', '1', '62', '62');
INSERT INTO `actividades` VALUES ('63', '1', '15', '5', '1', 'Implementar en la entidad federativa el programa estatal de educación cívica en instituciones de educación media a superior.', 'Programa', '29', '63', '63');
INSERT INTO `actividades` VALUES ('64', '1', '15', '5', '2', 'Participar en reuniones con la Junta Local Ejecutiva del Instituto Nacional Electoral en la entidad, para fortalecer la coordinación y comunicación entre ambas instituciones.', 'Reunión', '2', '64', '64');
INSERT INTO `actividades` VALUES ('65', '1', '15', '5', '3', 'Organizar reuniones regionales con las juntas distritales ejecutivas del Instituto Nacional Electoral en la entidad, para implementar la Estrategia Nacional de Cultura Cívica 2017-2023.', 'Reunión', '3', '65', '65');
INSERT INTO `actividades` VALUES ('66', '1', '15', '5', '4', 'Gestionar ante instancias educativas la exposición de temas electorales en colaboración con la Dirección Ejecutiva de Asuntos Jurídicos.', 'Documento', '3', '66', '66');
INSERT INTO `actividades` VALUES ('67', '1', '15', '5', '5', 'Realizar el taller \"Retos en Materia de Educación Cívica\" con participación de los Organismos Públicos Locales Electorales  pertenecientes a la tercera circunscripción.', 'Taller', '1', '67', '67');
INSERT INTO `actividades` VALUES ('68', '1', '15', '5', '6', 'Cumplir con las metas individuales y/o colectivas en materia de educación cívica para miembros del Servicio Profesional Electoral Nacional.', 'Informe', '1', '68', '68');
INSERT INTO `actividades` VALUES ('69', '1', '15', '5', '7', 'Organizar reunión estatal con las Vocalías de Capacitación Electoral y Educación Cívica del Instituto Nacional Electoral, para revisar los temas relacionados con la Estrategia Nacional de Cultura Cívica 2017-2023.', 'Reunión', '1', '69', '69');
INSERT INTO `actividades` VALUES ('70', '1', '16', '6', '1', 'Emitir y publicar la información contable, presupuestal y programática del Organismo Público Local Electoral del Estado de Veracruz, de conformidad con las leyes y normas aplicables.', 'Documento', '22', '70', '70');
INSERT INTO `actividades` VALUES ('71', '1', '17', '6', '1', 'Realizar  los  pagos  por  conceptos  de  prerrogativas,  nóminas,  contribuciones, proveedores,  arrendamientos,  prestadores  de  servicios  y  viáticos,  debidamente autorizados.', 'Actividad', '12', '71', '71');
INSERT INTO `actividades` VALUES ('72', '1', '17', '6', '2', 'Integrar y presentar ante la Secretaría de Finanzas y Planeación del Estado, el Proyecto de Presupuesto de Egresos del Organismo Público Local en el Estado de Veracruz para el ejercicio fiscal 2020.', 'Documento', '1', '72', '72');
INSERT INTO `actividades` VALUES ('73', '1', '18', '6', '1', 'Convocar, desarrollar y documentar las sesiones ordinarias y extraordinarias  del Subcomité de Adquisiciones del Organismo Público Local Electoral del Estado de Veracruz; así como el seguimiento de los acuerdos tomados en las sesiones.', 'Actividad', '12', '73', '73');
INSERT INTO `actividades` VALUES ('74', '1', '18', '6', '2', 'Atender  las requisiciones de materiales y suministros que las áreas requieran, incluyendo los servicios generales y la dotación de bienes muebles.', 'Actividad', '12', '74', '74');
INSERT INTO `actividades` VALUES ('75', '1', '18', '6', '3', 'Atender las solicitudes de mantenimiento preventivo y correctivo del parque vehicular del Organismo Público Local Electoral del Estado de Veracruz de acuerdo con el programa de mantenimiento anual.', 'Actividad', '12', '75', '75');
INSERT INTO `actividades` VALUES ('76', '1', '18', '6', '4', 'Convocar, desarrollar y documentar las sesiones ordinarias y extraordinarias  del Comité de Adquisiciones del Organismo Público Local Electoral del Estado de Veracruz; así como el seguimiento de los Acuerdos tomados en las sesiones.', 'Actividad', '4', '76', '76');
INSERT INTO `actividades` VALUES ('77', '1', '18', '6', '5', 'Realizar el pago de derechos y verificaciones del parque vehicular del Organismo Público Local Electoral del Estado de Veracruz.', 'Documento', '2', '77', '77');
INSERT INTO `actividades` VALUES ('78', '1', '18', '6', '6', 'Efectuar la depuración de bienes muebles y equipo de cómputo que se encuentren en estado de obsolescencia, para proceder a la baja correspondiente.', 'Actividad', '2', '78', '78');
INSERT INTO `actividades` VALUES ('79', '1', '18', '6', '7', 'Elaborar el Programa Anual de Adquisiciones, Arrendamientos y Servicios del Organismo Público Local Electoral del Estado de Veracruz.', 'Documento', '1', '79', '79');
INSERT INTO `actividades` VALUES ('80', '1', '18', '6', '8', 'Realizar de manera semestral, el levantamiento de inventario físico de los bienes muebles y de tipo económico propiedad del Organismo Público Local Electoral del Estado de Veracruz, actualizando los resguardos correspondientes. ', 'Actividad', '2', '80', '80');
INSERT INTO `actividades` VALUES ('81', '1', '18', '6', '9', 'Realizar de manera semestral, el levantamiento de inventario físico del Almacén de materiales y suministros.', 'Informe', '2', '81', '81');
INSERT INTO `actividades` VALUES ('82', '1', '19', '6', '1', 'Realizar el pago electrónico de la nómina del personal del Organismo Público Local Electoral del Estado de Veracruz, de cada periodo quincenal.', 'Actividad', '24', '82', '82');
INSERT INTO `actividades` VALUES ('83', '1', '19', '6', '2', 'Realizar el pago de las contribuciones a cargo del Organismo Público Local Electoral del Estado de Veracruz en su calidad de patrón y/o retenedor.', 'Actividad', '12', '83', '83');
INSERT INTO `actividades` VALUES ('84', '1', '20', '7', '1', 'Realizar el cotejo y proyecto de certificaciones en coadyuvancia con la Secretaría Ejecutiva.', 'Informe', '12', '84', '84');
INSERT INTO `actividades` VALUES ('85', '1', '20', '7', '2', 'Promover cursos al personal de la Dirección Ejecutiva de Asuntos Jurídicos sobre los principales tipos de procedimientos que se atienden en la Dirección.', 'Capacitación', '4', '85', '85');
INSERT INTO `actividades` VALUES ('86', '1', '20', '7', '3', 'Analizar la normatividad del Organismo Público Local Electoral del Estado de Veracruz y proponer sus posibles reformas.', 'Análisis', '2', '86', '86');
INSERT INTO `actividades` VALUES ('87', '1', '20', '7', '4', 'Digitalizar los expedientes de los procedimientos administrativos sancionadores y de los medios de impugnación del Proceso Electoral Ordinario 2017-2018.', 'Actividad', '4', '87', '87');
INSERT INTO `actividades` VALUES ('88', '1', '20', '7', '5', 'Exponer temas electorales en colaboración con la Dirección Ejecutiva de Capacitación y Educación Cívica a estudiantes de nivel medio superior y superior.', 'Exposición', '3', '88', '88');
INSERT INTO `actividades` VALUES ('89', '1', '20', '7', '6', 'Analizar consultas y peticiones que se presenten al Consejo General.', 'Reporte', '3', '89', '89');
INSERT INTO `actividades` VALUES ('90', '1', '20', '7', '7', 'Instruir los procedimientos laborales disciplinarios ', 'Informe', '2', '90', '90');
INSERT INTO `actividades` VALUES ('91', '1', '20', '7', '8', 'Apoyar en la elaboración de convenios de coordinación y colaboración con distintas autoridades.', 'Informe', '2', '91', '91');
INSERT INTO `actividades` VALUES ('92', '1', '20', '7', '9', 'Elaborar manuales de procedimientos de los recursos de inconformidad y de procedimientos administrativos sancionadores.', 'Documento', '2', '92', '92');
INSERT INTO `actividades` VALUES ('93', '1', '21', '7', '1', 'Tramitar asuntos laborales, administrativos y penales que se presenten en contra del Organismo Público Local Electoral de Veracruz.', 'Informe', '3', '93', '93');
INSERT INTO `actividades` VALUES ('94', '1', '22', '7', '1', 'Auxiliar a la Secretaría Ejecutiva en la tramitación de los medios de impugnación.', 'Expediente', '11', '94', '94');
INSERT INTO `actividades` VALUES ('95', '1', '22', '7', '2', 'Elaborar proyectos de acuerdos, dictámenes, resoluciones e informes que serán sometidos a consideración del Consejo General.', 'Documento', '11', '95', '95');
INSERT INTO `actividades` VALUES ('96', '1', '22', '7', '3', 'Participar como Secretario Técnico de la comisión de quejas y denuncias.', 'Convocatoria', '4', '96', '96');
INSERT INTO `actividades` VALUES ('97', '1', '22', '7', '4', 'Auxiliar al Secretario Ejecutivo en la substanciación de los procedimientos ordinarios sancionadores.', 'Expediente', '2', '97', '97');
INSERT INTO `actividades` VALUES ('98', '1', '23', '8', '1', 'Realizar sesiones ordinarias y extraordinarias de la Comisión Especial de Fiscalización.', 'Acta ', '4', '98', '98');
INSERT INTO `actividades` VALUES ('99', '1', '23', '8', '2', 'Participar en las sesiones del Comité y Subcomité de Adquisiciones, Arrendamientos, Administración y Enajenación de Bienes Muebles. ', 'Acta', '9', '99', '99');
INSERT INTO `actividades` VALUES ('100', '1', '23', '8', '3', 'Participar en las sesiones ordinarias, extraordinarias y especiales que convoque el Comité de Transparencia.', 'Acta', '12', '100', '100');
INSERT INTO `actividades` VALUES ('101', '1', '24', '8', '1', 'Asesorar sobre el registro y documentación comprobatoria de las Asociaciones Políticas Estatales. ', 'Informe', '3', '101', '101');
INSERT INTO `actividades` VALUES ('102', '1', '24', '8', '2', 'Asesorar sobre la realización y modificación del Programa Anual Trabajo de las Asociaciones Políticas Estatales.', 'Informe', '3', '102', '102');
INSERT INTO `actividades` VALUES ('103', '1', '25', '8', '1', 'Someter a consideración de la Comisión Especial de Fiscalización el plan de trabajo para la revisión de informes anuales de 2018 y semestrales de 2019.', 'Documento', '2', '103', '103');
INSERT INTO `actividades` VALUES ('104', '1', '25', '8', '2', 'Informar sobre los requerimientos de las Asociaciones Políticas Estatales información y documentación comprobatoria para el cumplimiento de sus obligaciones de rendición de cuentas del ejercicio 2019. ', 'Informe', '4', '104', '104');
INSERT INTO `actividades` VALUES ('105', '1', '25', '8', '3', 'Dar seguimiento al ejercicio por objeto del gasto del Programa Anual de Trabajo 2019 de las Asociaciones Políticas Estatales.', 'Acta', '52', '105', '105');
INSERT INTO `actividades` VALUES ('106', '1', '25', '8', '4', 'Someter a consideración de la Comisión Especial de Fiscalización la guía de integración para la presentación de informes semestrales y anuales 2019. ', 'Documento ', '3', '106', '106');
INSERT INTO `actividades` VALUES ('107', '1', '25', '8', '5', 'Verificar el origen, monto, destino y aplicación de los recursos del ejercicio 2018 de las Asociaciones Políticas Estatales.', 'Dictamen ', '1', '107', '107');
INSERT INTO `actividades` VALUES ('108', '1', '25', '8', '6', 'Presentar el proyecto de resolución derivado de las observaciones identificadas en el Dictamen.', 'Resolución', '1', '108', '108');
INSERT INTO `actividades` VALUES ('109', '1', '25', '8', '7', 'Informar de la revisión del origen y destino de los recursos de las organizaciones de ciudadanos que tengan la intención de constituirse como Partido Político Local.', 'Informe', '1', '109', '109');
INSERT INTO `actividades` VALUES ('110', '1', '25', '8', '8', 'Informar de la revisión del origen y destino de los recursos de las Organizaciones de ciudadanos que tengan la intención de constituirse como Asociación Política Estatal.', 'Informe', '1', '110', '110');
INSERT INTO `actividades` VALUES ('111', '1', '26', '9', '1', 'Publicar las inserciones requeridas por las áreas que integran el Organismo Público Local Electoral del Estado de Veracruz en una o más plataformas de difusión.', 'Reporte', '12', '111', '111');
INSERT INTO `actividades` VALUES ('112', '1', '27', '9', '1', 'Producir y coordinar la difusión de los programas institucionales del  Organismo Público Local Electoral del Estado de Veracruz.', 'Actividad', '12', '112', '112');
INSERT INTO `actividades` VALUES ('113', '1', '27', '9', '2', 'Producir y publicar la Campaña de la Imagen del Organismo Público Local Electoral del Estado de Veracruz en diferentes plataformas de información.', 'Material de difusión', '36', '113', '113');
INSERT INTO `actividades` VALUES ('114', '1', '27', '9', '3', 'Dar cobertura informativa a eventos y actividades del Organismo Público Local Electoral del Estado de Veracruz a través de registro fotográfico y/o boletines para medios de comunicación.', 'Actividad', '105', '114', '114');
INSERT INTO `actividades` VALUES ('115', '1', '27', '9', '4', 'Programar y cubrir las entrevistas de funcionarios del Organismo Público Local Electoral del Estado de Veracruz en medios de comunicación.', 'Entrevista', '48', '115', '115');
INSERT INTO `actividades` VALUES ('116', '1', '27', '9', '5', 'Actualizar permanentemente las plataformas de difusión del Organismo Público Local Electoral del Estado de Veracruz.', 'Reporte', '12', '116', '116');
INSERT INTO `actividades` VALUES ('117', '1', '27', '9', '6', 'Coordinar con el apoyo de la Unidad Técnica del Centro de Formación y Desarrollo, cursos a los medios de comunicación encaminados a la divulgación detallada de la metodología que deben de observar para la publicación de encuestas por muestreo, sondeos de opinión, encuestas de salida y conteos rápidos.', 'Actividad', '2', '117', '117');
INSERT INTO `actividades` VALUES ('118', '1', '28', '9', '1', 'Elaborar la síntesis informativa de medios impresos y electrónicos.', 'Síntesis', '963', '118', '118');
INSERT INTO `actividades` VALUES ('119', '1', '28', '9', '2', 'Realizar el reporte derivado de monitoreo de notas sobre el Organismo Público Local Electoral del Estado de Veracruz en medios de comunicación.', 'Reporte', '12', '119', '119');
INSERT INTO `actividades` VALUES ('120', '1', '29', '10', '1', 'Conformar el órgano de difusión del Organismo Público Local Electoral del Estado de Veracruz.', 'Actividad', '6', '120', '120');
INSERT INTO `actividades` VALUES ('121', '1', '29', '10', '2', 'Diseñar materiales formativos, que servirán para divulgar temas de Educación Cívica y Cultura Democrática.', 'Documento ', '4', '121', '121');
INSERT INTO `actividades` VALUES ('122', '1', '29', '10', '3', 'Promover la difusión de la Memoria del Proceso Electoral 2017-2018.', 'Informe', '1', '122', '122');
INSERT INTO `actividades` VALUES ('123', '1', '29', '10', '4', 'Apoyar a las diferentes áreas en la elaboración, diseño gráfico, editorial, formación e impresión de materiales de difusión, supervisando la correcta aplicación de la identidad gráfica del Organismo Público Local Electoral del Estado de Veracruz.', 'Informe', '3', '123', '123');
INSERT INTO `actividades` VALUES ('124', '1', '30', '10', '1', 'Gestionar y Otorgar los incentivos por el destacado desempeño individual y colectivo, tomando en cuenta en todo momento criterios del Programa de Incentivos 2019 dirigidos al personal del Servicio Profesional Electoral Nacional del Organismo Público Local Electoral del Estado de Veracruz. ', 'Actividad', '2', '124', '124');
INSERT INTO `actividades` VALUES ('125', '1', '30', '10', '2', 'Dar seguimiento y cumplimiento a las disposiciones del Estatuto del Servicio Profesional Electoral Nacional y del personal de la Rama Administrativa del sistema Organismo Público Local Electoral del Estado de Veracruz.', 'Informe', '3', '125', '125');
INSERT INTO `actividades` VALUES ('126', '1', '30', '10', '3', 'Colaborar con la Dirección Ejecutiva de Servicio Profesional Electoral Nacional del Instituto Nacional Electoral en los procesos de selección, ingreso, inducción, capacitación y evaluación.', 'Informe', '3', '126', '126');
INSERT INTO `actividades` VALUES ('127', '1', '31', '10', '1', 'Coadyuvar con la Dirección Ejecutiva de Administración, en la definición e implementación de un programa anual de capacitación dirigido al personal de la rama administrativa del Organismo Público Local Electoral del Estado de Veracruz, coordinando a las áreas de este organismo electoral, considerando una detección de necesidades.', 'Programa ', '12', '127', '127');
INSERT INTO `actividades` VALUES ('128', '1', '31', '10', '2', 'Dotar de información el mini-sitio de la Unidad Técnica del Centro de Formación y Desarrollo, para la divulgación de los  temas relevantes en el ámbito electoral, dirigido al personal del Servicio Profesional Electoral Nacional y de la Rama Administrativa del Organismo Público Local Electoral del Estado de Veracruz, y a la ciudadanía en general. ', 'Documento', '24', '128', '128');
INSERT INTO `actividades` VALUES ('129', '1', '31', '10', '3', 'Difundir ofertas académicas para la profesionalización y actualización del personal del Organismo Público Local Electoral del Estado de Veracruz, a través de instituciones públicas y privadas.', 'Actividad', '12', '129', '129');
INSERT INTO `actividades` VALUES ('130', '1', '31', '10', '4', 'Desarrollar y dar seguimiento a actividades recreativas como círculos de lectura y pausas para la salud, dirigido al personal del Organismo Público Local Electoral del Estado de Veracruz.', 'Actividad', '15', '130', '130');
INSERT INTO `actividades` VALUES ('131', '1', '31', '10', '5', 'Promover un sistema de evaluación de desempeño para medir el rendimiento del personal de la rama administrativa que estará asociado al cumplimiento de metas y objetivos institucionales', 'Actividad', '10', '131', '131');
INSERT INTO `actividades` VALUES ('132', '1', '31', '10', '6', 'Promover diplomado en materia político-electoral, en convenio con una institución pública o privada, dirigida al personal del Organismo Público Local Electoral del Estado de Veracruz.', 'Actividad', '6', '132', '132');
INSERT INTO `actividades` VALUES ('133', '1', '32', '11', '1', 'Transmitir vía internet las sesiones del Consejo General y los eventos institucionales más relevantes.		', 'Actividad', '12', '133', '133');
INSERT INTO `actividades` VALUES ('134', '1', '32', '11', '2', 'Apoyar en materia informática eventos solicitados por las diferentes áreas del Organismo Público Local Electoral del Estado de Veracruz.', 'Actividad', '12', '134', '134');
INSERT INTO `actividades` VALUES ('135', '1', '33', '11', '1', 'Asesorar y brindar soporte técnico correctivo, a las diferentes áreas que integran este Organismo, en materia de cómputo, redes y comunicaciones.', 'Informe', '11', '135', '135');
INSERT INTO `actividades` VALUES ('136', '1', '33', '11', '2', 'Realizar permanentemente el mantenimiento preventivo del equipo de cómputo y de la red institucional.', 'Actividad', '12', '136', '136');
INSERT INTO `actividades` VALUES ('137', '1', '34', '11', '1', 'Elaborar el programa de innovación tecnológica para el desarrollo de sistemas informáticos (primera etapa).', 'Actividad', '11', '137', '137');
INSERT INTO `actividades` VALUES ('138', '1', '35', '11', '1', 'Actualizar permanentemente el portal web del Organismo Público Local Electoral del Estado de Veracruz. (www.oplever.org.mx).', 'Actividad', '12', '138', '138');
INSERT INTO `actividades` VALUES ('139', '1', '35', '11', '2', 'Actualizar y modernizar los Servicios Web institucionales tales como el correo electrónico y servidores de aplicaciones, utilizando sistemas gestores de contenidos y jerarquización, nuevo diseño gráfico, alta seguridad y visualización en distintas plataformas.', 'Informe', '11', '139', '139');
INSERT INTO `actividades` VALUES ('140', '1', '36', '12', '1', 'Promover el sistema integral  de planeación, seguimiento y evaluación institucional ', 'Documento', '4', '140', '140');
INSERT INTO `actividades` VALUES ('141', '1', '36', '12', '2', 'Actualizar en el marco de la normatividad aplicable al Organismo Público Local Electoral del Estado de Veracruz los manuales administrativos requeridos, coadyuvando en la elaboración y vigencia de los mismos.', 'Actividad', '2', '141', '141');
INSERT INTO `actividades` VALUES ('142', '1', '36', '12', '3', 'Promover la capacitación del personal de la Unidad Técnica de Planeación en temas de administración pública', 'Capacitación', '2', '142', '142');
INSERT INTO `actividades` VALUES ('143', '1', '37', '12', '1', 'Coordinar, en su caso con la Secretaría Ejecutiva,  la reprogramación del Programa Operativo Anual 2019 del Organismo Público Local Electoral del Estado de Veracruz.', 'Documento', '1', '143', '143');
INSERT INTO `actividades` VALUES ('144', '1', '37', '12', '2', 'Orientar en la aplicación de los lineamientos normativos para el uso generalizado del Sistema Integral de Planeación, Seguimiento y Evaluación por las áreas del Organismo Público Local Electoral del Estado de Veracruz, estimulando el desarrollo de herramientas para el Sistema Integral del área.', 'Capacitación ', '1', '144', '144');
INSERT INTO `actividades` VALUES ('145', '1', '37', '12', '3', 'Coordinar con las áreas del Organismo Público Local Electoral del Estado de Veracruz el desarrollo de proyectos institucionales en materia de planeación, así como las actividades internas ', 'Informe', '3', '145', '145');
INSERT INTO `actividades` VALUES ('146', '1', '37', '12', '4', 'Entregar la programación de las actividades del Programa Operativo Anual 2020  para la formulación del  anteproyecto de Presupuesto del Organismo Público Local Electoral del Estado de Veracruz. ', 'Documento', '1', '146', '146');
INSERT INTO `actividades` VALUES ('147', '1', '37', '12', '5', 'Coadyuvar con la Dirección Ejecutiva de Administración, en el diseño e implementación de propuestas metodológicas aplicadas a la formulación de la Cartera Institucional de Proyectos.', 'Documento', '1', '147', '147');
INSERT INTO `actividades` VALUES ('148', '1', '37', '12', '6', 'Coordinar, con la Secretaria Ejecutiva, la elaboración del Programa Operativo Anual,  Cédulas Descriptivas de Indicadores del Organismo Público Local Electoral del Estado de Veracruz.', 'Documento', '1', '148', '148');
INSERT INTO `actividades` VALUES ('149', '1', '38', '12', '1', 'Realizar el Indicador de Eficacia Programática 2018.', 'Documento', '1', '149', '149');
INSERT INTO `actividades` VALUES ('150', '1', '38', '12', '2', 'Elaborar los Avances Programáticos Trimestrales del Programa Operativo Anual 2018 y  2019.', 'Informe', '4', '150', '150');
INSERT INTO `actividades` VALUES ('151', '1', '38', '12', '3', 'Realizar la evaluación mensual del Programa Operativo Anual e Indicadores 2018-2019.', 'Evaluación', '12', '151', '151');
INSERT INTO `actividades` VALUES ('152', '1', '38', '12', '4', 'Integrar el Catálogo de Indicadores Aplicados 2018 y entregar el informe respectivo a la Secretaría Ejecutiva.', 'Informe', '1', '152', '152');
INSERT INTO `actividades` VALUES ('153', '1', '39', '13', '1', 'Sustanciar las peticiones en las que se solicite la certificación de actos, hechos y documentos, de la función de oficialía electoral.', 'Actividad', '12', '153', '153');
INSERT INTO `actividades` VALUES ('154', '1', '39', '13', '2', 'Realizar el registro y digitalización de los expedientes integrados con motivo de las peticiones del ejercicio de la función de Oficialía Electoral.', 'Actividad', '12', '154', '154');
INSERT INTO `actividades` VALUES ('155', '1', '39', '13', '3', 'Elaborar el informe mensual de peticiones de la Unidad Técnica de Oficialía Electoral, para su presentación a la Secretaría Ejecutiva.', 'Documento', '12', '155', '155');
INSERT INTO `actividades` VALUES ('156', '1', '39', '13', '4', 'Emitir las certificaciones correspondientes de las actas generadas con motivo de la función de oficialía electoral. ', 'Documento', '12', '156', '156');
INSERT INTO `actividades` VALUES ('157', '1', '39', '13', '5', 'Ajustar a la norma aplicable el archivo de expedientes integrados con motivo de las peticiones de la función de Oficialía Electoral', 'Reporte ', '4', '157', '157');
INSERT INTO `actividades` VALUES ('158', '1', '39', '13', '6', 'Proponer al Secretario Ejecutivo la delegación y/o revocación de la función de oficialía electoral  del personal del Organismo Público Local Electoral del Estado de Veracruz.', 'Documento', '3', '158', '158');
INSERT INTO `actividades` VALUES ('159', '1', '39', '13', '7', 'Difundir la función de Oficialía Electoral a los Partidos Políticos, Órganos Internos del Organismo Público Local Electoral del Estado de Veracruz e instituciones educativas', 'Informe', '2', '159', '159');
INSERT INTO `actividades` VALUES ('160', '1', '40', '14', '1', 'Elaborar el Informe Trimestral 2018-2019, para presentar ante la Junta Ejecutiva.    ', 'Informe ', '4', '160', '160');
INSERT INTO `actividades` VALUES ('161', '1', '40', '14', '2', 'Prever lo necesario y coordinar la logística para la adecuada organización y desarrollo de las sesiones del Consejo General.', 'Acción', '18', '161', '161');
INSERT INTO `actividades` VALUES ('162', '1', '40', '14', '3', 'Prever lo necesario y coordinar la logística para la adecuada organización y desarrollo de las sesiones de las Comisiones del Consejo General y de la Junta General Ejecutiva.', 'Acción', '36', '162', '162');
INSERT INTO `actividades` VALUES ('163', '1', '40', '14', '4', 'Auxiliar a la Secretaría Ejecutiva en la elaboración y notificación de documentación para las y los integrantes del Consejo General. ', 'Documento', '180', '163', '163');
INSERT INTO `actividades` VALUES ('164', '1', '40', '14', '5', 'Elaborar las infografías derivadas de los Acuerdos, Informes y/o Resoluciones aprobados en Consejo General.', 'Actividad', '12', '164', '164');
INSERT INTO `actividades` VALUES ('165', '1', '40', '14', '6', 'Apoyar a las áreas del Organismo Público Local Electoral del Estado de Veracruz con el audio para sus eventos. ', 'Acción', '12', '165', '165');
INSERT INTO `actividades` VALUES ('166', '1', '40', '14', '7', 'Apoyar en la logística de las reuniones de las y los integrantes del Consejo General.', 'Acción ', '12', '166', '166');
INSERT INTO `actividades` VALUES ('167', '1', '41', '14', '1', 'Auxiliar a la Presidencia del Consejo y a la Secretaría Ejecutiva en la elaboración y notificación de las convocatorias y ordenes del día a las y los integrantes del Consejo General.', 'Acción', '252', '167', '167');
INSERT INTO `actividades` VALUES ('168', '1', '41', '14', '2', 'Elaborar los guiones para las Sesiones del Consejo General.', 'Documento ', '18', '168', '168');
INSERT INTO `actividades` VALUES ('169', '1', '41', '14', '3', 'Coadyuvar con las diversas áreas del Organismo Público Local Electoral del Estado de Veracruz en la elaboración de los Proyectos de Acuerdos, Informes y/o Resoluciones del Consejo General.', 'Orden del día', '19', '169', '169');
INSERT INTO `actividades` VALUES ('170', '1', '41', '14', '4', 'Reproducir y circular el material de Sesiones del Consejo General a las y los integrantes del mismo, de manera física, digital o correo electrónico, según sea el caso.', 'Acción', '252', '170', '170');
INSERT INTO `actividades` VALUES ('171', '1', '41', '14', '5', 'Elaborar los proyectos de Actas de las Sesiones del Consejo General.', 'Documento ', '252', '171', '171');
INSERT INTO `actividades` VALUES ('172', '1', '41', '14', '6', 'Auxiliar a las Comisiones del Consejo General y Junta General Ejecutiva en la notificación de sus sesiones.', 'Documento ', '36', '172', '172');
INSERT INTO `actividades` VALUES ('173', '1', '41', '14', '7', 'Notificar los Acuerdos y/o Resoluciones aprobados por las y los integrantes del Consejo General.', 'Documento ', '252', '173', '173');
INSERT INTO `actividades` VALUES ('174', '1', '41', '14', '8', 'Realizar y notificar los oficios derivados de los Acuerdos y/o Resoluciones aprobados por el Consejo General, que impliquen un cumplimiento.', 'Acción', '12', '174', '174');
INSERT INTO `actividades` VALUES ('175', '1', '41', '14', '9', 'Proporcionar a las Comisiones del Consejo General los audios de sus sesiones.', 'Documento ', '36', '175', '175');
INSERT INTO `actividades` VALUES ('176', '1', '41', '14', '10', 'Coadyuvar con la Unidad Técnica de Servicios Informáticos en actualizar el Sistema de Sesiones del Consejo General. ', 'Acción ', '12', '176', '176');
INSERT INTO `actividades` VALUES ('177', '1', '42', '14', '1', 'Digitalizar, publicar y archivar los Acuerdos, Informes, Actas de las Sesiones y/o Resoluciones que emita el Consejo General 2018 - 2019.', 'Informe', '12', '177', '177');
INSERT INTO `actividades` VALUES ('178', '1', '42', '14', '2', 'Archivar digitalmente los audios y/o videos de las Sesiones del Consejo General 2018 - 2019.', 'Informe', '12', '178', '178');
INSERT INTO `actividades` VALUES ('179', '1', '43', '15', '1', 'Promover la capacitación del personal de la Unidad Técnica de Vinculación, referente a las actividades que se desarrollan en las diferentes etapas en los procesos electorales.', 'Documento', '3', '179', '179');
INSERT INTO `actividades` VALUES ('180', '1', '43', '15', '2', 'Elaborar manuales técnicos y operativos de las actividades de los procesos electorales para los Órganos Desconcentrados, documentando procesos para próximas elecciones.', 'Actividad', '7', '180', '180');
INSERT INTO `actividades` VALUES ('181', '1', '44', '16', '1', 'Integrar, bajo la supervisión de la Presidencia, los informes trimestrales y anual, mismos que deberán presentarse a la Junta y al Consejo General, respectivamente.', 'Informe', '5', '181', '181');
INSERT INTO `actividades` VALUES ('182', '1', '44', '16', '2', 'Realizar \"Diagnóstico laboral sobre clima organizacional y género\".', 'Actividad', '2', '182', '182');
INSERT INTO `actividades` VALUES ('183', '1', '44', '16', '3', 'Realizar Compendio Electoral traducido en lenguas indígenas en coordinación con Instituciones afines .', 'Documento', '3', '183', '183');
INSERT INTO `actividades` VALUES ('184', '1', '44', '16', '4', 'Realizar en coordinación con la Unidad Técnica de Comunicación Social,  la campaña de difusión con perspectiva de género e inclusión a grupos vulnerables. ', 'Actividad', '1', '184', '184');
INSERT INTO `actividades` VALUES ('185', '1', '45', '16', '1', 'Desarrollar la campaña de \"Igualdad de Género y no Discriminación\".', 'Actividad', '3', '185', '185');
INSERT INTO `actividades` VALUES ('186', '1', '45', '16', '2', 'Realizar acciones de capacitación y difusión dirigidas a las autoridades estatales, municipales, organismos autonómos, partidos políticos y asociaciones políticas, con el objeto de sancionar y erradicar la violencia política.', 'Documento', '2', '186', '186');
INSERT INTO `actividades` VALUES ('187', '1', '45', '16', '3', 'Brindar apoyo especializado y asesoría a las Direcciones Ejecutivas, Unidades Técnicas y órganos desconcentrados, en la formulación de sus políticas, programas y proyectos para hacerlos congruentes con el lenguaje incluyente. ', 'Documento', '2', '187', '187');
INSERT INTO `actividades` VALUES ('188', '1', '45', '16', '4', 'Promover la firma de convenios con organizaciones e instituciones afines.', 'Convenio', '2', '188', '188');
INSERT INTO `actividades` VALUES ('189', '1', '45', '16', '5', 'Realizar para vincular a las organizaciones políticas en materia de  género y no discriminación. ', 'Actividad', '2', '189', '189');
INSERT INTO `actividades` VALUES ('190', '1', '45', '16', '6', 'Promover la capacitación para el fortalecimiento del personal del Organismo Público Local Electoral del Estado de Veracruz a través del cuerpo de replicadores y replicadoras del Instituto Veracruzano de las Mujeres en materia de género y no discriminación.', 'Actividad', '2', '190', '190');
INSERT INTO `actividades` VALUES ('191', '1', '46', '16', '1', 'Propiciar espacios laborales libres de violencia al atender las responsabilidades que correspondan del Protocolo para la prevención y atención y sanción del hostigamiento y acoso sexual o laboral. ', 'Actividad', '3', '191', '191');
INSERT INTO `actividades` VALUES ('192', '1', '46', '16', '2', 'Revisar el Diagnóstico de autoevaluación de la Norma Mexicana X-R-025-SCFI-2015, para su aplicación en el Organismo Público Local Electoral del Estado de Veracruz.', 'Documento ', '2', '192', '192');
INSERT INTO `actividades` VALUES ('193', '1', '46', '16', '3', 'Dar seguimiento y difusión a los lineamientos de lenguaje incluyente y código de ética.', 'Actividad', '2', '193', '193');
INSERT INTO `actividades` VALUES ('194', '1', '46', '16', '4', 'Crear redes entre las unidades de género interinstitucionales, para capacitación en materia de violencia laboral.', 'Actividad', '3', '194', '194');
INSERT INTO `actividades` VALUES ('195', '1', '46', '16', '5', 'Realizar las labores de vigilancia del desarrollo e implementación de prácticas de igualdad laboral e inclusión en el Organismo Público Local Electoral del Estado de Veracruz,', 'Actividad', '3', '195', '195');
INSERT INTO `actividades` VALUES ('196', '1', '47', '16', '1', 'Dar seguimiento y analizar la información que se genere acerca del desarrollo y cumplimiento de los programas y proyectos institucionales en materia de igualdad de género y no discriminación, para apoyar la toma oportuna de decisiones, en coordinación con la Unidad Técnica de Planeación.   ', 'Actividad', '2', '196', '196');
INSERT INTO `actividades` VALUES ('197', '1', '47', '16', '2', 'Generar estrategias para reducir brechas de género. ', 'Actividad', '3', '197', '197');
INSERT INTO `actividades` VALUES ('198', '1', '47', '16', '3', 'Realizar censo institucional para  conocer número de mujeres y hombres que laboran en el Organismo Público Local Electoral del Estado de Veracruz. ', 'Documento', '2', '198', '198');
INSERT INTO `actividades` VALUES ('199', '1', '47', '16', '4', 'Realizar censo para conocer el número de mujeres que están a cargo de un puesto de toma de decisión.', 'Actividad', '2', '199', '199');
INSERT INTO `actividades` VALUES ('200', '1', '47', '16', '5', 'Implementar programa en materia de igualdad de género y no discriminación.', 'Actividad', '1', '200', '200');
INSERT INTO `actividades` VALUES ('201', '1', '47', '16', '6', 'Elaborar y presentar datos estadísticos de la brecha de género que existe entre el personal del Organismo Público Local Electoral del Estado de Veracruz.', 'Documento', '1', '201', '201');
INSERT INTO `actividades` VALUES ('202', '1', '48', '16', '1', 'Realizar evento para Conmemorar el Día Nacional de la Mujer Mexicana.', 'Evento', '1', '202', '202');
INSERT INTO `actividades` VALUES ('203', '1', '48', '16', '2', 'Realizar evento para Conmemorar el Día Internacional de la Mujer. ', 'Evento', '1', '203', '203');
INSERT INTO `actividades` VALUES ('204', '1', '48', '16', '3', 'Realizar taller de convivencia para hijas e hijos del personal del Organismo Público Local Electoral del Estado de Veracruz.', 'Taller', '1', '204', '204');
INSERT INTO `actividades` VALUES ('205', '1', '48', '16', '4', 'Promover curso en materia de derechos humanos para Personal del Organismo Público Local Electoral del Estado de Veracruz.', 'Curso', '1', '205', '205');
INSERT INTO `actividades` VALUES ('206', '1', '48', '16', '5', 'Realizar foro para la Población Lésbico Gay Bisexual Transgénero Travesti Transexual e Intersexual (LGBTTTI).', 'Foro', '1', '206', '206');
INSERT INTO `actividades` VALUES ('207', '1', '48', '16', '6', 'Realizar conversatorio para conmemorar el Día Internacional de las Mujeres Indígenas. ', 'Evento', '1', '207', '207');
INSERT INTO `actividades` VALUES ('208', '1', '48', '16', '7', 'Realizar conferencia para Conmemorar el Día del sufragio Femenino en México. ', 'Conferencia', '1', '208', '208');
INSERT INTO `actividades` VALUES ('209', '1', '48', '16', '8', 'Realizar evento para Conmemorar el Día Internacional de la Eliminación de la Violencia contra la Mujer. ', 'Evento', '1', '209', '209');
INSERT INTO `actividades` VALUES ('210', '1', '48', '16', '9', 'Realizar evento para Conmemorar el Día Internacional de las Personas con Discapacidad. ', 'Evento', '1', '210', '210');
INSERT INTO `actividades` VALUES ('211', '1', '49', '17', '1', 'Validar  los instrumentos de clasificación archivística ante el Archivo General del Estado. ', 'Documento', '1', '211', '211');
INSERT INTO `actividades` VALUES ('212', '1', '49', '17', '2', 'Elaborar y remitir los informes al Instituto Veracruzano de Acceso a la Información y Protección de Datos Personales de conformidad con la normatividad de la materia,  durante el ejercicio 2018-2019.', 'Informe ', '5', '212', '212');
INSERT INTO `actividades` VALUES ('213', '1', '49', '17', '3', 'Exhortar a todas las unidades administrativas a publicar y actualizar la información derivada de sus obligaciones de Transparencia en el Sistema de Portales de Obligaciones de Transparencia (SIPOT) de la Plataforma Nacional de Transparencia, así como en el portal de obligaciones de este Organismo Electoral, durante el ejercicio 2019.', 'Documento', '64', '213', '213');
INSERT INTO `actividades` VALUES ('214', '1', '49', '17', '4', 'Actualizar en coordinación con las áreas del Organismo, los instrumentos de clasificación archivística de acuerdo a los lineamientos para catalogar, clasificar y conservar los documentos y la organización de archivos de los ejercicios 2018 y 2019.', 'Documento', '34', '214', '214');
INSERT INTO `actividades` VALUES ('215', '1', '49', '17', '5', 'Dar seguimiento a los requerimientos que las áreas presenten ante el Comité de Transparencia. ', 'Documento', '12', '215', '215');
INSERT INTO `actividades` VALUES ('216', '1', '49', '17', '6', 'Recibir y substanciar las solicitudes de acceso a la información y las solicitudes de acceso, rectificación, cancelación y oposición, así como operar el sistema de información fon-oplev de los ejercicios 2018 y 2019.', 'Informe ', '12', '216', '216');
INSERT INTO `actividades` VALUES ('217', '1', '49', '17', '7', 'Distribuir los materiales didácticos necesarios en materia de acceso a la información, obligaciones de transparencia, datos personales y en materia de archivo para su difusión en oficinas centrales.', 'Documento', '48', '217', '217');
INSERT INTO `actividades` VALUES ('218', '1', '50', '17', '1', 'Promover capacitación para el personal del Organismo Público Local Electoral del Estado de Veracruz en materia de Transparencia y Acceso a la Información y obligaciones de Transparencia.', 'Documento', '32', '218', '218');
INSERT INTO `actividades` VALUES ('219', '1', '50', '17', '2', 'Elaborar y presentar los informes correspondientes ante las autoridades competentes para solventar los medios de impugnación en materia de acceso a la información, obligaciones de transparencia y datos personales.', 'Informe', '3', '219', '219');
INSERT INTO `actividades` VALUES ('220', '1', '51', '17', '1', 'Elaborar programa anual de trabajo en materia de datos personales para su aplicación en el Órgano Central del Organismo Público Local Electoral del Estado de Veracruz.', 'Documento ', '1', '220', '220');
INSERT INTO `actividades` VALUES ('221', '1', '51', '17', '2', 'Supervisar que las áreas del Organismo Público Local Electoral del Estado de Veracruz cumplan con las obligaciones que establece la normatividad vigente en materia de Datos Personales. ', 'Reporte', '4', '221', '221');
INSERT INTO `actividades` VALUES ('222', '1', '51', '17', '3', 'Promover la capacitación para el personal del Organismo Público Local Electoral del Estado de Veracruz en materia de Datos Personales. ', 'Documento ', '32', '222', '222');
INSERT INTO `actividades` VALUES ('223', '1', '52', '17', '1', 'Elaborar Manual para la realización de transferencias primarias y secundarias del archivo. ', 'Documento ', '1', '223', '223');
INSERT INTO `actividades` VALUES ('224', '1', '52', '17', '2', 'Dar seguimiento a la adecuación del área física del lugar donde se ubique el archivo institucional del Organismo Público Local Electoral del Estado de Veracruz', 'Documento ', '2', '224', '224');
INSERT INTO `actividades` VALUES ('225', '1', '52', '17', '3', 'Promover la capacitación del personal que funge como responsable de los archivos de Trámite, Concentración e Histórico, del Organismo Público Local Electoral del Estado de Veracruz.', 'Asesorías', '3', '225', '225');
INSERT INTO `actividades` VALUES ('226', '1', '52', '17', '4', 'Promover  los mecanismos del Sistema de administración de archivos y gestión documental.', 'Documento ', '3', '226', '226');
INSERT INTO `actividades` VALUES ('227', '1', '52', '17', '5', 'Coordinar la elaboración de los inventarios primarios.', 'Documento ', '34', '227', '227');
INSERT INTO `actividades` VALUES ('228', '1', '52', '17', '6', 'Elaborar el Programa Anual de Desarrollo Archivístico 2020.', 'Documento ', '1', '228', '228');
INSERT INTO `actividades` VALUES ('229', '1', '53', '18', '1', 'Asistir a cursos de actualización y capacitación profesional en los temas de Auditoría y Control Interno.', 'Actividad', '12', '229', '229');
INSERT INTO `actividades` VALUES ('230', '1', '53', '18', '2', 'Participar en los procedimientos que se generen al interior del Comité y Subcomité de Adquisiciones, Arrendamientos, Administración y Enajenación de Bienes Muebles.', 'Actividad', '16', '230', '230');
INSERT INTO `actividades` VALUES ('231', '1', '53', '18', '3', 'Realizar la fiscalización de los ingresos y egresos del Organismo Público Local Electoral del Estado de Veracruz durante el ejercicio 2019.', 'Actividad', '236', '231', '231');
INSERT INTO `actividades` VALUES ('232', '1', '53', '18', '4', 'Dar seguimiento a las acciones correctivas implementadas como resultado de las observaciones y recomendaciones de la auditoría interna, así como la realizada a la cuenta pública por el Órgano de Fiscalización Superior del Estado.', 'Actividad', '8', '232', '232');
INSERT INTO `actividades` VALUES ('233', '1', '53', '18', '5', 'Actualizar y armonizar la normatividad de la Contraloría General para establecer las bases para la implementación del Sistema de Información de Auditoría.', 'Actividad', '10', '233', '233');
INSERT INTO `actividades` VALUES ('234', '1', '53', '18', '6', 'Verificar que las áreas del Organismo cumplan con las actividades descritas en la normatividad y en los programas establecidos. ', 'Actividad', '4', '234', '234');
INSERT INTO `actividades` VALUES ('235', '1', '53', '18', '7', 'Practicar la revisión de los Informes de la Gestión Financiera del cuarto trimestre de 2018, así como del primero, segundo y tercer trimestre de 2019, emitiendo las observaciones y recomendaciones que mejoren el ámbito de control del Organismo Público Local Electoral del Estado de Veracruz.', 'Actividad', '4', '235', '235');
INSERT INTO `actividades` VALUES ('236', '1', '54', '18', '1', 'Asistir a cursos de actualización y capacitación profesional en los temas de Responsabilidades y Jurídico, Situación Patrimonial y Conflicto de Interés.', 'Actividad', '12', '236', '236');
INSERT INTO `actividades` VALUES ('237', '1', '54', '18', '2', 'Inscribir y actualizar el sistema de evolución patrimonial, de declaración de intereses y constancia de presentación de declaración fiscal de los servidores públicos electorales del Órgano Central; verificar la situación o posible actualización de algún Conflicto de Interés, llevar el seguimiento de la evolución y la verificación de la situación patrimonial.', 'Registro', '121', '237', '237');
INSERT INTO `actividades` VALUES ('238', '1', '54', '18', '3', 'Investigar denuncias, quejas o asuntos oficiosos, en contra de servidores públicos del órgano central del Organismo Público Local Electoral del Estado de Veracruz por incumplimiento a obligaciones en el servicio público electoral; calificar las conductas detectadas y; en su caso, remitir el expediente al Tribunal Estatal de Justicia Administrativa, tratándose de conductas administrativa graves. ', 'Expediente', '553', '238', '238');
INSERT INTO `actividades` VALUES ('239', '1', '54', '18', '4', 'Atender las consultas de carácter administrativo, operacional y normativo de las áreas del Organismo Público Local Electoral del Estado de Veracruz y resolver los medios de impugnación en contra de actos emitidos por la Contraloría General o por inconformidades presentadas por licitantes o proveedores.', 'Expediente', '51', '239', '239');
INSERT INTO `actividades` VALUES ('240', '1', '54', '18', '5', 'Substanciar y resolver los asuntos por conductas no graves, en contra de servidores públicos del Órgano Central del Organismo Público Local Electoral del Estado de Veracruz por incumplimiento a obligaciones en el servicio público electoral; y su registro.', 'Expediente', '503', '240', '240');
INSERT INTO `actividades` VALUES ('241', '1', '54', '18', '6', 'Organizar el Coloquio: Mecanismos de prevención e instrumentos de rendición de cuentas.', 'Evento', '1', '241', '241');
INSERT INTO `actividades` VALUES ('242', '3', '1', '3', '1', 'Elaborar un estudio retrospectivo sobre el financiamiento público ministrado a los partidos políticos en el periodo comprendido de 2013 a 2018; y coordinar un evento para su presentación.', 'Estudio', '4', '242', '242');
INSERT INTO `actividades` VALUES ('243', '3', '1', '3', '2', 'Elaborar un estudio en coadyuvancia con la Unidad Técnica de Igualdad de Género e Inclusión respecto al impacto de las acciones afirmativas de género e indígena, en la integración de la nómina de candidaturas de partidos políticos y coaliciones; así como en la integración de los órganos de gobierno y representación política; y coordinar un evento para exponer dicho estudio.	', 'Estudio', '4', '243', '243');
INSERT INTO `actividades` VALUES ('244', '3', '1', '3', '3', 'Elaborar un estudio respecto a la participación de las candidaturas independientes en el estado de Veracruz en los procesos electorales locales ordinarios 2015-2016, 2016-2017 y 2017 -2018; y coordinar un evento para su presentación.', 'Estudio', '4', '244', '244');
INSERT INTO `actividades` VALUES ('245', '3', '2', '5', '1', 'Organizar la conferencia \"Avance de la Estrategia Nacional de la Cultura Cívica 2017-2023\" en Veracruz.', 'Evento', '1', '245', '245');
INSERT INTO `actividades` VALUES ('246', '3', '2', '5', '2', 'Participar con un stand informativo en la Feria Internacional del Libro Universitario 2019.', 'Actividad', '1', '246', '246');
INSERT INTO `actividades` VALUES ('247', '3', '2', '5', '3', 'Organizar la primer convocatoria dirigida al personal del Organismo para la elaboración de ensayos académicos sobre construcción de ciudadanía.', 'Convocatoria', '1', '247', '247');
INSERT INTO `actividades` VALUES ('248', '3', '2', '5', '4', 'Gestionar la impartición de un taller en la Feria Nacional del Libro Infantil y Juvenil Xalapa 2019.', 'Documento', '1', '248', '248');
INSERT INTO `actividades` VALUES ('249', '3', '2', '5', '5', 'Realizar un evento conmemorativo en la fecha de aprobación de la Carta Democrática Interamericana, destacando la celebración periódica de procesos electorales', 'Evento', '1', '249', '249');
INSERT INTO `actividades` VALUES ('250', '3', '3', '8', '1', 'Fortalecer las competencias de planeación para un Programa Anual de Trabajo estratégico de las Asociaciones Políticas Estatales.', 'Informe', '3', '250', '250');
INSERT INTO `actividades` VALUES ('251', '3', '3', '8', '2', 'Realizar un diagnóstico de las obligaciones de las Asociaciones Políticas Estatales con registro en Veracruz.', 'Diagnóstico', '1', '251', '251');
INSERT INTO `actividades` VALUES ('252', '3', '3', '8', '3', 'Generar un estudio de desarrollo e impulso para las Asociaciones Políticas Estatales.', 'Informe', '1', '252', '252');
INSERT INTO `actividades` VALUES ('253', '3', '4', '10', '1', 'Realizar el foro \"Análisis del proceso electoral 2017-2018\", con especialistas en materia electoral.', 'Foro', '1', '253', '253');
INSERT INTO `actividades` VALUES ('254', '3', '5', '10', '1', 'Edición de Colección Glosas de Cultura Democrática (libros)', 'Documento', '2', '254', '254');
INSERT INTO `actividades` VALUES ('255', '3', '6', '16', '1', 'Potenciar y fortalecer el liderazgo activo y propositivo de mujeres indígenas desarrollando capacidades técnicas, políticas, jurídico-legales  y manejo de herramientas básicas de atención a sus derechos políticos electorales a través de reuniones trimestrales. ', 'Reunión', '4', '255', '255');
INSERT INTO `actividades` VALUES ('256', '3', '7', '17', '1', 'Fomentar, ampliar y fortalecer los conocimientos del personal del Organismo Público Local Electoral del Estado de Veracruz; a través de un concurso en materia de protección de datos personales.', 'Evento', '1', '256', '256');
INSERT INTO `actividades` VALUES ('257', '4', '1', '3', '1', 'Recibir y tramitar las solicitudes de los apoyos para las tareas editoriales, de capacitación, educación e investigación socioeconómica y política, de las Asociaciones Políticas Estatales; y recabar los comprobantes correspondientes.', 'Documento', '11', '257', '257');
INSERT INTO `actividades` VALUES ('258', '4', '1', '3', '2', 'Tramitar el pago del financiamiento público para las actividades ordinarias permanentes, y actividades específicas de los partidos políticos; y recabar los comprobantes correspondientes.', 'Documento', '12', '258', '258');

-- ----------------------------
-- Table structure for `areas`
-- ----------------------------
DROP TABLE IF EXISTS `areas`;
CREATE TABLE `areas` (
  `idarea` int(11) DEFAULT NULL,
  `nombrearea` varchar(80) DEFAULT NULL,
  `abreviatura` varchar(30) DEFAULT NULL
) ENGINE=InnoDB DEFAULT CHARSET=utf8;

-- ----------------------------
-- Records of areas
-- ----------------------------
INSERT INTO `areas` VALUES ('1', 'Consejo General', 'CG');
INSERT INTO `areas` VALUES ('2', 'Secretaria Ejecutiva', 'SE');
INSERT INTO `areas` VALUES ('3', 'Dirección Ejecutiva Prerrogativas y Partidos Políticos', 'DEPPP');
INSERT INTO `areas` VALUES ('4', 'Dirección Ejecutiva de Organización Electoral', 'DEOE');
INSERT INTO `areas` VALUES ('5', 'Dirección Ejecutiva de Capacitación Electoral y Educación Cívica', 'DECEYEC');
INSERT INTO `areas` VALUES ('6', 'Dirección Ejecutiva de Administración', 'DEA');
INSERT INTO `areas` VALUES ('7', 'Dirección Ejecutiva de Asuntos Jurídicos', 'DEAJ');
INSERT INTO `areas` VALUES ('8', 'Unidad de Fiscalización', 'UF');
INSERT INTO `areas` VALUES ('9', 'Unidad Técnica de Comunicación Social', 'UTCS');
INSERT INTO `areas` VALUES ('10', 'Unidad Técnica del Centro de Formación y Desarrollo', 'UTCFD');
INSERT INTO `areas` VALUES ('11', 'Unidad Técnica de Servicios Informáticos', 'UTSI');
INSERT INTO `areas` VALUES ('12', 'Unidad Técnica de Planeación', 'UTP');
INSERT INTO `areas` VALUES ('13', 'Unidad Técnica de Oficialía Electoral', 'UTOE');
INSERT INTO `areas` VALUES ('14', 'Unidad Técnica de Secretariado', 'UTS');
INSERT INTO `areas` VALUES ('15', 'Unidad Técnica de Vinculación con Órganos Desconcentrados', 'UTVODES');
INSERT INTO `areas` VALUES ('16', 'Unidad Técnica de Igualdad de Género e Inclusión', 'UTIGI');
INSERT INTO `areas` VALUES ('17', 'Unidad Técnica de Transparencia', 'UTT');
INSERT INTO `areas` VALUES ('18', 'Contraloría General', 'CONTRALORIA');

-- ----------------------------
-- Table structure for `detalleactividades`
-- ----------------------------
DROP TABLE IF EXISTS `detalleactividades`;
CREATE TABLE `detalleactividades` (
  `autodetalleacti` int(11) DEFAULT NULL,
  `descripcion` text,
  `soporte` text,
  `observaciones` text,
  `periodo` varchar(10) DEFAULT NULL,
  `idmes` int(11) DEFAULT NULL,
  `autoactividades` int(11) DEFAULT NULL,
  `idarea` int(11) DEFAULT NULL,
  `idprograma` int(11) DEFAULT NULL,
  `numactividad` int(11) DEFAULT NULL
) ENGINE=InnoDB DEFAULT CHARSET=utf8;

-- ----------------------------
-- Records of detalleactividades
-- ----------------------------
INSERT INTO `detalleactividades` VALUES ('1', '', '', '', '2019', '1', '1', '1', '1', '1');
INSERT INTO `detalleactividades` VALUES ('2', '', '', '', '2019', '1', '2', '1', '1', '2');
INSERT INTO `detalleactividades` VALUES ('3', '', '', '', '2019', '1', '3', '1', '1', '3');
INSERT INTO `detalleactividades` VALUES ('4', '', '', '', '2019', '1', '4', '1', '1', '4');
INSERT INTO `detalleactividades` VALUES ('5', '', '', '', '2019', '1', '5', '2', '1', '1');
INSERT INTO `detalleactividades` VALUES ('6', '', '', '', '2019', '1', '6', '2', '1', '2');
INSERT INTO `detalleactividades` VALUES ('7', '', '', '', '2019', '1', '7', '2', '1', '3');
INSERT INTO `detalleactividades` VALUES ('8', '', '', '', '2019', '1', '8', '2', '1', '4');
INSERT INTO `detalleactividades` VALUES ('9', '', '', '', '2019', '1', '9', '2', '1', '5');
INSERT INTO `detalleactividades` VALUES ('10', '', '', '', '2019', '1', '10', '2', '1', '6');
INSERT INTO `detalleactividades` VALUES ('11', '', '', '', '2019', '1', '11', '2', '1', '1');
INSERT INTO `detalleactividades` VALUES ('12', '', '', '', '2019', '1', '12', '2', '1', '2');
INSERT INTO `detalleactividades` VALUES ('13', '', '', '', '2019', '1', '13', '2', '1', '1');
INSERT INTO `detalleactividades` VALUES ('14', '', '', '', '2019', '1', '14', '2', '1', '2');
INSERT INTO `detalleactividades` VALUES ('15', '', '', '', '2019', '1', '15', '2', '1', '3');
INSERT INTO `detalleactividades` VALUES ('16', '', '', '', '2019', '1', '16', '2', '1', '4');
INSERT INTO `detalleactividades` VALUES ('17', '', '', '', '2019', '1', '17', '2', '1', '1');
INSERT INTO `detalleactividades` VALUES ('18', '', '', '', '2019', '1', '18', '2', '1', '1');
INSERT INTO `detalleactividades` VALUES ('19', '', '', '', '2019', '1', '19', '2', '1', '2');
INSERT INTO `detalleactividades` VALUES ('20', '', '', '', '2019', '1', '20', '2', '1', '3');
INSERT INTO `detalleactividades` VALUES ('21', '', '', '', '2019', '1', '21', '2', '1', '4');
INSERT INTO `detalleactividades` VALUES ('22', '', '', '', '2019', '1', '22', '2', '1', '5');
INSERT INTO `detalleactividades` VALUES ('23', '', '', '', '2019', '1', '23', '2', '1', '6');
INSERT INTO `detalleactividades` VALUES ('24', '', '', '', '2019', '1', '24', '2', '1', '7');
INSERT INTO `detalleactividades` VALUES ('25', '', '', '', '2019', '1', '25', '2', '1', '8');
INSERT INTO `detalleactividades` VALUES ('26', '', '', '', '2019', '1', '26', '2', '1', '1');
INSERT INTO `detalleactividades` VALUES ('27', '', '', '', '2019', '1', '27', '2', '1', '2');
INSERT INTO `detalleactividades` VALUES ('28', '', '', '', '2019', '1', '28', '2', '1', '3');
INSERT INTO `detalleactividades` VALUES ('29', '', '', '', '2019', '1', '29', '2', '1', '4');
INSERT INTO `detalleactividades` VALUES ('30', '', '', '', '2019', '1', '30', '2', '1', '1');
INSERT INTO `detalleactividades` VALUES ('31', '', '', '', '2019', '1', '31', '2', '1', '2');
INSERT INTO `detalleactividades` VALUES ('32', '', '', '', '2019', '1', '32', '3', '1', '1');
INSERT INTO `detalleactividades` VALUES ('33', '', '', '', '2019', '1', '33', '3', '1', '2');
INSERT INTO `detalleactividades` VALUES ('34', '', '', '', '2019', '1', '34', '3', '1', '3');
INSERT INTO `detalleactividades` VALUES ('35', '', '', '', '2019', '1', '35', '3', '1', '1');
INSERT INTO `detalleactividades` VALUES ('36', '', '', '', '2019', '1', '36', '3', '1', '2');
INSERT INTO `detalleactividades` VALUES ('37', '', '', '', '2019', '1', '37', '3', '1', '3');
INSERT INTO `detalleactividades` VALUES ('38', '', '', '', '2019', '1', '38', '3', '1', '4');
INSERT INTO `detalleactividades` VALUES ('39', '', '', '', '2019', '1', '39', '3', '1', '5');
INSERT INTO `detalleactividades` VALUES ('40', '', '', '', '2019', '1', '40', '3', '1', '6');
INSERT INTO `detalleactividades` VALUES ('41', '', '', '', '2019', '1', '41', '3', '1', '7');
INSERT INTO `detalleactividades` VALUES ('42', '', '', '', '2019', '1', '42', '3', '1', '8');
INSERT INTO `detalleactividades` VALUES ('43', '', '', '', '2019', '1', '43', '3', '1', '9');
INSERT INTO `detalleactividades` VALUES ('44', '', '', '', '2019', '1', '44', '3', '1', '10');
INSERT INTO `detalleactividades` VALUES ('45', '', '', '', '2019', '1', '45', '3', '1', '1');
INSERT INTO `detalleactividades` VALUES ('46', '', '', '', '2019', '1', '46', '3', '1', '2');
INSERT INTO `detalleactividades` VALUES ('47', '', '', '', '2019', '1', '47', '3', '1', '3');
INSERT INTO `detalleactividades` VALUES ('48', '', '', '', '2019', '1', '48', '4', '1', '1');
INSERT INTO `detalleactividades` VALUES ('49', '', '', '', '2019', '1', '49', '4', '1', '2');
INSERT INTO `detalleactividades` VALUES ('50', '', '', '', '2019', '1', '50', '4', '1', '3');
INSERT INTO `detalleactividades` VALUES ('51', '', '', '', '2019', '1', '51', '4', '1', '4');
INSERT INTO `detalleactividades` VALUES ('52', '', '', '', '2019', '1', '52', '4', '1', '5');
INSERT INTO `detalleactividades` VALUES ('53', '', '', '', '2019', '1', '53', '4', '1', '1');
INSERT INTO `detalleactividades` VALUES ('54', '', '', '', '2019', '1', '54', '4', '1', '2');
INSERT INTO `detalleactividades` VALUES ('55', '', '', '', '2019', '1', '55', '4', '1', '3');
INSERT INTO `detalleactividades` VALUES ('56', '', '', '', '2019', '1', '56', '4', '1', '4');
INSERT INTO `detalleactividades` VALUES ('57', '', '', '', '2019', '1', '57', '4', '1', '5');
INSERT INTO `detalleactividades` VALUES ('58', '', '', '', '2019', '1', '58', '5', '1', '1');
INSERT INTO `detalleactividades` VALUES ('59', '', '', '', '2019', '1', '59', '5', '1', '2');
INSERT INTO `detalleactividades` VALUES ('60', '', '', '', '2019', '1', '60', '5', '1', '3');
INSERT INTO `detalleactividades` VALUES ('61', '', '', '', '2019', '1', '61', '5', '1', '4');
INSERT INTO `detalleactividades` VALUES ('62', '', '', '', '2019', '1', '62', '5', '1', '5');
INSERT INTO `detalleactividades` VALUES ('63', '', '', '', '2019', '1', '63', '5', '1', '1');
INSERT INTO `detalleactividades` VALUES ('64', '', '', '', '2019', '1', '64', '5', '1', '2');
INSERT INTO `detalleactividades` VALUES ('65', '', '', '', '2019', '1', '65', '5', '1', '3');
INSERT INTO `detalleactividades` VALUES ('66', '', '', '', '2019', '1', '66', '5', '1', '4');
INSERT INTO `detalleactividades` VALUES ('67', '', '', '', '2019', '1', '67', '5', '1', '5');
INSERT INTO `detalleactividades` VALUES ('68', '', '', '', '2019', '1', '68', '5', '1', '6');
INSERT INTO `detalleactividades` VALUES ('69', '', '', '', '2019', '1', '69', '5', '1', '7');
INSERT INTO `detalleactividades` VALUES ('70', '', '', '', '2019', '1', '70', '6', '1', '1');
INSERT INTO `detalleactividades` VALUES ('71', '', '', '', '2019', '1', '71', '6', '1', '1');
INSERT INTO `detalleactividades` VALUES ('72', '', '', '', '2019', '1', '72', '6', '1', '2');
INSERT INTO `detalleactividades` VALUES ('73', '', '', '', '2019', '1', '73', '6', '1', '1');
INSERT INTO `detalleactividades` VALUES ('74', '', '', '', '2019', '1', '74', '6', '1', '2');
INSERT INTO `detalleactividades` VALUES ('75', '', '', '', '2019', '1', '75', '6', '1', '3');
INSERT INTO `detalleactividades` VALUES ('76', '', '', '', '2019', '1', '76', '6', '1', '4');
INSERT INTO `detalleactividades` VALUES ('77', '', '', '', '2019', '1', '77', '6', '1', '5');
INSERT INTO `detalleactividades` VALUES ('78', '', '', '', '2019', '1', '78', '6', '1', '6');
INSERT INTO `detalleactividades` VALUES ('79', '', '', '', '2019', '1', '79', '6', '1', '7');
INSERT INTO `detalleactividades` VALUES ('80', '', '', '', '2019', '1', '80', '6', '1', '8');
INSERT INTO `detalleactividades` VALUES ('81', '', '', '', '2019', '1', '81', '6', '1', '9');
INSERT INTO `detalleactividades` VALUES ('82', '', '', '', '2019', '1', '82', '6', '1', '1');
INSERT INTO `detalleactividades` VALUES ('83', '', '', '', '2019', '1', '83', '6', '1', '2');
INSERT INTO `detalleactividades` VALUES ('84', '', '', '', '2019', '1', '84', '7', '1', '1');
INSERT INTO `detalleactividades` VALUES ('85', '', '', '', '2019', '1', '85', '7', '1', '2');
INSERT INTO `detalleactividades` VALUES ('86', '', '', '', '2019', '1', '86', '7', '1', '3');
INSERT INTO `detalleactividades` VALUES ('87', '', '', '', '2019', '1', '87', '7', '1', '4');
INSERT INTO `detalleactividades` VALUES ('88', '', '', '', '2019', '1', '88', '7', '1', '5');
INSERT INTO `detalleactividades` VALUES ('89', '', '', '', '2019', '1', '89', '7', '1', '6');
INSERT INTO `detalleactividades` VALUES ('90', '', '', '', '2019', '1', '90', '7', '1', '7');
INSERT INTO `detalleactividades` VALUES ('91', '', '', '', '2019', '1', '91', '7', '1', '8');
INSERT INTO `detalleactividades` VALUES ('92', '', '', '', '2019', '1', '92', '7', '1', '9');
INSERT INTO `detalleactividades` VALUES ('93', '', '', '', '2019', '1', '93', '7', '1', '1');
INSERT INTO `detalleactividades` VALUES ('94', '', '', '', '2019', '1', '94', '7', '1', '1');
INSERT INTO `detalleactividades` VALUES ('95', '', '', '', '2019', '1', '95', '7', '1', '2');
INSERT INTO `detalleactividades` VALUES ('96', '', '', '', '2019', '1', '96', '7', '1', '3');
INSERT INTO `detalleactividades` VALUES ('97', '', '', '', '2019', '1', '97', '7', '1', '4');
INSERT INTO `detalleactividades` VALUES ('98', '', '', '', '2019', '1', '98', '8', '1', '1');
INSERT INTO `detalleactividades` VALUES ('99', '', '', '', '2019', '1', '99', '8', '1', '2');
INSERT INTO `detalleactividades` VALUES ('100', '', '', '', '2019', '1', '100', '8', '1', '3');
INSERT INTO `detalleactividades` VALUES ('101', '', '', '', '2019', '1', '101', '8', '1', '1');
INSERT INTO `detalleactividades` VALUES ('102', '', '', '', '2019', '1', '102', '8', '1', '2');
INSERT INTO `detalleactividades` VALUES ('103', '', '', '', '2019', '1', '103', '8', '1', '1');
INSERT INTO `detalleactividades` VALUES ('104', '', '', '', '2019', '1', '104', '8', '1', '2');
INSERT INTO `detalleactividades` VALUES ('105', '', '', '', '2019', '1', '105', '8', '1', '3');
INSERT INTO `detalleactividades` VALUES ('106', '', '', '', '2019', '1', '106', '8', '1', '4');
INSERT INTO `detalleactividades` VALUES ('107', '', '', '', '2019', '1', '107', '8', '1', '5');
INSERT INTO `detalleactividades` VALUES ('108', '', '', '', '2019', '1', '108', '8', '1', '6');
INSERT INTO `detalleactividades` VALUES ('109', '', '', '', '2019', '1', '109', '8', '1', '7');
INSERT INTO `detalleactividades` VALUES ('110', '', '', '', '2019', '1', '110', '8', '1', '8');
INSERT INTO `detalleactividades` VALUES ('111', '', '', '', '2019', '1', '111', '9', '1', '1');
INSERT INTO `detalleactividades` VALUES ('112', '', '', '', '2019', '1', '112', '9', '1', '1');
INSERT INTO `detalleactividades` VALUES ('113', '', '', '', '2019', '1', '113', '9', '1', '2');
INSERT INTO `detalleactividades` VALUES ('114', '', '', '', '2019', '1', '114', '9', '1', '3');
INSERT INTO `detalleactividades` VALUES ('115', '', '', '', '2019', '1', '115', '9', '1', '4');
INSERT INTO `detalleactividades` VALUES ('116', '', '', '', '2019', '1', '116', '9', '1', '5');
INSERT INTO `detalleactividades` VALUES ('117', '', '', '', '2019', '1', '117', '9', '1', '6');
INSERT INTO `detalleactividades` VALUES ('118', '', '', '', '2019', '1', '118', '9', '1', '1');
INSERT INTO `detalleactividades` VALUES ('119', '', '', '', '2019', '1', '119', '9', '1', '2');
INSERT INTO `detalleactividades` VALUES ('120', '', '', '', '2019', '1', '120', '10', '1', '1');
INSERT INTO `detalleactividades` VALUES ('121', '', '', '', '2019', '1', '121', '10', '1', '2');
INSERT INTO `detalleactividades` VALUES ('122', '', '', '', '2019', '1', '122', '10', '1', '3');
INSERT INTO `detalleactividades` VALUES ('123', '', '', '', '2019', '1', '123', '10', '1', '4');
INSERT INTO `detalleactividades` VALUES ('124', '', '', '', '2019', '1', '124', '10', '1', '1');
INSERT INTO `detalleactividades` VALUES ('125', '', '', '', '2019', '1', '125', '10', '1', '2');
INSERT INTO `detalleactividades` VALUES ('126', '', '', '', '2019', '1', '126', '10', '1', '3');
INSERT INTO `detalleactividades` VALUES ('127', '', '', '', '2019', '1', '127', '10', '1', '1');
INSERT INTO `detalleactividades` VALUES ('128', '', '', '', '2019', '1', '128', '10', '1', '2');
INSERT INTO `detalleactividades` VALUES ('129', '', '', '', '2019', '1', '129', '10', '1', '3');
INSERT INTO `detalleactividades` VALUES ('130', '', '', '', '2019', '1', '130', '10', '1', '4');
INSERT INTO `detalleactividades` VALUES ('131', '', '', '', '2019', '1', '131', '10', '1', '5');
INSERT INTO `detalleactividades` VALUES ('132', '', '', '', '2019', '1', '132', '10', '1', '6');
INSERT INTO `detalleactividades` VALUES ('133', '', '', '', '2019', '1', '133', '11', '1', '1');
INSERT INTO `detalleactividades` VALUES ('134', '', '', '', '2019', '1', '134', '11', '1', '2');
INSERT INTO `detalleactividades` VALUES ('135', '', '', '', '2019', '1', '135', '11', '1', '1');
INSERT INTO `detalleactividades` VALUES ('136', '', '', '', '2019', '1', '136', '11', '1', '2');
INSERT INTO `detalleactividades` VALUES ('137', '', '', '', '2019', '1', '137', '11', '1', '1');
INSERT INTO `detalleactividades` VALUES ('138', '', '', '', '2019', '1', '138', '11', '1', '1');
INSERT INTO `detalleactividades` VALUES ('139', '', '', '', '2019', '1', '139', '11', '1', '2');
INSERT INTO `detalleactividades` VALUES ('140', '', '', '', '2019', '1', '140', '12', '1', '1');
INSERT INTO `detalleactividades` VALUES ('141', '', '', '', '2019', '1', '141', '12', '1', '2');
INSERT INTO `detalleactividades` VALUES ('142', '', '', '', '2019', '1', '142', '12', '1', '3');
INSERT INTO `detalleactividades` VALUES ('143', '', '', '', '2019', '1', '143', '12', '1', '1');
INSERT INTO `detalleactividades` VALUES ('144', '', '', '', '2019', '1', '144', '12', '1', '2');
INSERT INTO `detalleactividades` VALUES ('145', '', '', '', '2019', '1', '145', '12', '1', '3');
INSERT INTO `detalleactividades` VALUES ('146', '', '', '', '2019', '1', '146', '12', '1', '4');
INSERT INTO `detalleactividades` VALUES ('147', '', '', '', '2019', '1', '147', '12', '1', '5');
INSERT INTO `detalleactividades` VALUES ('148', '', '', '', '2019', '1', '148', '12', '1', '6');
INSERT INTO `detalleactividades` VALUES ('149', '', '', '', '2019', '1', '149', '12', '1', '1');
INSERT INTO `detalleactividades` VALUES ('150', '', '', '', '2019', '1', '150', '12', '1', '2');
INSERT INTO `detalleactividades` VALUES ('151', '', '', '', '2019', '1', '151', '12', '1', '3');
INSERT INTO `detalleactividades` VALUES ('152', '', '', '', '2019', '1', '152', '12', '1', '4');
INSERT INTO `detalleactividades` VALUES ('153', '', '', '', '2019', '1', '153', '13', '1', '1');
INSERT INTO `detalleactividades` VALUES ('154', '', '', '', '2019', '1', '154', '13', '1', '2');
INSERT INTO `detalleactividades` VALUES ('155', '', '', '', '2019', '1', '155', '13', '1', '3');
INSERT INTO `detalleactividades` VALUES ('156', '', '', '', '2019', '1', '156', '13', '1', '4');
INSERT INTO `detalleactividades` VALUES ('157', '', '', '', '2019', '1', '157', '13', '1', '5');
INSERT INTO `detalleactividades` VALUES ('158', '', '', '', '2019', '1', '158', '13', '1', '6');
INSERT INTO `detalleactividades` VALUES ('159', '', '', '', '2019', '1', '159', '13', '1', '7');
INSERT INTO `detalleactividades` VALUES ('160', '', '', '', '2019', '1', '160', '14', '1', '1');
INSERT INTO `detalleactividades` VALUES ('161', '', '', '', '2019', '1', '161', '14', '1', '2');
INSERT INTO `detalleactividades` VALUES ('162', '', '', '', '2019', '1', '162', '14', '1', '3');
INSERT INTO `detalleactividades` VALUES ('163', '', '', '', '2019', '1', '163', '14', '1', '4');
INSERT INTO `detalleactividades` VALUES ('164', '', '', '', '2019', '1', '164', '14', '1', '5');
INSERT INTO `detalleactividades` VALUES ('165', '', '', '', '2019', '1', '165', '14', '1', '6');
INSERT INTO `detalleactividades` VALUES ('166', '', '', '', '2019', '1', '166', '14', '1', '7');
INSERT INTO `detalleactividades` VALUES ('167', '', '', '', '2019', '1', '167', '14', '1', '1');
INSERT INTO `detalleactividades` VALUES ('168', '', '', '', '2019', '1', '168', '14', '1', '2');
INSERT INTO `detalleactividades` VALUES ('169', '', '', '', '2019', '1', '169', '14', '1', '3');
INSERT INTO `detalleactividades` VALUES ('170', '', '', '', '2019', '1', '170', '14', '1', '4');
INSERT INTO `detalleactividades` VALUES ('171', '', '', '', '2019', '1', '171', '14', '1', '5');
INSERT INTO `detalleactividades` VALUES ('172', '', '', '', '2019', '1', '172', '14', '1', '6');
INSERT INTO `detalleactividades` VALUES ('173', '', '', '', '2019', '1', '173', '14', '1', '7');
INSERT INTO `detalleactividades` VALUES ('174', '', '', '', '2019', '1', '174', '14', '1', '8');
INSERT INTO `detalleactividades` VALUES ('175', '', '', '', '2019', '1', '175', '14', '1', '9');
INSERT INTO `detalleactividades` VALUES ('176', '', '', '', '2019', '1', '176', '14', '1', '10');
INSERT INTO `detalleactividades` VALUES ('177', '', '', '', '2019', '1', '177', '14', '1', '1');
INSERT INTO `detalleactividades` VALUES ('178', '', '', '', '2019', '1', '178', '14', '1', '2');
INSERT INTO `detalleactividades` VALUES ('179', '', '', '', '2019', '1', '179', '15', '1', '1');
INSERT INTO `detalleactividades` VALUES ('180', '', '', '', '2019', '1', '180', '15', '1', '2');
INSERT INTO `detalleactividades` VALUES ('181', '', '', '', '2019', '1', '181', '16', '1', '1');
INSERT INTO `detalleactividades` VALUES ('182', '', '', '', '2019', '1', '182', '16', '1', '2');
INSERT INTO `detalleactividades` VALUES ('183', '', '', '', '2019', '1', '183', '16', '1', '3');
INSERT INTO `detalleactividades` VALUES ('184', '', '', '', '2019', '1', '184', '16', '1', '4');
INSERT INTO `detalleactividades` VALUES ('185', '', '', '', '2019', '1', '185', '16', '1', '1');
INSERT INTO `detalleactividades` VALUES ('186', '', '', '', '2019', '1', '186', '16', '1', '2');
INSERT INTO `detalleactividades` VALUES ('187', '', '', '', '2019', '1', '187', '16', '1', '3');
INSERT INTO `detalleactividades` VALUES ('188', '', '', '', '2019', '1', '188', '16', '1', '4');
INSERT INTO `detalleactividades` VALUES ('189', '', '', '', '2019', '1', '189', '16', '1', '5');
INSERT INTO `detalleactividades` VALUES ('190', '', '', '', '2019', '1', '190', '16', '1', '6');
INSERT INTO `detalleactividades` VALUES ('191', '', '', '', '2019', '1', '191', '16', '1', '1');
INSERT INTO `detalleactividades` VALUES ('192', '', '', '', '2019', '1', '192', '16', '1', '2');
INSERT INTO `detalleactividades` VALUES ('193', '', '', '', '2019', '1', '193', '16', '1', '3');
INSERT INTO `detalleactividades` VALUES ('194', '', '', '', '2019', '1', '194', '16', '1', '4');
INSERT INTO `detalleactividades` VALUES ('195', '', '', '', '2019', '1', '195', '16', '1', '5');
INSERT INTO `detalleactividades` VALUES ('196', '', '', '', '2019', '1', '196', '16', '1', '1');
INSERT INTO `detalleactividades` VALUES ('197', '', '', '', '2019', '1', '197', '16', '1', '2');
INSERT INTO `detalleactividades` VALUES ('198', '', '', '', '2019', '1', '198', '16', '1', '3');
INSERT INTO `detalleactividades` VALUES ('199', '', '', '', '2019', '1', '199', '16', '1', '4');
INSERT INTO `detalleactividades` VALUES ('200', '', '', '', '2019', '1', '200', '16', '1', '5');
INSERT INTO `detalleactividades` VALUES ('201', '', '', '', '2019', '1', '201', '16', '1', '6');
INSERT INTO `detalleactividades` VALUES ('202', '', '', '', '2019', '1', '202', '16', '1', '1');
INSERT INTO `detalleactividades` VALUES ('203', '', '', '', '2019', '1', '203', '16', '1', '2');
INSERT INTO `detalleactividades` VALUES ('204', '', '', '', '2019', '1', '204', '16', '1', '3');
INSERT INTO `detalleactividades` VALUES ('205', '', '', '', '2019', '1', '205', '16', '1', '4');
INSERT INTO `detalleactividades` VALUES ('206', '', '', '', '2019', '1', '206', '16', '1', '5');
INSERT INTO `detalleactividades` VALUES ('207', '', '', '', '2019', '1', '207', '16', '1', '6');
INSERT INTO `detalleactividades` VALUES ('208', '', '', '', '2019', '1', '208', '16', '1', '7');
INSERT INTO `detalleactividades` VALUES ('209', '', '', '', '2019', '1', '209', '16', '1', '8');
INSERT INTO `detalleactividades` VALUES ('210', '', '', '', '2019', '1', '210', '16', '1', '9');
INSERT INTO `detalleactividades` VALUES ('211', '', '', '', '2019', '1', '211', '17', '1', '1');
INSERT INTO `detalleactividades` VALUES ('212', '', '', '', '2019', '1', '212', '17', '1', '2');
INSERT INTO `detalleactividades` VALUES ('213', '', '', '', '2019', '1', '213', '17', '1', '3');
INSERT INTO `detalleactividades` VALUES ('214', '', '', '', '2019', '1', '214', '17', '1', '4');
INSERT INTO `detalleactividades` VALUES ('215', '', '', '', '2019', '1', '215', '17', '1', '5');
INSERT INTO `detalleactividades` VALUES ('216', '', '', '', '2019', '1', '216', '17', '1', '6');
INSERT INTO `detalleactividades` VALUES ('217', '', '', '', '2019', '1', '217', '17', '1', '7');
INSERT INTO `detalleactividades` VALUES ('218', '', '', '', '2019', '1', '218', '17', '1', '1');
INSERT INTO `detalleactividades` VALUES ('219', '', '', '', '2019', '1', '219', '17', '1', '2');
INSERT INTO `detalleactividades` VALUES ('220', '', '', '', '2019', '1', '220', '17', '1', '1');
INSERT INTO `detalleactividades` VALUES ('221', '', '', '', '2019', '1', '221', '17', '1', '2');
INSERT INTO `detalleactividades` VALUES ('222', '', '', '', '2019', '1', '222', '17', '1', '3');
INSERT INTO `detalleactividades` VALUES ('223', '', '', '', '2019', '1', '223', '17', '1', '1');
INSERT INTO `detalleactividades` VALUES ('224', '', '', '', '2019', '1', '224', '17', '1', '2');
INSERT INTO `detalleactividades` VALUES ('225', '', '', '', '2019', '1', '225', '17', '1', '3');
INSERT INTO `detalleactividades` VALUES ('226', '', '', '', '2019', '1', '226', '17', '1', '4');
INSERT INTO `detalleactividades` VALUES ('227', '', '', '', '2019', '1', '227', '17', '1', '5');
INSERT INTO `detalleactividades` VALUES ('228', '', '', '', '2019', '1', '228', '17', '1', '6');
INSERT INTO `detalleactividades` VALUES ('229', '', '', '', '2019', '1', '229', '18', '1', '1');
INSERT INTO `detalleactividades` VALUES ('230', '', '', '', '2019', '1', '230', '18', '1', '2');
INSERT INTO `detalleactividades` VALUES ('231', '', '', '', '2019', '1', '231', '18', '1', '3');
INSERT INTO `detalleactividades` VALUES ('232', '', '', '', '2019', '1', '232', '18', '1', '4');
INSERT INTO `detalleactividades` VALUES ('233', '', '', '', '2019', '1', '233', '18', '1', '5');
INSERT INTO `detalleactividades` VALUES ('234', '', '', '', '2019', '1', '234', '18', '1', '6');
INSERT INTO `detalleactividades` VALUES ('235', '', '', '', '2019', '1', '235', '18', '1', '7');
INSERT INTO `detalleactividades` VALUES ('236', '', '', '', '2019', '1', '236', '18', '1', '1');
INSERT INTO `detalleactividades` VALUES ('237', '', '', '', '2019', '1', '237', '18', '1', '2');
INSERT INTO `detalleactividades` VALUES ('238', '', '', '', '2019', '1', '238', '18', '1', '3');
INSERT INTO `detalleactividades` VALUES ('239', '', '', '', '2019', '1', '239', '18', '1', '4');
INSERT INTO `detalleactividades` VALUES ('240', '', '', '', '2019', '1', '240', '18', '1', '5');
INSERT INTO `detalleactividades` VALUES ('241', '', '', '', '2019', '1', '241', '18', '1', '6');
INSERT INTO `detalleactividades` VALUES ('242', '', '', '', '2019', '1', '242', '3', '3', '1');
INSERT INTO `detalleactividades` VALUES ('243', '', '', '', '2019', '1', '243', '3', '3', '2');
INSERT INTO `detalleactividades` VALUES ('244', '', '', '', '2019', '1', '244', '3', '3', '3');
INSERT INTO `detalleactividades` VALUES ('245', '', '', '', '2019', '1', '245', '5', '3', '1');
INSERT INTO `detalleactividades` VALUES ('246', '', '', '', '2019', '1', '246', '5', '3', '2');
INSERT INTO `detalleactividades` VALUES ('247', '', '', '', '2019', '1', '247', '5', '3', '3');
INSERT INTO `detalleactividades` VALUES ('248', '', '', '', '2019', '1', '248', '5', '3', '4');
INSERT INTO `detalleactividades` VALUES ('249', '', '', '', '2019', '1', '249', '5', '3', '5');
INSERT INTO `detalleactividades` VALUES ('250', '', '', '', '2019', '1', '250', '8', '3', '1');
INSERT INTO `detalleactividades` VALUES ('251', '', '', '', '2019', '1', '251', '8', '3', '2');
INSERT INTO `detalleactividades` VALUES ('252', '', '', '', '2019', '1', '252', '8', '3', '3');
INSERT INTO `detalleactividades` VALUES ('253', '', '', '', '2019', '1', '253', '10', '3', '1');
INSERT INTO `detalleactividades` VALUES ('254', '', '', '', '2019', '1', '254', '10', '3', '1');
INSERT INTO `detalleactividades` VALUES ('255', '', '', '', '2019', '1', '255', '16', '3', '1');
INSERT INTO `detalleactividades` VALUES ('256', '', '', '', '2019', '1', '256', '17', '3', '1');
INSERT INTO `detalleactividades` VALUES ('257', '', '', '', '2019', '1', '257', '3', '4', '1');
INSERT INTO `detalleactividades` VALUES ('258', '', '', '', '2019', '1', '258', '3', '4', '2');
INSERT INTO `detalleactividades` VALUES ('259', '', '', '', '2019', '2', '1', '1', '1', '1');
INSERT INTO `detalleactividades` VALUES ('260', '', '', '', '2019', '2', '2', '1', '1', '2');
INSERT INTO `detalleactividades` VALUES ('261', '', '', '', '2019', '2', '3', '1', '1', '3');
INSERT INTO `detalleactividades` VALUES ('262', '', '', '', '2019', '2', '4', '1', '1', '4');
INSERT INTO `detalleactividades` VALUES ('263', '', '', '', '2019', '2', '5', '2', '1', '1');
INSERT INTO `detalleactividades` VALUES ('264', '', '', '', '2019', '2', '6', '2', '1', '2');
INSERT INTO `detalleactividades` VALUES ('265', '', '', '', '2019', '2', '7', '2', '1', '3');
INSERT INTO `detalleactividades` VALUES ('266', '', '', '', '2019', '2', '8', '2', '1', '4');
INSERT INTO `detalleactividades` VALUES ('267', '', '', '', '2019', '2', '9', '2', '1', '5');
INSERT INTO `detalleactividades` VALUES ('268', '', '', '', '2019', '2', '10', '2', '1', '6');
INSERT INTO `detalleactividades` VALUES ('269', '', '', '', '2019', '2', '11', '2', '1', '1');
INSERT INTO `detalleactividades` VALUES ('270', '', '', '', '2019', '2', '12', '2', '1', '2');
INSERT INTO `detalleactividades` VALUES ('271', '', '', '', '2019', '2', '13', '2', '1', '1');
INSERT INTO `detalleactividades` VALUES ('272', '', '', '', '2019', '2', '14', '2', '1', '2');
INSERT INTO `detalleactividades` VALUES ('273', '', '', '', '2019', '2', '15', '2', '1', '3');
INSERT INTO `detalleactividades` VALUES ('274', '', '', '', '2019', '2', '16', '2', '1', '4');
INSERT INTO `detalleactividades` VALUES ('275', '', '', '', '2019', '2', '17', '2', '1', '1');
INSERT INTO `detalleactividades` VALUES ('276', '', '', '', '2019', '2', '18', '2', '1', '1');
INSERT INTO `detalleactividades` VALUES ('277', '', '', '', '2019', '2', '19', '2', '1', '2');
INSERT INTO `detalleactividades` VALUES ('278', '', '', '', '2019', '2', '20', '2', '1', '3');
INSERT INTO `detalleactividades` VALUES ('279', '', '', '', '2019', '2', '21', '2', '1', '4');
INSERT INTO `detalleactividades` VALUES ('280', '', '', '', '2019', '2', '22', '2', '1', '5');
INSERT INTO `detalleactividades` VALUES ('281', '', '', '', '2019', '2', '23', '2', '1', '6');
INSERT INTO `detalleactividades` VALUES ('282', '', '', '', '2019', '2', '24', '2', '1', '7');
INSERT INTO `detalleactividades` VALUES ('283', '', '', '', '2019', '2', '25', '2', '1', '8');
INSERT INTO `detalleactividades` VALUES ('284', '', '', '', '2019', '2', '26', '2', '1', '1');
INSERT INTO `detalleactividades` VALUES ('285', '', '', '', '2019', '2', '27', '2', '1', '2');
INSERT INTO `detalleactividades` VALUES ('286', '', '', '', '2019', '2', '28', '2', '1', '3');
INSERT INTO `detalleactividades` VALUES ('287', '', '', '', '2019', '2', '29', '2', '1', '4');
INSERT INTO `detalleactividades` VALUES ('288', '', '', '', '2019', '2', '30', '2', '1', '1');
INSERT INTO `detalleactividades` VALUES ('289', '', '', '', '2019', '2', '31', '2', '1', '2');
INSERT INTO `detalleactividades` VALUES ('290', '', '', '', '2019', '2', '32', '3', '1', '1');
INSERT INTO `detalleactividades` VALUES ('291', '', '', '', '2019', '2', '33', '3', '1', '2');
INSERT INTO `detalleactividades` VALUES ('292', '', '', '', '2019', '2', '34', '3', '1', '3');
INSERT INTO `detalleactividades` VALUES ('293', '', '', '', '2019', '2', '35', '3', '1', '1');
INSERT INTO `detalleactividades` VALUES ('294', '', '', '', '2019', '2', '36', '3', '1', '2');
INSERT INTO `detalleactividades` VALUES ('295', '', '', '', '2019', '2', '37', '3', '1', '3');
INSERT INTO `detalleactividades` VALUES ('296', '', '', '', '2019', '2', '38', '3', '1', '4');
INSERT INTO `detalleactividades` VALUES ('297', '', '', '', '2019', '2', '39', '3', '1', '5');
INSERT INTO `detalleactividades` VALUES ('298', '', '', '', '2019', '2', '40', '3', '1', '6');
INSERT INTO `detalleactividades` VALUES ('299', '', '', '', '2019', '2', '41', '3', '1', '7');
INSERT INTO `detalleactividades` VALUES ('300', '', '', '', '2019', '2', '42', '3', '1', '8');
INSERT INTO `detalleactividades` VALUES ('301', '', '', '', '2019', '2', '43', '3', '1', '9');
INSERT INTO `detalleactividades` VALUES ('302', '', '', '', '2019', '2', '44', '3', '1', '10');
INSERT INTO `detalleactividades` VALUES ('303', '', '', '', '2019', '2', '45', '3', '1', '1');
INSERT INTO `detalleactividades` VALUES ('304', '', '', '', '2019', '2', '46', '3', '1', '2');
INSERT INTO `detalleactividades` VALUES ('305', '', '', '', '2019', '2', '47', '3', '1', '3');
INSERT INTO `detalleactividades` VALUES ('306', '', '', '', '2019', '2', '48', '4', '1', '1');
INSERT INTO `detalleactividades` VALUES ('307', '', '', '', '2019', '2', '49', '4', '1', '2');
INSERT INTO `detalleactividades` VALUES ('308', '', '', '', '2019', '2', '50', '4', '1', '3');
INSERT INTO `detalleactividades` VALUES ('309', '', '', '', '2019', '2', '51', '4', '1', '4');
INSERT INTO `detalleactividades` VALUES ('310', '', '', '', '2019', '2', '52', '4', '1', '5');
INSERT INTO `detalleactividades` VALUES ('311', '', '', '', '2019', '2', '53', '4', '1', '1');
INSERT INTO `detalleactividades` VALUES ('312', '', '', '', '2019', '2', '54', '4', '1', '2');
INSERT INTO `detalleactividades` VALUES ('313', '', '', '', '2019', '2', '55', '4', '1', '3');
INSERT INTO `detalleactividades` VALUES ('314', '', '', '', '2019', '2', '56', '4', '1', '4');
INSERT INTO `detalleactividades` VALUES ('315', '', '', '', '2019', '2', '57', '4', '1', '5');
INSERT INTO `detalleactividades` VALUES ('316', '', '', '', '2019', '2', '58', '5', '1', '1');
INSERT INTO `detalleactividades` VALUES ('317', '', '', '', '2019', '2', '59', '5', '1', '2');
INSERT INTO `detalleactividades` VALUES ('318', '', '', '', '2019', '2', '60', '5', '1', '3');
INSERT INTO `detalleactividades` VALUES ('319', '', '', '', '2019', '2', '61', '5', '1', '4');
INSERT INTO `detalleactividades` VALUES ('320', '', '', '', '2019', '2', '62', '5', '1', '5');
INSERT INTO `detalleactividades` VALUES ('321', '', '', '', '2019', '2', '63', '5', '1', '1');
INSERT INTO `detalleactividades` VALUES ('322', '', '', '', '2019', '2', '64', '5', '1', '2');
INSERT INTO `detalleactividades` VALUES ('323', '', '', '', '2019', '2', '65', '5', '1', '3');
INSERT INTO `detalleactividades` VALUES ('324', '', '', '', '2019', '2', '66', '5', '1', '4');
INSERT INTO `detalleactividades` VALUES ('325', '', '', '', '2019', '2', '67', '5', '1', '5');
INSERT INTO `detalleactividades` VALUES ('326', '', '', '', '2019', '2', '68', '5', '1', '6');
INSERT INTO `detalleactividades` VALUES ('327', '', '', '', '2019', '2', '69', '5', '1', '7');
INSERT INTO `detalleactividades` VALUES ('328', '', '', '', '2019', '2', '70', '6', '1', '1');
INSERT INTO `detalleactividades` VALUES ('329', '', '', '', '2019', '2', '71', '6', '1', '1');
INSERT INTO `detalleactividades` VALUES ('330', '', '', '', '2019', '2', '72', '6', '1', '2');
INSERT INTO `detalleactividades` VALUES ('331', '', '', '', '2019', '2', '73', '6', '1', '1');
INSERT INTO `detalleactividades` VALUES ('332', '', '', '', '2019', '2', '74', '6', '1', '2');
INSERT INTO `detalleactividades` VALUES ('333', '', '', '', '2019', '2', '75', '6', '1', '3');
INSERT INTO `detalleactividades` VALUES ('334', '', '', '', '2019', '2', '76', '6', '1', '4');
INSERT INTO `detalleactividades` VALUES ('335', '', '', '', '2019', '2', '77', '6', '1', '5');
INSERT INTO `detalleactividades` VALUES ('336', '', '', '', '2019', '2', '78', '6', '1', '6');
INSERT INTO `detalleactividades` VALUES ('337', '', '', '', '2019', '2', '79', '6', '1', '7');
INSERT INTO `detalleactividades` VALUES ('338', '', '', '', '2019', '2', '80', '6', '1', '8');
INSERT INTO `detalleactividades` VALUES ('339', '', '', '', '2019', '2', '81', '6', '1', '9');
INSERT INTO `detalleactividades` VALUES ('340', '', '', '', '2019', '2', '82', '6', '1', '1');
INSERT INTO `detalleactividades` VALUES ('341', '', '', '', '2019', '2', '83', '6', '1', '2');
INSERT INTO `detalleactividades` VALUES ('342', '', '', '', '2019', '2', '84', '7', '1', '1');
INSERT INTO `detalleactividades` VALUES ('343', '', '', '', '2019', '2', '85', '7', '1', '2');
INSERT INTO `detalleactividades` VALUES ('344', '', '', '', '2019', '2', '86', '7', '1', '3');
INSERT INTO `detalleactividades` VALUES ('345', '', '', '', '2019', '2', '87', '7', '1', '4');
INSERT INTO `detalleactividades` VALUES ('346', '', '', '', '2019', '2', '88', '7', '1', '5');
INSERT INTO `detalleactividades` VALUES ('347', '', '', '', '2019', '2', '89', '7', '1', '6');
INSERT INTO `detalleactividades` VALUES ('348', '', '', '', '2019', '2', '90', '7', '1', '7');
INSERT INTO `detalleactividades` VALUES ('349', '', '', '', '2019', '2', '91', '7', '1', '8');
INSERT INTO `detalleactividades` VALUES ('350', '', '', '', '2019', '2', '92', '7', '1', '9');
INSERT INTO `detalleactividades` VALUES ('351', '', '', '', '2019', '2', '93', '7', '1', '1');
INSERT INTO `detalleactividades` VALUES ('352', '', '', '', '2019', '2', '94', '7', '1', '1');
INSERT INTO `detalleactividades` VALUES ('353', '', '', '', '2019', '2', '95', '7', '1', '2');
INSERT INTO `detalleactividades` VALUES ('354', '', '', '', '2019', '2', '96', '7', '1', '3');
INSERT INTO `detalleactividades` VALUES ('355', '', '', '', '2019', '2', '97', '7', '1', '4');
INSERT INTO `detalleactividades` VALUES ('356', '', '', '', '2019', '2', '98', '8', '1', '1');
INSERT INTO `detalleactividades` VALUES ('357', '', '', '', '2019', '2', '99', '8', '1', '2');
INSERT INTO `detalleactividades` VALUES ('358', '', '', '', '2019', '2', '100', '8', '1', '3');
INSERT INTO `detalleactividades` VALUES ('359', '', '', '', '2019', '2', '101', '8', '1', '1');
INSERT INTO `detalleactividades` VALUES ('360', '', '', '', '2019', '2', '102', '8', '1', '2');
INSERT INTO `detalleactividades` VALUES ('361', '', '', '', '2019', '2', '103', '8', '1', '1');
INSERT INTO `detalleactividades` VALUES ('362', '', '', '', '2019', '2', '104', '8', '1', '2');
INSERT INTO `detalleactividades` VALUES ('363', '', '', '', '2019', '2', '105', '8', '1', '3');
INSERT INTO `detalleactividades` VALUES ('364', '', '', '', '2019', '2', '106', '8', '1', '4');
INSERT INTO `detalleactividades` VALUES ('365', '', '', '', '2019', '2', '107', '8', '1', '5');
INSERT INTO `detalleactividades` VALUES ('366', '', '', '', '2019', '2', '108', '8', '1', '6');
INSERT INTO `detalleactividades` VALUES ('367', '', '', '', '2019', '2', '109', '8', '1', '7');
INSERT INTO `detalleactividades` VALUES ('368', '', '', '', '2019', '2', '110', '8', '1', '8');
INSERT INTO `detalleactividades` VALUES ('369', '', '', '', '2019', '2', '111', '9', '1', '1');
INSERT INTO `detalleactividades` VALUES ('370', '', '', '', '2019', '2', '112', '9', '1', '1');
INSERT INTO `detalleactividades` VALUES ('371', '', '', '', '2019', '2', '113', '9', '1', '2');
INSERT INTO `detalleactividades` VALUES ('372', '', '', '', '2019', '2', '114', '9', '1', '3');
INSERT INTO `detalleactividades` VALUES ('373', '', '', '', '2019', '2', '115', '9', '1', '4');
INSERT INTO `detalleactividades` VALUES ('374', '', '', '', '2019', '2', '116', '9', '1', '5');
INSERT INTO `detalleactividades` VALUES ('375', '', '', '', '2019', '2', '117', '9', '1', '6');
INSERT INTO `detalleactividades` VALUES ('376', '', '', '', '2019', '2', '118', '9', '1', '1');
INSERT INTO `detalleactividades` VALUES ('377', '', '', '', '2019', '2', '119', '9', '1', '2');
INSERT INTO `detalleactividades` VALUES ('378', '', '', '', '2019', '2', '120', '10', '1', '1');
INSERT INTO `detalleactividades` VALUES ('379', '', '', '', '2019', '2', '121', '10', '1', '2');
INSERT INTO `detalleactividades` VALUES ('380', '', '', '', '2019', '2', '122', '10', '1', '3');
INSERT INTO `detalleactividades` VALUES ('381', '', '', '', '2019', '2', '123', '10', '1', '4');
INSERT INTO `detalleactividades` VALUES ('382', '', '', '', '2019', '2', '124', '10', '1', '1');
INSERT INTO `detalleactividades` VALUES ('383', '', '', '', '2019', '2', '125', '10', '1', '2');
INSERT INTO `detalleactividades` VALUES ('384', '', '', '', '2019', '2', '126', '10', '1', '3');
INSERT INTO `detalleactividades` VALUES ('385', '', '', '', '2019', '2', '127', '10', '1', '1');
INSERT INTO `detalleactividades` VALUES ('386', '', '', '', '2019', '2', '128', '10', '1', '2');
INSERT INTO `detalleactividades` VALUES ('387', '', '', '', '2019', '2', '129', '10', '1', '3');
INSERT INTO `detalleactividades` VALUES ('388', '', '', '', '2019', '2', '130', '10', '1', '4');
INSERT INTO `detalleactividades` VALUES ('389', '', '', '', '2019', '2', '131', '10', '1', '5');
INSERT INTO `detalleactividades` VALUES ('390', '', '', '', '2019', '2', '132', '10', '1', '6');
INSERT INTO `detalleactividades` VALUES ('391', '', '', '', '2019', '2', '133', '11', '1', '1');
INSERT INTO `detalleactividades` VALUES ('392', '', '', '', '2019', '2', '134', '11', '1', '2');
INSERT INTO `detalleactividades` VALUES ('393', '', '', '', '2019', '2', '135', '11', '1', '1');
INSERT INTO `detalleactividades` VALUES ('394', '', '', '', '2019', '2', '136', '11', '1', '2');
INSERT INTO `detalleactividades` VALUES ('395', '', '', '', '2019', '2', '137', '11', '1', '1');
INSERT INTO `detalleactividades` VALUES ('396', '', '', '', '2019', '2', '138', '11', '1', '1');
INSERT INTO `detalleactividades` VALUES ('397', '', '', '', '2019', '2', '139', '11', '1', '2');
INSERT INTO `detalleactividades` VALUES ('398', '', '', '', '2019', '2', '140', '12', '1', '1');
INSERT INTO `detalleactividades` VALUES ('399', '', '', '', '2019', '2', '141', '12', '1', '2');
INSERT INTO `detalleactividades` VALUES ('400', '', '', '', '2019', '2', '142', '12', '1', '3');
INSERT INTO `detalleactividades` VALUES ('401', '', '', '', '2019', '2', '143', '12', '1', '1');
INSERT INTO `detalleactividades` VALUES ('402', '', '', '', '2019', '2', '144', '12', '1', '2');
INSERT INTO `detalleactividades` VALUES ('403', '', '', '', '2019', '2', '145', '12', '1', '3');
INSERT INTO `detalleactividades` VALUES ('404', '', '', '', '2019', '2', '146', '12', '1', '4');
INSERT INTO `detalleactividades` VALUES ('405', '', '', '', '2019', '2', '147', '12', '1', '5');
INSERT INTO `detalleactividades` VALUES ('406', '', '', '', '2019', '2', '148', '12', '1', '6');
INSERT INTO `detalleactividades` VALUES ('407', '', '', '', '2019', '2', '149', '12', '1', '1');
INSERT INTO `detalleactividades` VALUES ('408', '', '', '', '2019', '2', '150', '12', '1', '2');
INSERT INTO `detalleactividades` VALUES ('409', '', '', '', '2019', '2', '151', '12', '1', '3');
INSERT INTO `detalleactividades` VALUES ('410', '', '', '', '2019', '2', '152', '12', '1', '4');
INSERT INTO `detalleactividades` VALUES ('411', '', '', '', '2019', '2', '153', '13', '1', '1');
INSERT INTO `detalleactividades` VALUES ('412', '', '', '', '2019', '2', '154', '13', '1', '2');
INSERT INTO `detalleactividades` VALUES ('413', '', '', '', '2019', '2', '155', '13', '1', '3');
INSERT INTO `detalleactividades` VALUES ('414', '', '', '', '2019', '2', '156', '13', '1', '4');
INSERT INTO `detalleactividades` VALUES ('415', '', '', '', '2019', '2', '157', '13', '1', '5');
INSERT INTO `detalleactividades` VALUES ('416', '', '', '', '2019', '2', '158', '13', '1', '6');
INSERT INTO `detalleactividades` VALUES ('417', '', '', '', '2019', '2', '159', '13', '1', '7');
INSERT INTO `detalleactividades` VALUES ('418', '', '', '', '2019', '2', '160', '14', '1', '1');
INSERT INTO `detalleactividades` VALUES ('419', '', '', '', '2019', '2', '161', '14', '1', '2');
INSERT INTO `detalleactividades` VALUES ('420', '', '', '', '2019', '2', '162', '14', '1', '3');
INSERT INTO `detalleactividades` VALUES ('421', '', '', '', '2019', '2', '163', '14', '1', '4');
INSERT INTO `detalleactividades` VALUES ('422', '', '', '', '2019', '2', '164', '14', '1', '5');
INSERT INTO `detalleactividades` VALUES ('423', '', '', '', '2019', '2', '165', '14', '1', '6');
INSERT INTO `detalleactividades` VALUES ('424', '', '', '', '2019', '2', '166', '14', '1', '7');
INSERT INTO `detalleactividades` VALUES ('425', '', '', '', '2019', '2', '167', '14', '1', '1');
INSERT INTO `detalleactividades` VALUES ('426', '', '', '', '2019', '2', '168', '14', '1', '2');
INSERT INTO `detalleactividades` VALUES ('427', '', '', '', '2019', '2', '169', '14', '1', '3');
INSERT INTO `detalleactividades` VALUES ('428', '', '', '', '2019', '2', '170', '14', '1', '4');
INSERT INTO `detalleactividades` VALUES ('429', '', '', '', '2019', '2', '171', '14', '1', '5');
INSERT INTO `detalleactividades` VALUES ('430', '', '', '', '2019', '2', '172', '14', '1', '6');
INSERT INTO `detalleactividades` VALUES ('431', '', '', '', '2019', '2', '173', '14', '1', '7');
INSERT INTO `detalleactividades` VALUES ('432', '', '', '', '2019', '2', '174', '14', '1', '8');
INSERT INTO `detalleactividades` VALUES ('433', '', '', '', '2019', '2', '175', '14', '1', '9');
INSERT INTO `detalleactividades` VALUES ('434', '', '', '', '2019', '2', '176', '14', '1', '10');
INSERT INTO `detalleactividades` VALUES ('435', '', '', '', '2019', '2', '177', '14', '1', '1');
INSERT INTO `detalleactividades` VALUES ('436', '', '', '', '2019', '2', '178', '14', '1', '2');
INSERT INTO `detalleactividades` VALUES ('437', '', '', '', '2019', '2', '179', '15', '1', '1');
INSERT INTO `detalleactividades` VALUES ('438', '', '', '', '2019', '2', '180', '15', '1', '2');
INSERT INTO `detalleactividades` VALUES ('439', '', '', '', '2019', '2', '181', '16', '1', '1');
INSERT INTO `detalleactividades` VALUES ('440', '', '', '', '2019', '2', '182', '16', '1', '2');
INSERT INTO `detalleactividades` VALUES ('441', '', '', '', '2019', '2', '183', '16', '1', '3');
INSERT INTO `detalleactividades` VALUES ('442', '', '', '', '2019', '2', '184', '16', '1', '4');
INSERT INTO `detalleactividades` VALUES ('443', '', '', '', '2019', '2', '185', '16', '1', '1');
INSERT INTO `detalleactividades` VALUES ('444', '', '', '', '2019', '2', '186', '16', '1', '2');
INSERT INTO `detalleactividades` VALUES ('445', '', '', '', '2019', '2', '187', '16', '1', '3');
INSERT INTO `detalleactividades` VALUES ('446', '', '', '', '2019', '2', '188', '16', '1', '4');
INSERT INTO `detalleactividades` VALUES ('447', '', '', '', '2019', '2', '189', '16', '1', '5');
INSERT INTO `detalleactividades` VALUES ('448', '', '', '', '2019', '2', '190', '16', '1', '6');
INSERT INTO `detalleactividades` VALUES ('449', '', '', '', '2019', '2', '191', '16', '1', '1');
INSERT INTO `detalleactividades` VALUES ('450', '', '', '', '2019', '2', '192', '16', '1', '2');
INSERT INTO `detalleactividades` VALUES ('451', '', '', '', '2019', '2', '193', '16', '1', '3');
INSERT INTO `detalleactividades` VALUES ('452', '', '', '', '2019', '2', '194', '16', '1', '4');
INSERT INTO `detalleactividades` VALUES ('453', '', '', '', '2019', '2', '195', '16', '1', '5');
INSERT INTO `detalleactividades` VALUES ('454', '', '', '', '2019', '2', '196', '16', '1', '1');
INSERT INTO `detalleactividades` VALUES ('455', '', '', '', '2019', '2', '197', '16', '1', '2');
INSERT INTO `detalleactividades` VALUES ('456', '', '', '', '2019', '2', '198', '16', '1', '3');
INSERT INTO `detalleactividades` VALUES ('457', '', '', '', '2019', '2', '199', '16', '1', '4');
INSERT INTO `detalleactividades` VALUES ('458', '', '', '', '2019', '2', '200', '16', '1', '5');
INSERT INTO `detalleactividades` VALUES ('459', '', '', '', '2019', '2', '201', '16', '1', '6');
INSERT INTO `detalleactividades` VALUES ('460', '', '', '', '2019', '2', '202', '16', '1', '1');
INSERT INTO `detalleactividades` VALUES ('461', '', '', '', '2019', '2', '203', '16', '1', '2');
INSERT INTO `detalleactividades` VALUES ('462', '', '', '', '2019', '2', '204', '16', '1', '3');
INSERT INTO `detalleactividades` VALUES ('463', '', '', '', '2019', '2', '205', '16', '1', '4');
INSERT INTO `detalleactividades` VALUES ('464', '', '', '', '2019', '2', '206', '16', '1', '5');
INSERT INTO `detalleactividades` VALUES ('465', '', '', '', '2019', '2', '207', '16', '1', '6');
INSERT INTO `detalleactividades` VALUES ('466', '', '', '', '2019', '2', '208', '16', '1', '7');
INSERT INTO `detalleactividades` VALUES ('467', '', '', '', '2019', '2', '209', '16', '1', '8');
INSERT INTO `detalleactividades` VALUES ('468', '', '', '', '2019', '2', '210', '16', '1', '9');
INSERT INTO `detalleactividades` VALUES ('469', '', '', '', '2019', '2', '211', '17', '1', '1');
INSERT INTO `detalleactividades` VALUES ('470', '', '', '', '2019', '2', '212', '17', '1', '2');
INSERT INTO `detalleactividades` VALUES ('471', '', '', '', '2019', '2', '213', '17', '1', '3');
INSERT INTO `detalleactividades` VALUES ('472', '', '', '', '2019', '2', '214', '17', '1', '4');
INSERT INTO `detalleactividades` VALUES ('473', '', '', '', '2019', '2', '215', '17', '1', '5');
INSERT INTO `detalleactividades` VALUES ('474', '', '', '', '2019', '2', '216', '17', '1', '6');
INSERT INTO `detalleactividades` VALUES ('475', '', '', '', '2019', '2', '217', '17', '1', '7');
INSERT INTO `detalleactividades` VALUES ('476', '', '', '', '2019', '2', '218', '17', '1', '1');
INSERT INTO `detalleactividades` VALUES ('477', '', '', '', '2019', '2', '219', '17', '1', '2');
INSERT INTO `detalleactividades` VALUES ('478', '', '', '', '2019', '2', '220', '17', '1', '1');
INSERT INTO `detalleactividades` VALUES ('479', '', '', '', '2019', '2', '221', '17', '1', '2');
INSERT INTO `detalleactividades` VALUES ('480', '', '', '', '2019', '2', '222', '17', '1', '3');
INSERT INTO `detalleactividades` VALUES ('481', '', '', '', '2019', '2', '223', '17', '1', '1');
INSERT INTO `detalleactividades` VALUES ('482', '', '', '', '2019', '2', '224', '17', '1', '2');
INSERT INTO `detalleactividades` VALUES ('483', '', '', '', '2019', '2', '225', '17', '1', '3');
INSERT INTO `detalleactividades` VALUES ('484', '', '', '', '2019', '2', '226', '17', '1', '4');
INSERT INTO `detalleactividades` VALUES ('485', '', '', '', '2019', '2', '227', '17', '1', '5');
INSERT INTO `detalleactividades` VALUES ('486', '', '', '', '2019', '2', '228', '17', '1', '6');
INSERT INTO `detalleactividades` VALUES ('487', '', '', '', '2019', '2', '229', '18', '1', '1');
INSERT INTO `detalleactividades` VALUES ('488', '', '', '', '2019', '2', '230', '18', '1', '2');
INSERT INTO `detalleactividades` VALUES ('489', '', '', '', '2019', '2', '231', '18', '1', '3');
INSERT INTO `detalleactividades` VALUES ('490', '', '', '', '2019', '2', '232', '18', '1', '4');
INSERT INTO `detalleactividades` VALUES ('491', '', '', '', '2019', '2', '233', '18', '1', '5');
INSERT INTO `detalleactividades` VALUES ('492', '', '', '', '2019', '2', '234', '18', '1', '6');
INSERT INTO `detalleactividades` VALUES ('493', '', '', '', '2019', '2', '235', '18', '1', '7');
INSERT INTO `detalleactividades` VALUES ('494', '', '', '', '2019', '2', '236', '18', '1', '1');
INSERT INTO `detalleactividades` VALUES ('495', '', '', '', '2019', '2', '237', '18', '1', '2');
INSERT INTO `detalleactividades` VALUES ('496', '', '', '', '2019', '2', '238', '18', '1', '3');
INSERT INTO `detalleactividades` VALUES ('497', '', '', '', '2019', '2', '239', '18', '1', '4');
INSERT INTO `detalleactividades` VALUES ('498', '', '', '', '2019', '2', '240', '18', '1', '5');
INSERT INTO `detalleactividades` VALUES ('499', '', '', '', '2019', '2', '241', '18', '1', '6');
INSERT INTO `detalleactividades` VALUES ('500', '', '', '', '2019', '2', '242', '3', '3', '1');
INSERT INTO `detalleactividades` VALUES ('501', '', '', '', '2019', '2', '243', '3', '3', '2');
INSERT INTO `detalleactividades` VALUES ('502', '', '', '', '2019', '2', '244', '3', '3', '3');
INSERT INTO `detalleactividades` VALUES ('503', '', '', '', '2019', '2', '245', '5', '3', '1');
INSERT INTO `detalleactividades` VALUES ('504', '', '', '', '2019', '2', '246', '5', '3', '2');
INSERT INTO `detalleactividades` VALUES ('505', '', '', '', '2019', '2', '247', '5', '3', '3');
INSERT INTO `detalleactividades` VALUES ('506', '', '', '', '2019', '2', '248', '5', '3', '4');
INSERT INTO `detalleactividades` VALUES ('507', '', '', '', '2019', '2', '249', '5', '3', '5');
INSERT INTO `detalleactividades` VALUES ('508', '', '', '', '2019', '2', '250', '8', '3', '1');
INSERT INTO `detalleactividades` VALUES ('509', '', '', '', '2019', '2', '251', '8', '3', '2');
INSERT INTO `detalleactividades` VALUES ('510', '', '', '', '2019', '2', '252', '8', '3', '3');
INSERT INTO `detalleactividades` VALUES ('511', '', '', '', '2019', '2', '253', '10', '3', '1');
INSERT INTO `detalleactividades` VALUES ('512', '', '', '', '2019', '2', '254', '10', '3', '1');
INSERT INTO `detalleactividades` VALUES ('513', '', '', '', '2019', '2', '255', '16', '3', '1');
INSERT INTO `detalleactividades` VALUES ('514', '', '', '', '2019', '2', '256', '17', '3', '1');
INSERT INTO `detalleactividades` VALUES ('515', '', '', '', '2019', '2', '257', '3', '4', '1');
INSERT INTO `detalleactividades` VALUES ('516', '', '', '', '2019', '2', '258', '3', '4', '2');
INSERT INTO `detalleactividades` VALUES ('517', '', '', '', '2019', '3', '1', '1', '1', '1');
INSERT INTO `detalleactividades` VALUES ('518', '', '', '', '2019', '3', '2', '1', '1', '2');
INSERT INTO `detalleactividades` VALUES ('519', '', '', '', '2019', '3', '3', '1', '1', '3');
INSERT INTO `detalleactividades` VALUES ('520', '', '', '', '2019', '3', '4', '1', '1', '4');
INSERT INTO `detalleactividades` VALUES ('521', '', '', '', '2019', '3', '5', '2', '1', '1');
INSERT INTO `detalleactividades` VALUES ('522', '', '', '', '2019', '3', '6', '2', '1', '2');
INSERT INTO `detalleactividades` VALUES ('523', '', '', '', '2019', '3', '7', '2', '1', '3');
INSERT INTO `detalleactividades` VALUES ('524', '', '', '', '2019', '3', '8', '2', '1', '4');
INSERT INTO `detalleactividades` VALUES ('525', '', '', '', '2019', '3', '9', '2', '1', '5');
INSERT INTO `detalleactividades` VALUES ('526', '', '', '', '2019', '3', '10', '2', '1', '6');
INSERT INTO `detalleactividades` VALUES ('527', '', '', '', '2019', '3', '11', '2', '1', '1');
INSERT INTO `detalleactividades` VALUES ('528', '', '', '', '2019', '3', '12', '2', '1', '2');
INSERT INTO `detalleactividades` VALUES ('529', '', '', '', '2019', '3', '13', '2', '1', '1');
INSERT INTO `detalleactividades` VALUES ('530', '', '', '', '2019', '3', '14', '2', '1', '2');
INSERT INTO `detalleactividades` VALUES ('531', '', '', '', '2019', '3', '15', '2', '1', '3');
INSERT INTO `detalleactividades` VALUES ('532', '', '', '', '2019', '3', '16', '2', '1', '4');
INSERT INTO `detalleactividades` VALUES ('533', '', '', '', '2019', '3', '17', '2', '1', '1');
INSERT INTO `detalleactividades` VALUES ('534', '', '', '', '2019', '3', '18', '2', '1', '1');
INSERT INTO `detalleactividades` VALUES ('535', '', '', '', '2019', '3', '19', '2', '1', '2');
INSERT INTO `detalleactividades` VALUES ('536', '', '', '', '2019', '3', '20', '2', '1', '3');
INSERT INTO `detalleactividades` VALUES ('537', '', '', '', '2019', '3', '21', '2', '1', '4');
INSERT INTO `detalleactividades` VALUES ('538', '', '', '', '2019', '3', '22', '2', '1', '5');
INSERT INTO `detalleactividades` VALUES ('539', '', '', '', '2019', '3', '23', '2', '1', '6');
INSERT INTO `detalleactividades` VALUES ('540', '', '', '', '2019', '3', '24', '2', '1', '7');
INSERT INTO `detalleactividades` VALUES ('541', '', '', '', '2019', '3', '25', '2', '1', '8');
INSERT INTO `detalleactividades` VALUES ('542', '', '', '', '2019', '3', '26', '2', '1', '1');
INSERT INTO `detalleactividades` VALUES ('543', '', '', '', '2019', '3', '27', '2', '1', '2');
INSERT INTO `detalleactividades` VALUES ('544', '', '', '', '2019', '3', '28', '2', '1', '3');
INSERT INTO `detalleactividades` VALUES ('545', '', '', '', '2019', '3', '29', '2', '1', '4');
INSERT INTO `detalleactividades` VALUES ('546', '', '', '', '2019', '3', '30', '2', '1', '1');
INSERT INTO `detalleactividades` VALUES ('547', '', '', '', '2019', '3', '31', '2', '1', '2');
INSERT INTO `detalleactividades` VALUES ('548', '', '', '', '2019', '3', '32', '3', '1', '1');
INSERT INTO `detalleactividades` VALUES ('549', '', '', '', '2019', '3', '33', '3', '1', '2');
INSERT INTO `detalleactividades` VALUES ('550', '', '', '', '2019', '3', '34', '3', '1', '3');
INSERT INTO `detalleactividades` VALUES ('551', '', '', '', '2019', '3', '35', '3', '1', '1');
INSERT INTO `detalleactividades` VALUES ('552', '', '', '', '2019', '3', '36', '3', '1', '2');
INSERT INTO `detalleactividades` VALUES ('553', '', '', '', '2019', '3', '37', '3', '1', '3');
INSERT INTO `detalleactividades` VALUES ('554', '', '', '', '2019', '3', '38', '3', '1', '4');
INSERT INTO `detalleactividades` VALUES ('555', '', '', '', '2019', '3', '39', '3', '1', '5');
INSERT INTO `detalleactividades` VALUES ('556', '', '', '', '2019', '3', '40', '3', '1', '6');
INSERT INTO `detalleactividades` VALUES ('557', '', '', '', '2019', '3', '41', '3', '1', '7');
INSERT INTO `detalleactividades` VALUES ('558', '', '', '', '2019', '3', '42', '3', '1', '8');
INSERT INTO `detalleactividades` VALUES ('559', '', '', '', '2019', '3', '43', '3', '1', '9');
INSERT INTO `detalleactividades` VALUES ('560', '', '', '', '2019', '3', '44', '3', '1', '10');
INSERT INTO `detalleactividades` VALUES ('561', '', '', '', '2019', '3', '45', '3', '1', '1');
INSERT INTO `detalleactividades` VALUES ('562', '', '', '', '2019', '3', '46', '3', '1', '2');
INSERT INTO `detalleactividades` VALUES ('563', '', '', '', '2019', '3', '47', '3', '1', '3');
INSERT INTO `detalleactividades` VALUES ('564', '', '', '', '2019', '3', '48', '4', '1', '1');
INSERT INTO `detalleactividades` VALUES ('565', '', '', '', '2019', '3', '49', '4', '1', '2');
INSERT INTO `detalleactividades` VALUES ('566', '', '', '', '2019', '3', '50', '4', '1', '3');
INSERT INTO `detalleactividades` VALUES ('567', '', '', '', '2019', '3', '51', '4', '1', '4');
INSERT INTO `detalleactividades` VALUES ('568', '', '', '', '2019', '3', '52', '4', '1', '5');
INSERT INTO `detalleactividades` VALUES ('569', '', '', '', '2019', '3', '53', '4', '1', '1');
INSERT INTO `detalleactividades` VALUES ('570', '', '', '', '2019', '3', '54', '4', '1', '2');
INSERT INTO `detalleactividades` VALUES ('571', '', '', '', '2019', '3', '55', '4', '1', '3');
INSERT INTO `detalleactividades` VALUES ('572', '', '', '', '2019', '3', '56', '4', '1', '4');
INSERT INTO `detalleactividades` VALUES ('573', '', '', '', '2019', '3', '57', '4', '1', '5');
INSERT INTO `detalleactividades` VALUES ('574', '', '', '', '2019', '3', '58', '5', '1', '1');
INSERT INTO `detalleactividades` VALUES ('575', '', '', '', '2019', '3', '59', '5', '1', '2');
INSERT INTO `detalleactividades` VALUES ('576', '', '', '', '2019', '3', '60', '5', '1', '3');
INSERT INTO `detalleactividades` VALUES ('577', '', '', '', '2019', '3', '61', '5', '1', '4');
INSERT INTO `detalleactividades` VALUES ('578', '', '', '', '2019', '3', '62', '5', '1', '5');
INSERT INTO `detalleactividades` VALUES ('579', '', '', '', '2019', '3', '63', '5', '1', '1');
INSERT INTO `detalleactividades` VALUES ('580', '', '', '', '2019', '3', '64', '5', '1', '2');
INSERT INTO `detalleactividades` VALUES ('581', '', '', '', '2019', '3', '65', '5', '1', '3');
INSERT INTO `detalleactividades` VALUES ('582', '', '', '', '2019', '3', '66', '5', '1', '4');
INSERT INTO `detalleactividades` VALUES ('583', '', '', '', '2019', '3', '67', '5', '1', '5');
INSERT INTO `detalleactividades` VALUES ('584', '', '', '', '2019', '3', '68', '5', '1', '6');
INSERT INTO `detalleactividades` VALUES ('585', '', '', '', '2019', '3', '69', '5', '1', '7');
INSERT INTO `detalleactividades` VALUES ('586', '', '', '', '2019', '3', '70', '6', '1', '1');
INSERT INTO `detalleactividades` VALUES ('587', '', '', '', '2019', '3', '71', '6', '1', '1');
INSERT INTO `detalleactividades` VALUES ('588', '', '', '', '2019', '3', '72', '6', '1', '2');
INSERT INTO `detalleactividades` VALUES ('589', '', '', '', '2019', '3', '73', '6', '1', '1');
INSERT INTO `detalleactividades` VALUES ('590', '', '', '', '2019', '3', '74', '6', '1', '2');
INSERT INTO `detalleactividades` VALUES ('591', '', '', '', '2019', '3', '75', '6', '1', '3');
INSERT INTO `detalleactividades` VALUES ('592', '', '', '', '2019', '3', '76', '6', '1', '4');
INSERT INTO `detalleactividades` VALUES ('593', '', '', '', '2019', '3', '77', '6', '1', '5');
INSERT INTO `detalleactividades` VALUES ('594', '', '', '', '2019', '3', '78', '6', '1', '6');
INSERT INTO `detalleactividades` VALUES ('595', '', '', '', '2019', '3', '79', '6', '1', '7');
INSERT INTO `detalleactividades` VALUES ('596', '', '', '', '2019', '3', '80', '6', '1', '8');
INSERT INTO `detalleactividades` VALUES ('597', '', '', '', '2019', '3', '81', '6', '1', '9');
INSERT INTO `detalleactividades` VALUES ('598', '', '', '', '2019', '3', '82', '6', '1', '1');
INSERT INTO `detalleactividades` VALUES ('599', '', '', '', '2019', '3', '83', '6', '1', '2');
INSERT INTO `detalleactividades` VALUES ('600', '', '', '', '2019', '3', '84', '7', '1', '1');
INSERT INTO `detalleactividades` VALUES ('601', '', '', '', '2019', '3', '85', '7', '1', '2');
INSERT INTO `detalleactividades` VALUES ('602', '', '', '', '2019', '3', '86', '7', '1', '3');
INSERT INTO `detalleactividades` VALUES ('603', '', '', '', '2019', '3', '87', '7', '1', '4');
INSERT INTO `detalleactividades` VALUES ('604', '', '', '', '2019', '3', '88', '7', '1', '5');
INSERT INTO `detalleactividades` VALUES ('605', '', '', '', '2019', '3', '89', '7', '1', '6');
INSERT INTO `detalleactividades` VALUES ('606', '', '', '', '2019', '3', '90', '7', '1', '7');
INSERT INTO `detalleactividades` VALUES ('607', '', '', '', '2019', '3', '91', '7', '1', '8');
INSERT INTO `detalleactividades` VALUES ('608', '', '', '', '2019', '3', '92', '7', '1', '9');
INSERT INTO `detalleactividades` VALUES ('609', '', '', '', '2019', '3', '93', '7', '1', '1');
INSERT INTO `detalleactividades` VALUES ('610', '', '', '', '2019', '3', '94', '7', '1', '1');
INSERT INTO `detalleactividades` VALUES ('611', '', '', '', '2019', '3', '95', '7', '1', '2');
INSERT INTO `detalleactividades` VALUES ('612', '', '', '', '2019', '3', '96', '7', '1', '3');
INSERT INTO `detalleactividades` VALUES ('613', '', '', '', '2019', '3', '97', '7', '1', '4');
INSERT INTO `detalleactividades` VALUES ('614', '', '', '', '2019', '3', '98', '8', '1', '1');
INSERT INTO `detalleactividades` VALUES ('615', '', '', '', '2019', '3', '99', '8', '1', '2');
INSERT INTO `detalleactividades` VALUES ('616', '', '', '', '2019', '3', '100', '8', '1', '3');
INSERT INTO `detalleactividades` VALUES ('617', '', '', '', '2019', '3', '101', '8', '1', '1');
INSERT INTO `detalleactividades` VALUES ('618', '', '', '', '2019', '3', '102', '8', '1', '2');
INSERT INTO `detalleactividades` VALUES ('619', '', '', '', '2019', '3', '103', '8', '1', '1');
INSERT INTO `detalleactividades` VALUES ('620', '', '', '', '2019', '3', '104', '8', '1', '2');
INSERT INTO `detalleactividades` VALUES ('621', '', '', '', '2019', '3', '105', '8', '1', '3');
INSERT INTO `detalleactividades` VALUES ('622', '', '', '', '2019', '3', '106', '8', '1', '4');
INSERT INTO `detalleactividades` VALUES ('623', '', '', '', '2019', '3', '107', '8', '1', '5');
INSERT INTO `detalleactividades` VALUES ('624', '', '', '', '2019', '3', '108', '8', '1', '6');
INSERT INTO `detalleactividades` VALUES ('625', '', '', '', '2019', '3', '109', '8', '1', '7');
INSERT INTO `detalleactividades` VALUES ('626', '', '', '', '2019', '3', '110', '8', '1', '8');
INSERT INTO `detalleactividades` VALUES ('627', '', '', '', '2019', '3', '111', '9', '1', '1');
INSERT INTO `detalleactividades` VALUES ('628', '', '', '', '2019', '3', '112', '9', '1', '1');
INSERT INTO `detalleactividades` VALUES ('629', '', '', '', '2019', '3', '113', '9', '1', '2');
INSERT INTO `detalleactividades` VALUES ('630', '', '', '', '2019', '3', '114', '9', '1', '3');
INSERT INTO `detalleactividades` VALUES ('631', '', '', '', '2019', '3', '115', '9', '1', '4');
INSERT INTO `detalleactividades` VALUES ('632', '', '', '', '2019', '3', '116', '9', '1', '5');
INSERT INTO `detalleactividades` VALUES ('633', '', '', '', '2019', '3', '117', '9', '1', '6');
INSERT INTO `detalleactividades` VALUES ('634', '', '', '', '2019', '3', '118', '9', '1', '1');
INSERT INTO `detalleactividades` VALUES ('635', '', '', '', '2019', '3', '119', '9', '1', '2');
INSERT INTO `detalleactividades` VALUES ('636', '', '', '', '2019', '3', '120', '10', '1', '1');
INSERT INTO `detalleactividades` VALUES ('637', '', '', '', '2019', '3', '121', '10', '1', '2');
INSERT INTO `detalleactividades` VALUES ('638', '', '', '', '2019', '3', '122', '10', '1', '3');
INSERT INTO `detalleactividades` VALUES ('639', '', '', '', '2019', '3', '123', '10', '1', '4');
INSERT INTO `detalleactividades` VALUES ('640', '', '', '', '2019', '3', '124', '10', '1', '1');
INSERT INTO `detalleactividades` VALUES ('641', '', '', '', '2019', '3', '125', '10', '1', '2');
INSERT INTO `detalleactividades` VALUES ('642', '', '', '', '2019', '3', '126', '10', '1', '3');
INSERT INTO `detalleactividades` VALUES ('643', '', '', '', '2019', '3', '127', '10', '1', '1');
INSERT INTO `detalleactividades` VALUES ('644', '', '', '', '2019', '3', '128', '10', '1', '2');
INSERT INTO `detalleactividades` VALUES ('645', '', '', '', '2019', '3', '129', '10', '1', '3');
INSERT INTO `detalleactividades` VALUES ('646', '', '', '', '2019', '3', '130', '10', '1', '4');
INSERT INTO `detalleactividades` VALUES ('647', '', '', '', '2019', '3', '131', '10', '1', '5');
INSERT INTO `detalleactividades` VALUES ('648', '', '', '', '2019', '3', '132', '10', '1', '6');
INSERT INTO `detalleactividades` VALUES ('649', '', '', '', '2019', '3', '133', '11', '1', '1');
INSERT INTO `detalleactividades` VALUES ('650', '', '', '', '2019', '3', '134', '11', '1', '2');
INSERT INTO `detalleactividades` VALUES ('651', '', '', '', '2019', '3', '135', '11', '1', '1');
INSERT INTO `detalleactividades` VALUES ('652', '', '', '', '2019', '3', '136', '11', '1', '2');
INSERT INTO `detalleactividades` VALUES ('653', '', '', '', '2019', '3', '137', '11', '1', '1');
INSERT INTO `detalleactividades` VALUES ('654', '', '', '', '2019', '3', '138', '11', '1', '1');
INSERT INTO `detalleactividades` VALUES ('655', '', '', '', '2019', '3', '139', '11', '1', '2');
INSERT INTO `detalleactividades` VALUES ('656', '', '', '', '2019', '3', '140', '12', '1', '1');
INSERT INTO `detalleactividades` VALUES ('657', '', '', '', '2019', '3', '141', '12', '1', '2');
INSERT INTO `detalleactividades` VALUES ('658', '', '', '', '2019', '3', '142', '12', '1', '3');
INSERT INTO `detalleactividades` VALUES ('659', '', '', '', '2019', '3', '143', '12', '1', '1');
INSERT INTO `detalleactividades` VALUES ('660', '', '', '', '2019', '3', '144', '12', '1', '2');
INSERT INTO `detalleactividades` VALUES ('661', '', '', '', '2019', '3', '145', '12', '1', '3');
INSERT INTO `detalleactividades` VALUES ('662', '', '', '', '2019', '3', '146', '12', '1', '4');
INSERT INTO `detalleactividades` VALUES ('663', '', '', '', '2019', '3', '147', '12', '1', '5');
INSERT INTO `detalleactividades` VALUES ('664', '', '', '', '2019', '3', '148', '12', '1', '6');
INSERT INTO `detalleactividades` VALUES ('665', '', '', '', '2019', '3', '149', '12', '1', '1');
INSERT INTO `detalleactividades` VALUES ('666', '', '', '', '2019', '3', '150', '12', '1', '2');
INSERT INTO `detalleactividades` VALUES ('667', '', '', '', '2019', '3', '151', '12', '1', '3');
INSERT INTO `detalleactividades` VALUES ('668', '', '', '', '2019', '3', '152', '12', '1', '4');
INSERT INTO `detalleactividades` VALUES ('669', '', '', '', '2019', '3', '153', '13', '1', '1');
INSERT INTO `detalleactividades` VALUES ('670', '', '', '', '2019', '3', '154', '13', '1', '2');
INSERT INTO `detalleactividades` VALUES ('671', '', '', '', '2019', '3', '155', '13', '1', '3');
INSERT INTO `detalleactividades` VALUES ('672', '', '', '', '2019', '3', '156', '13', '1', '4');
INSERT INTO `detalleactividades` VALUES ('673', '', '', '', '2019', '3', '157', '13', '1', '5');
INSERT INTO `detalleactividades` VALUES ('674', '', '', '', '2019', '3', '158', '13', '1', '6');
INSERT INTO `detalleactividades` VALUES ('675', '', '', '', '2019', '3', '159', '13', '1', '7');
INSERT INTO `detalleactividades` VALUES ('676', '', '', '', '2019', '3', '160', '14', '1', '1');
INSERT INTO `detalleactividades` VALUES ('677', '', '', '', '2019', '3', '161', '14', '1', '2');
INSERT INTO `detalleactividades` VALUES ('678', '', '', '', '2019', '3', '162', '14', '1', '3');
INSERT INTO `detalleactividades` VALUES ('679', '', '', '', '2019', '3', '163', '14', '1', '4');
INSERT INTO `detalleactividades` VALUES ('680', '', '', '', '2019', '3', '164', '14', '1', '5');
INSERT INTO `detalleactividades` VALUES ('681', '', '', '', '2019', '3', '165', '14', '1', '6');
INSERT INTO `detalleactividades` VALUES ('682', '', '', '', '2019', '3', '166', '14', '1', '7');
INSERT INTO `detalleactividades` VALUES ('683', '', '', '', '2019', '3', '167', '14', '1', '1');
INSERT INTO `detalleactividades` VALUES ('684', '', '', '', '2019', '3', '168', '14', '1', '2');
INSERT INTO `detalleactividades` VALUES ('685', '', '', '', '2019', '3', '169', '14', '1', '3');
INSERT INTO `detalleactividades` VALUES ('686', '', '', '', '2019', '3', '170', '14', '1', '4');
INSERT INTO `detalleactividades` VALUES ('687', '', '', '', '2019', '3', '171', '14', '1', '5');
INSERT INTO `detalleactividades` VALUES ('688', '', '', '', '2019', '3', '172', '14', '1', '6');
INSERT INTO `detalleactividades` VALUES ('689', '', '', '', '2019', '3', '173', '14', '1', '7');
INSERT INTO `detalleactividades` VALUES ('690', '', '', '', '2019', '3', '174', '14', '1', '8');
INSERT INTO `detalleactividades` VALUES ('691', '', '', '', '2019', '3', '175', '14', '1', '9');
INSERT INTO `detalleactividades` VALUES ('692', '', '', '', '2019', '3', '176', '14', '1', '10');
INSERT INTO `detalleactividades` VALUES ('693', '', '', '', '2019', '3', '177', '14', '1', '1');
INSERT INTO `detalleactividades` VALUES ('694', '', '', '', '2019', '3', '178', '14', '1', '2');
INSERT INTO `detalleactividades` VALUES ('695', '', '', '', '2019', '3', '179', '15', '1', '1');
INSERT INTO `detalleactividades` VALUES ('696', '', '', '', '2019', '3', '180', '15', '1', '2');
INSERT INTO `detalleactividades` VALUES ('697', '', '', '', '2019', '3', '181', '16', '1', '1');
INSERT INTO `detalleactividades` VALUES ('698', '', '', '', '2019', '3', '182', '16', '1', '2');
INSERT INTO `detalleactividades` VALUES ('699', '', '', '', '2019', '3', '183', '16', '1', '3');
INSERT INTO `detalleactividades` VALUES ('700', '', '', '', '2019', '3', '184', '16', '1', '4');
INSERT INTO `detalleactividades` VALUES ('701', '', '', '', '2019', '3', '185', '16', '1', '1');
INSERT INTO `detalleactividades` VALUES ('702', '', '', '', '2019', '3', '186', '16', '1', '2');
INSERT INTO `detalleactividades` VALUES ('703', '', '', '', '2019', '3', '187', '16', '1', '3');
INSERT INTO `detalleactividades` VALUES ('704', '', '', '', '2019', '3', '188', '16', '1', '4');
INSERT INTO `detalleactividades` VALUES ('705', '', '', '', '2019', '3', '189', '16', '1', '5');
INSERT INTO `detalleactividades` VALUES ('706', '', '', '', '2019', '3', '190', '16', '1', '6');
INSERT INTO `detalleactividades` VALUES ('707', '', '', '', '2019', '3', '191', '16', '1', '1');
INSERT INTO `detalleactividades` VALUES ('708', '', '', '', '2019', '3', '192', '16', '1', '2');
INSERT INTO `detalleactividades` VALUES ('709', '', '', '', '2019', '3', '193', '16', '1', '3');
INSERT INTO `detalleactividades` VALUES ('710', '', '', '', '2019', '3', '194', '16', '1', '4');
INSERT INTO `detalleactividades` VALUES ('711', '', '', '', '2019', '3', '195', '16', '1', '5');
INSERT INTO `detalleactividades` VALUES ('712', '', '', '', '2019', '3', '196', '16', '1', '1');
INSERT INTO `detalleactividades` VALUES ('713', '', '', '', '2019', '3', '197', '16', '1', '2');
INSERT INTO `detalleactividades` VALUES ('714', '', '', '', '2019', '3', '198', '16', '1', '3');
INSERT INTO `detalleactividades` VALUES ('715', '', '', '', '2019', '3', '199', '16', '1', '4');
INSERT INTO `detalleactividades` VALUES ('716', '', '', '', '2019', '3', '200', '16', '1', '5');
INSERT INTO `detalleactividades` VALUES ('717', '', '', '', '2019', '3', '201', '16', '1', '6');
INSERT INTO `detalleactividades` VALUES ('718', '', '', '', '2019', '3', '202', '16', '1', '1');
INSERT INTO `detalleactividades` VALUES ('719', '', '', '', '2019', '3', '203', '16', '1', '2');
INSERT INTO `detalleactividades` VALUES ('720', '', '', '', '2019', '3', '204', '16', '1', '3');
INSERT INTO `detalleactividades` VALUES ('721', '', '', '', '2019', '3', '205', '16', '1', '4');
INSERT INTO `detalleactividades` VALUES ('722', '', '', '', '2019', '3', '206', '16', '1', '5');
INSERT INTO `detalleactividades` VALUES ('723', '', '', '', '2019', '3', '207', '16', '1', '6');
INSERT INTO `detalleactividades` VALUES ('724', '', '', '', '2019', '3', '208', '16', '1', '7');
INSERT INTO `detalleactividades` VALUES ('725', '', '', '', '2019', '3', '209', '16', '1', '8');
INSERT INTO `detalleactividades` VALUES ('726', '', '', '', '2019', '3', '210', '16', '1', '9');
INSERT INTO `detalleactividades` VALUES ('727', '', '', '', '2019', '3', '211', '17', '1', '1');
INSERT INTO `detalleactividades` VALUES ('728', '', '', '', '2019', '3', '212', '17', '1', '2');
INSERT INTO `detalleactividades` VALUES ('729', '', '', '', '2019', '3', '213', '17', '1', '3');
INSERT INTO `detalleactividades` VALUES ('730', '', '', '', '2019', '3', '214', '17', '1', '4');
INSERT INTO `detalleactividades` VALUES ('731', '', '', '', '2019', '3', '215', '17', '1', '5');
INSERT INTO `detalleactividades` VALUES ('732', '', '', '', '2019', '3', '216', '17', '1', '6');
INSERT INTO `detalleactividades` VALUES ('733', '', '', '', '2019', '3', '217', '17', '1', '7');
INSERT INTO `detalleactividades` VALUES ('734', '', '', '', '2019', '3', '218', '17', '1', '1');
INSERT INTO `detalleactividades` VALUES ('735', '', '', '', '2019', '3', '219', '17', '1', '2');
INSERT INTO `detalleactividades` VALUES ('736', '', '', '', '2019', '3', '220', '17', '1', '1');
INSERT INTO `detalleactividades` VALUES ('737', '', '', '', '2019', '3', '221', '17', '1', '2');
INSERT INTO `detalleactividades` VALUES ('738', '', '', '', '2019', '3', '222', '17', '1', '3');
INSERT INTO `detalleactividades` VALUES ('739', '', '', '', '2019', '3', '223', '17', '1', '1');
INSERT INTO `detalleactividades` VALUES ('740', '', '', '', '2019', '3', '224', '17', '1', '2');
INSERT INTO `detalleactividades` VALUES ('741', '', '', '', '2019', '3', '225', '17', '1', '3');
INSERT INTO `detalleactividades` VALUES ('742', '', '', '', '2019', '3', '226', '17', '1', '4');
INSERT INTO `detalleactividades` VALUES ('743', '', '', '', '2019', '3', '227', '17', '1', '5');
INSERT INTO `detalleactividades` VALUES ('744', '', '', '', '2019', '3', '228', '17', '1', '6');
INSERT INTO `detalleactividades` VALUES ('745', '', '', '', '2019', '3', '229', '18', '1', '1');
INSERT INTO `detalleactividades` VALUES ('746', '', '', '', '2019', '3', '230', '18', '1', '2');
INSERT INTO `detalleactividades` VALUES ('747', '', '', '', '2019', '3', '231', '18', '1', '3');
INSERT INTO `detalleactividades` VALUES ('748', '', '', '', '2019', '3', '232', '18', '1', '4');
INSERT INTO `detalleactividades` VALUES ('749', '', '', '', '2019', '3', '233', '18', '1', '5');
INSERT INTO `detalleactividades` VALUES ('750', '', '', '', '2019', '3', '234', '18', '1', '6');
INSERT INTO `detalleactividades` VALUES ('751', '', '', '', '2019', '3', '235', '18', '1', '7');
INSERT INTO `detalleactividades` VALUES ('752', '', '', '', '2019', '3', '236', '18', '1', '1');
INSERT INTO `detalleactividades` VALUES ('753', '', '', '', '2019', '3', '237', '18', '1', '2');
INSERT INTO `detalleactividades` VALUES ('754', '', '', '', '2019', '3', '238', '18', '1', '3');
INSERT INTO `detalleactividades` VALUES ('755', '', '', '', '2019', '3', '239', '18', '1', '4');
INSERT INTO `detalleactividades` VALUES ('756', '', '', '', '2019', '3', '240', '18', '1', '5');
INSERT INTO `detalleactividades` VALUES ('757', '', '', '', '2019', '3', '241', '18', '1', '6');
INSERT INTO `detalleactividades` VALUES ('758', '', '', '', '2019', '3', '242', '3', '3', '1');
INSERT INTO `detalleactividades` VALUES ('759', '', '', '', '2019', '3', '243', '3', '3', '2');
INSERT INTO `detalleactividades` VALUES ('760', '', '', '', '2019', '3', '244', '3', '3', '3');
INSERT INTO `detalleactividades` VALUES ('761', '', '', '', '2019', '3', '245', '5', '3', '1');
INSERT INTO `detalleactividades` VALUES ('762', '', '', '', '2019', '3', '246', '5', '3', '2');
INSERT INTO `detalleactividades` VALUES ('763', '', '', '', '2019', '3', '247', '5', '3', '3');
INSERT INTO `detalleactividades` VALUES ('764', '', '', '', '2019', '3', '248', '5', '3', '4');
INSERT INTO `detalleactividades` VALUES ('765', '', '', '', '2019', '3', '249', '5', '3', '5');
INSERT INTO `detalleactividades` VALUES ('766', '', '', '', '2019', '3', '250', '8', '3', '1');
INSERT INTO `detalleactividades` VALUES ('767', '', '', '', '2019', '3', '251', '8', '3', '2');
INSERT INTO `detalleactividades` VALUES ('768', '', '', '', '2019', '3', '252', '8', '3', '3');
INSERT INTO `detalleactividades` VALUES ('769', '', '', '', '2019', '3', '253', '10', '3', '1');
INSERT INTO `detalleactividades` VALUES ('770', '', '', '', '2019', '3', '254', '10', '3', '1');
INSERT INTO `detalleactividades` VALUES ('771', '', '', '', '2019', '3', '255', '16', '3', '1');
INSERT INTO `detalleactividades` VALUES ('772', '', '', '', '2019', '3', '256', '17', '3', '1');
INSERT INTO `detalleactividades` VALUES ('773', '', '', '', '2019', '3', '257', '3', '4', '1');
INSERT INTO `detalleactividades` VALUES ('774', '', '', '', '2019', '3', '258', '3', '4', '2');
INSERT INTO `detalleactividades` VALUES ('775', '', '', '', '2019', '4', '1', '1', '1', '1');
INSERT INTO `detalleactividades` VALUES ('776', '', '', '', '2019', '4', '2', '1', '1', '2');
INSERT INTO `detalleactividades` VALUES ('777', '', '', '', '2019', '4', '3', '1', '1', '3');
INSERT INTO `detalleactividades` VALUES ('778', '', '', '', '2019', '4', '4', '1', '1', '4');
INSERT INTO `detalleactividades` VALUES ('779', '', '', '', '2019', '4', '5', '2', '1', '1');
INSERT INTO `detalleactividades` VALUES ('780', '', '', '', '2019', '4', '6', '2', '1', '2');
INSERT INTO `detalleactividades` VALUES ('781', '', '', '', '2019', '4', '7', '2', '1', '3');
INSERT INTO `detalleactividades` VALUES ('782', '', '', '', '2019', '4', '8', '2', '1', '4');
INSERT INTO `detalleactividades` VALUES ('783', '', '', '', '2019', '4', '9', '2', '1', '5');
INSERT INTO `detalleactividades` VALUES ('784', '', '', '', '2019', '4', '10', '2', '1', '6');
INSERT INTO `detalleactividades` VALUES ('785', '', '', '', '2019', '4', '11', '2', '1', '1');
INSERT INTO `detalleactividades` VALUES ('786', '', '', '', '2019', '4', '12', '2', '1', '2');
INSERT INTO `detalleactividades` VALUES ('787', '', '', '', '2019', '4', '13', '2', '1', '1');
INSERT INTO `detalleactividades` VALUES ('788', '', '', '', '2019', '4', '14', '2', '1', '2');
INSERT INTO `detalleactividades` VALUES ('789', '', '', '', '2019', '4', '15', '2', '1', '3');
INSERT INTO `detalleactividades` VALUES ('790', '', '', '', '2019', '4', '16', '2', '1', '4');
INSERT INTO `detalleactividades` VALUES ('791', '', '', '', '2019', '4', '17', '2', '1', '1');
INSERT INTO `detalleactividades` VALUES ('792', '', '', '', '2019', '4', '18', '2', '1', '1');
INSERT INTO `detalleactividades` VALUES ('793', '', '', '', '2019', '4', '19', '2', '1', '2');
INSERT INTO `detalleactividades` VALUES ('794', '', '', '', '2019', '4', '20', '2', '1', '3');
INSERT INTO `detalleactividades` VALUES ('795', '', '', '', '2019', '4', '21', '2', '1', '4');
INSERT INTO `detalleactividades` VALUES ('796', '', '', '', '2019', '4', '22', '2', '1', '5');
INSERT INTO `detalleactividades` VALUES ('797', '', '', '', '2019', '4', '23', '2', '1', '6');
INSERT INTO `detalleactividades` VALUES ('798', '', '', '', '2019', '4', '24', '2', '1', '7');
INSERT INTO `detalleactividades` VALUES ('799', '', '', '', '2019', '4', '25', '2', '1', '8');
INSERT INTO `detalleactividades` VALUES ('800', '', '', '', '2019', '4', '26', '2', '1', '1');
INSERT INTO `detalleactividades` VALUES ('801', '', '', '', '2019', '4', '27', '2', '1', '2');
INSERT INTO `detalleactividades` VALUES ('802', '', '', '', '2019', '4', '28', '2', '1', '3');
INSERT INTO `detalleactividades` VALUES ('803', '', '', '', '2019', '4', '29', '2', '1', '4');
INSERT INTO `detalleactividades` VALUES ('804', '', '', '', '2019', '4', '30', '2', '1', '1');
INSERT INTO `detalleactividades` VALUES ('805', '', '', '', '2019', '4', '31', '2', '1', '2');
INSERT INTO `detalleactividades` VALUES ('806', '', '', '', '2019', '4', '32', '3', '1', '1');
INSERT INTO `detalleactividades` VALUES ('807', '', '', '', '2019', '4', '33', '3', '1', '2');
INSERT INTO `detalleactividades` VALUES ('808', '', '', '', '2019', '4', '34', '3', '1', '3');
INSERT INTO `detalleactividades` VALUES ('809', '', '', '', '2019', '4', '35', '3', '1', '1');
INSERT INTO `detalleactividades` VALUES ('810', '', '', '', '2019', '4', '36', '3', '1', '2');
INSERT INTO `detalleactividades` VALUES ('811', '', '', '', '2019', '4', '37', '3', '1', '3');
INSERT INTO `detalleactividades` VALUES ('812', '', '', '', '2019', '4', '38', '3', '1', '4');
INSERT INTO `detalleactividades` VALUES ('813', '', '', '', '2019', '4', '39', '3', '1', '5');
INSERT INTO `detalleactividades` VALUES ('814', '', '', '', '2019', '4', '40', '3', '1', '6');
INSERT INTO `detalleactividades` VALUES ('815', '', '', '', '2019', '4', '41', '3', '1', '7');
INSERT INTO `detalleactividades` VALUES ('816', '', '', '', '2019', '4', '42', '3', '1', '8');
INSERT INTO `detalleactividades` VALUES ('817', '', '', '', '2019', '4', '43', '3', '1', '9');
INSERT INTO `detalleactividades` VALUES ('818', '', '', '', '2019', '4', '44', '3', '1', '10');
INSERT INTO `detalleactividades` VALUES ('819', '', '', '', '2019', '4', '45', '3', '1', '1');
INSERT INTO `detalleactividades` VALUES ('820', '', '', '', '2019', '4', '46', '3', '1', '2');
INSERT INTO `detalleactividades` VALUES ('821', '', '', '', '2019', '4', '47', '3', '1', '3');
INSERT INTO `detalleactividades` VALUES ('822', '', '', '', '2019', '4', '48', '4', '1', '1');
INSERT INTO `detalleactividades` VALUES ('823', '', '', '', '2019', '4', '49', '4', '1', '2');
INSERT INTO `detalleactividades` VALUES ('824', '', '', '', '2019', '4', '50', '4', '1', '3');
INSERT INTO `detalleactividades` VALUES ('825', '', '', '', '2019', '4', '51', '4', '1', '4');
INSERT INTO `detalleactividades` VALUES ('826', '', '', '', '2019', '4', '52', '4', '1', '5');
INSERT INTO `detalleactividades` VALUES ('827', '', '', '', '2019', '4', '53', '4', '1', '1');
INSERT INTO `detalleactividades` VALUES ('828', '', '', '', '2019', '4', '54', '4', '1', '2');
INSERT INTO `detalleactividades` VALUES ('829', '', '', '', '2019', '4', '55', '4', '1', '3');
INSERT INTO `detalleactividades` VALUES ('830', '', '', '', '2019', '4', '56', '4', '1', '4');
INSERT INTO `detalleactividades` VALUES ('831', '', '', '', '2019', '4', '57', '4', '1', '5');
INSERT INTO `detalleactividades` VALUES ('832', '', '', '', '2019', '4', '58', '5', '1', '1');
INSERT INTO `detalleactividades` VALUES ('833', '', '', '', '2019', '4', '59', '5', '1', '2');
INSERT INTO `detalleactividades` VALUES ('834', '', '', '', '2019', '4', '60', '5', '1', '3');
INSERT INTO `detalleactividades` VALUES ('835', '', '', '', '2019', '4', '61', '5', '1', '4');
INSERT INTO `detalleactividades` VALUES ('836', '', '', '', '2019', '4', '62', '5', '1', '5');
INSERT INTO `detalleactividades` VALUES ('837', '', '', '', '2019', '4', '63', '5', '1', '1');
INSERT INTO `detalleactividades` VALUES ('838', '', '', '', '2019', '4', '64', '5', '1', '2');
INSERT INTO `detalleactividades` VALUES ('839', '', '', '', '2019', '4', '65', '5', '1', '3');
INSERT INTO `detalleactividades` VALUES ('840', '', '', '', '2019', '4', '66', '5', '1', '4');
INSERT INTO `detalleactividades` VALUES ('841', '', '', '', '2019', '4', '67', '5', '1', '5');
INSERT INTO `detalleactividades` VALUES ('842', '', '', '', '2019', '4', '68', '5', '1', '6');
INSERT INTO `detalleactividades` VALUES ('843', '', '', '', '2019', '4', '69', '5', '1', '7');
INSERT INTO `detalleactividades` VALUES ('844', '', '', '', '2019', '4', '70', '6', '1', '1');
INSERT INTO `detalleactividades` VALUES ('845', '', '', '', '2019', '4', '71', '6', '1', '1');
INSERT INTO `detalleactividades` VALUES ('846', '', '', '', '2019', '4', '72', '6', '1', '2');
INSERT INTO `detalleactividades` VALUES ('847', '', '', '', '2019', '4', '73', '6', '1', '1');
INSERT INTO `detalleactividades` VALUES ('848', '', '', '', '2019', '4', '74', '6', '1', '2');
INSERT INTO `detalleactividades` VALUES ('849', '', '', '', '2019', '4', '75', '6', '1', '3');
INSERT INTO `detalleactividades` VALUES ('850', '', '', '', '2019', '4', '76', '6', '1', '4');
INSERT INTO `detalleactividades` VALUES ('851', '', '', '', '2019', '4', '77', '6', '1', '5');
INSERT INTO `detalleactividades` VALUES ('852', '', '', '', '2019', '4', '78', '6', '1', '6');
INSERT INTO `detalleactividades` VALUES ('853', '', '', '', '2019', '4', '79', '6', '1', '7');
INSERT INTO `detalleactividades` VALUES ('854', '', '', '', '2019', '4', '80', '6', '1', '8');
INSERT INTO `detalleactividades` VALUES ('855', '', '', '', '2019', '4', '81', '6', '1', '9');
INSERT INTO `detalleactividades` VALUES ('856', '', '', '', '2019', '4', '82', '6', '1', '1');
INSERT INTO `detalleactividades` VALUES ('857', '', '', '', '2019', '4', '83', '6', '1', '2');
INSERT INTO `detalleactividades` VALUES ('858', '', '', '', '2019', '4', '84', '7', '1', '1');
INSERT INTO `detalleactividades` VALUES ('859', '', '', '', '2019', '4', '85', '7', '1', '2');
INSERT INTO `detalleactividades` VALUES ('860', '', '', '', '2019', '4', '86', '7', '1', '3');
INSERT INTO `detalleactividades` VALUES ('861', '', '', '', '2019', '4', '87', '7', '1', '4');
INSERT INTO `detalleactividades` VALUES ('862', '', '', '', '2019', '4', '88', '7', '1', '5');
INSERT INTO `detalleactividades` VALUES ('863', '', '', '', '2019', '4', '89', '7', '1', '6');
INSERT INTO `detalleactividades` VALUES ('864', '', '', '', '2019', '4', '90', '7', '1', '7');
INSERT INTO `detalleactividades` VALUES ('865', '', '', '', '2019', '4', '91', '7', '1', '8');
INSERT INTO `detalleactividades` VALUES ('866', '', '', '', '2019', '4', '92', '7', '1', '9');
INSERT INTO `detalleactividades` VALUES ('867', '', '', '', '2019', '4', '93', '7', '1', '1');
INSERT INTO `detalleactividades` VALUES ('868', '', '', '', '2019', '4', '94', '7', '1', '1');
INSERT INTO `detalleactividades` VALUES ('869', '', '', '', '2019', '4', '95', '7', '1', '2');
INSERT INTO `detalleactividades` VALUES ('870', '', '', '', '2019', '4', '96', '7', '1', '3');
INSERT INTO `detalleactividades` VALUES ('871', '', '', '', '2019', '4', '97', '7', '1', '4');
INSERT INTO `detalleactividades` VALUES ('872', '', '', '', '2019', '4', '98', '8', '1', '1');
INSERT INTO `detalleactividades` VALUES ('873', '', '', '', '2019', '4', '99', '8', '1', '2');
INSERT INTO `detalleactividades` VALUES ('874', '', '', '', '2019', '4', '100', '8', '1', '3');
INSERT INTO `detalleactividades` VALUES ('875', '', '', '', '2019', '4', '101', '8', '1', '1');
INSERT INTO `detalleactividades` VALUES ('876', '', '', '', '2019', '4', '102', '8', '1', '2');
INSERT INTO `detalleactividades` VALUES ('877', '', '', '', '2019', '4', '103', '8', '1', '1');
INSERT INTO `detalleactividades` VALUES ('878', '', '', '', '2019', '4', '104', '8', '1', '2');
INSERT INTO `detalleactividades` VALUES ('879', '', '', '', '2019', '4', '105', '8', '1', '3');
INSERT INTO `detalleactividades` VALUES ('880', '', '', '', '2019', '4', '106', '8', '1', '4');
INSERT INTO `detalleactividades` VALUES ('881', '', '', '', '2019', '4', '107', '8', '1', '5');
INSERT INTO `detalleactividades` VALUES ('882', '', '', '', '2019', '4', '108', '8', '1', '6');
INSERT INTO `detalleactividades` VALUES ('883', '', '', '', '2019', '4', '109', '8', '1', '7');
INSERT INTO `detalleactividades` VALUES ('884', '', '', '', '2019', '4', '110', '8', '1', '8');
INSERT INTO `detalleactividades` VALUES ('885', '', '', '', '2019', '4', '111', '9', '1', '1');
INSERT INTO `detalleactividades` VALUES ('886', '', '', '', '2019', '4', '112', '9', '1', '1');
INSERT INTO `detalleactividades` VALUES ('887', '', '', '', '2019', '4', '113', '9', '1', '2');
INSERT INTO `detalleactividades` VALUES ('888', '', '', '', '2019', '4', '114', '9', '1', '3');
INSERT INTO `detalleactividades` VALUES ('889', '', '', '', '2019', '4', '115', '9', '1', '4');
INSERT INTO `detalleactividades` VALUES ('890', '', '', '', '2019', '4', '116', '9', '1', '5');
INSERT INTO `detalleactividades` VALUES ('891', '', '', '', '2019', '4', '117', '9', '1', '6');
INSERT INTO `detalleactividades` VALUES ('892', '', '', '', '2019', '4', '118', '9', '1', '1');
INSERT INTO `detalleactividades` VALUES ('893', '', '', '', '2019', '4', '119', '9', '1', '2');
INSERT INTO `detalleactividades` VALUES ('894', '', '', '', '2019', '4', '120', '10', '1', '1');
INSERT INTO `detalleactividades` VALUES ('895', '', '', '', '2019', '4', '121', '10', '1', '2');
INSERT INTO `detalleactividades` VALUES ('896', '', '', '', '2019', '4', '122', '10', '1', '3');
INSERT INTO `detalleactividades` VALUES ('897', '', '', '', '2019', '4', '123', '10', '1', '4');
INSERT INTO `detalleactividades` VALUES ('898', '', '', '', '2019', '4', '124', '10', '1', '1');
INSERT INTO `detalleactividades` VALUES ('899', '', '', '', '2019', '4', '125', '10', '1', '2');
INSERT INTO `detalleactividades` VALUES ('900', '', '', '', '2019', '4', '126', '10', '1', '3');
INSERT INTO `detalleactividades` VALUES ('901', '', '', '', '2019', '4', '127', '10', '1', '1');
INSERT INTO `detalleactividades` VALUES ('902', '', '', '', '2019', '4', '128', '10', '1', '2');
INSERT INTO `detalleactividades` VALUES ('903', '', '', '', '2019', '4', '129', '10', '1', '3');
INSERT INTO `detalleactividades` VALUES ('904', '', '', '', '2019', '4', '130', '10', '1', '4');
INSERT INTO `detalleactividades` VALUES ('905', '', '', '', '2019', '4', '131', '10', '1', '5');
INSERT INTO `detalleactividades` VALUES ('906', '', '', '', '2019', '4', '132', '10', '1', '6');
INSERT INTO `detalleactividades` VALUES ('907', '', '', '', '2019', '4', '133', '11', '1', '1');
INSERT INTO `detalleactividades` VALUES ('908', '', '', '', '2019', '4', '134', '11', '1', '2');
INSERT INTO `detalleactividades` VALUES ('909', '', '', '', '2019', '4', '135', '11', '1', '1');
INSERT INTO `detalleactividades` VALUES ('910', '', '', '', '2019', '4', '136', '11', '1', '2');
INSERT INTO `detalleactividades` VALUES ('911', '', '', '', '2019', '4', '137', '11', '1', '1');
INSERT INTO `detalleactividades` VALUES ('912', '', '', '', '2019', '4', '138', '11', '1', '1');
INSERT INTO `detalleactividades` VALUES ('913', '', '', '', '2019', '4', '139', '11', '1', '2');
INSERT INTO `detalleactividades` VALUES ('914', '', '', '', '2019', '4', '140', '12', '1', '1');
INSERT INTO `detalleactividades` VALUES ('915', '', '', '', '2019', '4', '141', '12', '1', '2');
INSERT INTO `detalleactividades` VALUES ('916', '', '', '', '2019', '4', '142', '12', '1', '3');
INSERT INTO `detalleactividades` VALUES ('917', '', '', '', '2019', '4', '143', '12', '1', '1');
INSERT INTO `detalleactividades` VALUES ('918', '', '', '', '2019', '4', '144', '12', '1', '2');
INSERT INTO `detalleactividades` VALUES ('919', '', '', '', '2019', '4', '145', '12', '1', '3');
INSERT INTO `detalleactividades` VALUES ('920', '', '', '', '2019', '4', '146', '12', '1', '4');
INSERT INTO `detalleactividades` VALUES ('921', '', '', '', '2019', '4', '147', '12', '1', '5');
INSERT INTO `detalleactividades` VALUES ('922', '', '', '', '2019', '4', '148', '12', '1', '6');
INSERT INTO `detalleactividades` VALUES ('923', '', '', '', '2019', '4', '149', '12', '1', '1');
INSERT INTO `detalleactividades` VALUES ('924', '', '', '', '2019', '4', '150', '12', '1', '2');
INSERT INTO `detalleactividades` VALUES ('925', '', '', '', '2019', '4', '151', '12', '1', '3');
INSERT INTO `detalleactividades` VALUES ('926', '', '', '', '2019', '4', '152', '12', '1', '4');
INSERT INTO `detalleactividades` VALUES ('927', '', '', '', '2019', '4', '153', '13', '1', '1');
INSERT INTO `detalleactividades` VALUES ('928', '', '', '', '2019', '4', '154', '13', '1', '2');
INSERT INTO `detalleactividades` VALUES ('929', '', '', '', '2019', '4', '155', '13', '1', '3');
INSERT INTO `detalleactividades` VALUES ('930', '', '', '', '2019', '4', '156', '13', '1', '4');
INSERT INTO `detalleactividades` VALUES ('931', '', '', '', '2019', '4', '157', '13', '1', '5');
INSERT INTO `detalleactividades` VALUES ('932', '', '', '', '2019', '4', '158', '13', '1', '6');
INSERT INTO `detalleactividades` VALUES ('933', '', '', '', '2019', '4', '159', '13', '1', '7');
INSERT INTO `detalleactividades` VALUES ('934', '', '', '', '2019', '4', '160', '14', '1', '1');
INSERT INTO `detalleactividades` VALUES ('935', '', '', '', '2019', '4', '161', '14', '1', '2');
INSERT INTO `detalleactividades` VALUES ('936', '', '', '', '2019', '4', '162', '14', '1', '3');
INSERT INTO `detalleactividades` VALUES ('937', '', '', '', '2019', '4', '163', '14', '1', '4');
INSERT INTO `detalleactividades` VALUES ('938', '', '', '', '2019', '4', '164', '14', '1', '5');
INSERT INTO `detalleactividades` VALUES ('939', '', '', '', '2019', '4', '165', '14', '1', '6');
INSERT INTO `detalleactividades` VALUES ('940', '', '', '', '2019', '4', '166', '14', '1', '7');
INSERT INTO `detalleactividades` VALUES ('941', '', '', '', '2019', '4', '167', '14', '1', '1');
INSERT INTO `detalleactividades` VALUES ('942', '', '', '', '2019', '4', '168', '14', '1', '2');
INSERT INTO `detalleactividades` VALUES ('943', '', '', '', '2019', '4', '169', '14', '1', '3');
INSERT INTO `detalleactividades` VALUES ('944', '', '', '', '2019', '4', '170', '14', '1', '4');
INSERT INTO `detalleactividades` VALUES ('945', '', '', '', '2019', '4', '171', '14', '1', '5');
INSERT INTO `detalleactividades` VALUES ('946', '', '', '', '2019', '4', '172', '14', '1', '6');
INSERT INTO `detalleactividades` VALUES ('947', '', '', '', '2019', '4', '173', '14', '1', '7');
INSERT INTO `detalleactividades` VALUES ('948', '', '', '', '2019', '4', '174', '14', '1', '8');
INSERT INTO `detalleactividades` VALUES ('949', '', '', '', '2019', '4', '175', '14', '1', '9');
INSERT INTO `detalleactividades` VALUES ('950', '', '', '', '2019', '4', '176', '14', '1', '10');
INSERT INTO `detalleactividades` VALUES ('951', '', '', '', '2019', '4', '177', '14', '1', '1');
INSERT INTO `detalleactividades` VALUES ('952', '', '', '', '2019', '4', '178', '14', '1', '2');
INSERT INTO `detalleactividades` VALUES ('953', '', '', '', '2019', '4', '179', '15', '1', '1');
INSERT INTO `detalleactividades` VALUES ('954', '', '', '', '2019', '4', '180', '15', '1', '2');
INSERT INTO `detalleactividades` VALUES ('955', '', '', '', '2019', '4', '181', '16', '1', '1');
INSERT INTO `detalleactividades` VALUES ('956', '', '', '', '2019', '4', '182', '16', '1', '2');
INSERT INTO `detalleactividades` VALUES ('957', '', '', '', '2019', '4', '183', '16', '1', '3');
INSERT INTO `detalleactividades` VALUES ('958', '', '', '', '2019', '4', '184', '16', '1', '4');
INSERT INTO `detalleactividades` VALUES ('959', '', '', '', '2019', '4', '185', '16', '1', '1');
INSERT INTO `detalleactividades` VALUES ('960', '', '', '', '2019', '4', '186', '16', '1', '2');
INSERT INTO `detalleactividades` VALUES ('961', '', '', '', '2019', '4', '187', '16', '1', '3');
INSERT INTO `detalleactividades` VALUES ('962', '', '', '', '2019', '4', '188', '16', '1', '4');
INSERT INTO `detalleactividades` VALUES ('963', '', '', '', '2019', '4', '189', '16', '1', '5');
INSERT INTO `detalleactividades` VALUES ('964', '', '', '', '2019', '4', '190', '16', '1', '6');
INSERT INTO `detalleactividades` VALUES ('965', '', '', '', '2019', '4', '191', '16', '1', '1');
INSERT INTO `detalleactividades` VALUES ('966', '', '', '', '2019', '4', '192', '16', '1', '2');
INSERT INTO `detalleactividades` VALUES ('967', '', '', '', '2019', '4', '193', '16', '1', '3');
INSERT INTO `detalleactividades` VALUES ('968', '', '', '', '2019', '4', '194', '16', '1', '4');
INSERT INTO `detalleactividades` VALUES ('969', '', '', '', '2019', '4', '195', '16', '1', '5');
INSERT INTO `detalleactividades` VALUES ('970', '', '', '', '2019', '4', '196', '16', '1', '1');
INSERT INTO `detalleactividades` VALUES ('971', '', '', '', '2019', '4', '197', '16', '1', '2');
INSERT INTO `detalleactividades` VALUES ('972', '', '', '', '2019', '4', '198', '16', '1', '3');
INSERT INTO `detalleactividades` VALUES ('973', '', '', '', '2019', '4', '199', '16', '1', '4');
INSERT INTO `detalleactividades` VALUES ('974', '', '', '', '2019', '4', '200', '16', '1', '5');
INSERT INTO `detalleactividades` VALUES ('975', '', '', '', '2019', '4', '201', '16', '1', '6');
INSERT INTO `detalleactividades` VALUES ('976', '', '', '', '2019', '4', '202', '16', '1', '1');
INSERT INTO `detalleactividades` VALUES ('977', '', '', '', '2019', '4', '203', '16', '1', '2');
INSERT INTO `detalleactividades` VALUES ('978', '', '', '', '2019', '4', '204', '16', '1', '3');
INSERT INTO `detalleactividades` VALUES ('979', '', '', '', '2019', '4', '205', '16', '1', '4');
INSERT INTO `detalleactividades` VALUES ('980', '', '', '', '2019', '4', '206', '16', '1', '5');
INSERT INTO `detalleactividades` VALUES ('981', '', '', '', '2019', '4', '207', '16', '1', '6');
INSERT INTO `detalleactividades` VALUES ('982', '', '', '', '2019', '4', '208', '16', '1', '7');
INSERT INTO `detalleactividades` VALUES ('983', '', '', '', '2019', '4', '209', '16', '1', '8');
INSERT INTO `detalleactividades` VALUES ('984', '', '', '', '2019', '4', '210', '16', '1', '9');
INSERT INTO `detalleactividades` VALUES ('985', '', '', '', '2019', '4', '211', '17', '1', '1');
INSERT INTO `detalleactividades` VALUES ('986', '', '', '', '2019', '4', '212', '17', '1', '2');
INSERT INTO `detalleactividades` VALUES ('987', '', '', '', '2019', '4', '213', '17', '1', '3');
INSERT INTO `detalleactividades` VALUES ('988', '', '', '', '2019', '4', '214', '17', '1', '4');
INSERT INTO `detalleactividades` VALUES ('989', '', '', '', '2019', '4', '215', '17', '1', '5');
INSERT INTO `detalleactividades` VALUES ('990', '', '', '', '2019', '4', '216', '17', '1', '6');
INSERT INTO `detalleactividades` VALUES ('991', '', '', '', '2019', '4', '217', '17', '1', '7');
INSERT INTO `detalleactividades` VALUES ('992', '', '', '', '2019', '4', '218', '17', '1', '1');
INSERT INTO `detalleactividades` VALUES ('993', '', '', '', '2019', '4', '219', '17', '1', '2');
INSERT INTO `detalleactividades` VALUES ('994', '', '', '', '2019', '4', '220', '17', '1', '1');
INSERT INTO `detalleactividades` VALUES ('995', '', '', '', '2019', '4', '221', '17', '1', '2');
INSERT INTO `detalleactividades` VALUES ('996', '', '', '', '2019', '4', '222', '17', '1', '3');
INSERT INTO `detalleactividades` VALUES ('997', '', '', '', '2019', '4', '223', '17', '1', '1');
INSERT INTO `detalleactividades` VALUES ('998', '', '', '', '2019', '4', '224', '17', '1', '2');
INSERT INTO `detalleactividades` VALUES ('999', '', '', '', '2019', '4', '225', '17', '1', '3');
INSERT INTO `detalleactividades` VALUES ('1000', '', '', '', '2019', '4', '226', '17', '1', '4');
INSERT INTO `detalleactividades` VALUES ('1001', '', '', '', '2019', '4', '227', '17', '1', '5');
INSERT INTO `detalleactividades` VALUES ('1002', '', '', '', '2019', '4', '228', '17', '1', '6');
INSERT INTO `detalleactividades` VALUES ('1003', '', '', '', '2019', '4', '229', '18', '1', '1');
INSERT INTO `detalleactividades` VALUES ('1004', '', '', '', '2019', '4', '230', '18', '1', '2');
INSERT INTO `detalleactividades` VALUES ('1005', '', '', '', '2019', '4', '231', '18', '1', '3');
INSERT INTO `detalleactividades` VALUES ('1006', '', '', '', '2019', '4', '232', '18', '1', '4');
INSERT INTO `detalleactividades` VALUES ('1007', '', '', '', '2019', '4', '233', '18', '1', '5');
INSERT INTO `detalleactividades` VALUES ('1008', '', '', '', '2019', '4', '234', '18', '1', '6');
INSERT INTO `detalleactividades` VALUES ('1009', '', '', '', '2019', '4', '235', '18', '1', '7');
INSERT INTO `detalleactividades` VALUES ('1010', '', '', '', '2019', '4', '236', '18', '1', '1');
INSERT INTO `detalleactividades` VALUES ('1011', '', '', '', '2019', '4', '237', '18', '1', '2');
INSERT INTO `detalleactividades` VALUES ('1012', '', '', '', '2019', '4', '238', '18', '1', '3');
INSERT INTO `detalleactividades` VALUES ('1013', '', '', '', '2019', '4', '239', '18', '1', '4');
INSERT INTO `detalleactividades` VALUES ('1014', '', '', '', '2019', '4', '240', '18', '1', '5');
INSERT INTO `detalleactividades` VALUES ('1015', '', '', '', '2019', '4', '241', '18', '1', '6');
INSERT INTO `detalleactividades` VALUES ('1016', '', '', '', '2019', '4', '242', '3', '3', '1');
INSERT INTO `detalleactividades` VALUES ('1017', '', '', '', '2019', '4', '243', '3', '3', '2');
INSERT INTO `detalleactividades` VALUES ('1018', '', '', '', '2019', '4', '244', '3', '3', '3');
INSERT INTO `detalleactividades` VALUES ('1019', '', '', '', '2019', '4', '245', '5', '3', '1');
INSERT INTO `detalleactividades` VALUES ('1020', '', '', '', '2019', '4', '246', '5', '3', '2');
INSERT INTO `detalleactividades` VALUES ('1021', '', '', '', '2019', '4', '247', '5', '3', '3');
INSERT INTO `detalleactividades` VALUES ('1022', '', '', '', '2019', '4', '248', '5', '3', '4');
INSERT INTO `detalleactividades` VALUES ('1023', '', '', '', '2019', '4', '249', '5', '3', '5');
INSERT INTO `detalleactividades` VALUES ('1024', '', '', '', '2019', '4', '250', '8', '3', '1');
INSERT INTO `detalleactividades` VALUES ('1025', '', '', '', '2019', '4', '251', '8', '3', '2');
INSERT INTO `detalleactividades` VALUES ('1026', '', '', '', '2019', '4', '252', '8', '3', '3');
INSERT INTO `detalleactividades` VALUES ('1027', '', '', '', '2019', '4', '253', '10', '3', '1');
INSERT INTO `detalleactividades` VALUES ('1028', '', '', '', '2019', '4', '254', '10', '3', '1');
INSERT INTO `detalleactividades` VALUES ('1029', '', '', '', '2019', '4', '255', '16', '3', '1');
INSERT INTO `detalleactividades` VALUES ('1030', '', '', '', '2019', '4', '256', '17', '3', '1');
INSERT INTO `detalleactividades` VALUES ('1031', '', '', '', '2019', '4', '257', '3', '4', '1');
INSERT INTO `detalleactividades` VALUES ('1032', '', '', '', '2019', '4', '258', '3', '4', '2');
INSERT INTO `detalleactividades` VALUES ('1033', '', '', '', '2019', '5', '1', '1', '1', '1');
INSERT INTO `detalleactividades` VALUES ('1034', '', '', '', '2019', '5', '2', '1', '1', '2');
INSERT INTO `detalleactividades` VALUES ('1035', '', '', '', '2019', '5', '3', '1', '1', '3');
INSERT INTO `detalleactividades` VALUES ('1036', '', '', '', '2019', '5', '4', '1', '1', '4');
INSERT INTO `detalleactividades` VALUES ('1037', '', '', '', '2019', '5', '5', '2', '1', '1');
INSERT INTO `detalleactividades` VALUES ('1038', '', '', '', '2019', '5', '6', '2', '1', '2');
INSERT INTO `detalleactividades` VALUES ('1039', '', '', '', '2019', '5', '7', '2', '1', '3');
INSERT INTO `detalleactividades` VALUES ('1040', '', '', '', '2019', '5', '8', '2', '1', '4');
INSERT INTO `detalleactividades` VALUES ('1041', '', '', '', '2019', '5', '9', '2', '1', '5');
INSERT INTO `detalleactividades` VALUES ('1042', '', '', '', '2019', '5', '10', '2', '1', '6');
INSERT INTO `detalleactividades` VALUES ('1043', '', '', '', '2019', '5', '11', '2', '1', '1');
INSERT INTO `detalleactividades` VALUES ('1044', '', '', '', '2019', '5', '12', '2', '1', '2');
INSERT INTO `detalleactividades` VALUES ('1045', '', '', '', '2019', '5', '13', '2', '1', '1');
INSERT INTO `detalleactividades` VALUES ('1046', '', '', '', '2019', '5', '14', '2', '1', '2');
INSERT INTO `detalleactividades` VALUES ('1047', '', '', '', '2019', '5', '15', '2', '1', '3');
INSERT INTO `detalleactividades` VALUES ('1048', '', '', '', '2019', '5', '16', '2', '1', '4');
INSERT INTO `detalleactividades` VALUES ('1049', '', '', '', '2019', '5', '17', '2', '1', '1');
INSERT INTO `detalleactividades` VALUES ('1050', '', '', '', '2019', '5', '18', '2', '1', '1');
INSERT INTO `detalleactividades` VALUES ('1051', '', '', '', '2019', '5', '19', '2', '1', '2');
INSERT INTO `detalleactividades` VALUES ('1052', '', '', '', '2019', '5', '20', '2', '1', '3');
INSERT INTO `detalleactividades` VALUES ('1053', '', '', '', '2019', '5', '21', '2', '1', '4');
INSERT INTO `detalleactividades` VALUES ('1054', '', '', '', '2019', '5', '22', '2', '1', '5');
INSERT INTO `detalleactividades` VALUES ('1055', '', '', '', '2019', '5', '23', '2', '1', '6');
INSERT INTO `detalleactividades` VALUES ('1056', '', '', '', '2019', '5', '24', '2', '1', '7');
INSERT INTO `detalleactividades` VALUES ('1057', '', '', '', '2019', '5', '25', '2', '1', '8');
INSERT INTO `detalleactividades` VALUES ('1058', '', '', '', '2019', '5', '26', '2', '1', '1');
INSERT INTO `detalleactividades` VALUES ('1059', '', '', '', '2019', '5', '27', '2', '1', '2');
INSERT INTO `detalleactividades` VALUES ('1060', '', '', '', '2019', '5', '28', '2', '1', '3');
INSERT INTO `detalleactividades` VALUES ('1061', '', '', '', '2019', '5', '29', '2', '1', '4');
INSERT INTO `detalleactividades` VALUES ('1062', '', '', '', '2019', '5', '30', '2', '1', '1');
INSERT INTO `detalleactividades` VALUES ('1063', '', '', '', '2019', '5', '31', '2', '1', '2');
INSERT INTO `detalleactividades` VALUES ('1064', '', '', '', '2019', '5', '32', '3', '1', '1');
INSERT INTO `detalleactividades` VALUES ('1065', '', '', '', '2019', '5', '33', '3', '1', '2');
INSERT INTO `detalleactividades` VALUES ('1066', '', '', '', '2019', '5', '34', '3', '1', '3');
INSERT INTO `detalleactividades` VALUES ('1067', '', '', '', '2019', '5', '35', '3', '1', '1');
INSERT INTO `detalleactividades` VALUES ('1068', '', '', '', '2019', '5', '36', '3', '1', '2');
INSERT INTO `detalleactividades` VALUES ('1069', '', '', '', '2019', '5', '37', '3', '1', '3');
INSERT INTO `detalleactividades` VALUES ('1070', '', '', '', '2019', '5', '38', '3', '1', '4');
INSERT INTO `detalleactividades` VALUES ('1071', '', '', '', '2019', '5', '39', '3', '1', '5');
INSERT INTO `detalleactividades` VALUES ('1072', '', '', '', '2019', '5', '40', '3', '1', '6');
INSERT INTO `detalleactividades` VALUES ('1073', '', '', '', '2019', '5', '41', '3', '1', '7');
INSERT INTO `detalleactividades` VALUES ('1074', '', '', '', '2019', '5', '42', '3', '1', '8');
INSERT INTO `detalleactividades` VALUES ('1075', '', '', '', '2019', '5', '43', '3', '1', '9');
INSERT INTO `detalleactividades` VALUES ('1076', '', '', '', '2019', '5', '44', '3', '1', '10');
INSERT INTO `detalleactividades` VALUES ('1077', '', '', '', '2019', '5', '45', '3', '1', '1');
INSERT INTO `detalleactividades` VALUES ('1078', '', '', '', '2019', '5', '46', '3', '1', '2');
INSERT INTO `detalleactividades` VALUES ('1079', '', '', '', '2019', '5', '47', '3', '1', '3');
INSERT INTO `detalleactividades` VALUES ('1080', '', '', '', '2019', '5', '48', '4', '1', '1');
INSERT INTO `detalleactividades` VALUES ('1081', '', '', '', '2019', '5', '49', '4', '1', '2');
INSERT INTO `detalleactividades` VALUES ('1082', '', '', '', '2019', '5', '50', '4', '1', '3');
INSERT INTO `detalleactividades` VALUES ('1083', '', '', '', '2019', '5', '51', '4', '1', '4');
INSERT INTO `detalleactividades` VALUES ('1084', '', '', '', '2019', '5', '52', '4', '1', '5');
INSERT INTO `detalleactividades` VALUES ('1085', '', '', '', '2019', '5', '53', '4', '1', '1');
INSERT INTO `detalleactividades` VALUES ('1086', '', '', '', '2019', '5', '54', '4', '1', '2');
INSERT INTO `detalleactividades` VALUES ('1087', '', '', '', '2019', '5', '55', '4', '1', '3');
INSERT INTO `detalleactividades` VALUES ('1088', '', '', '', '2019', '5', '56', '4', '1', '4');
INSERT INTO `detalleactividades` VALUES ('1089', '', '', '', '2019', '5', '57', '4', '1', '5');
INSERT INTO `detalleactividades` VALUES ('1090', '', '', '', '2019', '5', '58', '5', '1', '1');
INSERT INTO `detalleactividades` VALUES ('1091', '', '', '', '2019', '5', '59', '5', '1', '2');
INSERT INTO `detalleactividades` VALUES ('1092', '', '', '', '2019', '5', '60', '5', '1', '3');
INSERT INTO `detalleactividades` VALUES ('1093', '', '', '', '2019', '5', '61', '5', '1', '4');
INSERT INTO `detalleactividades` VALUES ('1094', '', '', '', '2019', '5', '62', '5', '1', '5');
INSERT INTO `detalleactividades` VALUES ('1095', '', '', '', '2019', '5', '63', '5', '1', '1');
INSERT INTO `detalleactividades` VALUES ('1096', '', '', '', '2019', '5', '64', '5', '1', '2');
INSERT INTO `detalleactividades` VALUES ('1097', '', '', '', '2019', '5', '65', '5', '1', '3');
INSERT INTO `detalleactividades` VALUES ('1098', '', '', '', '2019', '5', '66', '5', '1', '4');
INSERT INTO `detalleactividades` VALUES ('1099', '', '', '', '2019', '5', '67', '5', '1', '5');
INSERT INTO `detalleactividades` VALUES ('1100', '', '', '', '2019', '5', '68', '5', '1', '6');
INSERT INTO `detalleactividades` VALUES ('1101', '', '', '', '2019', '5', '69', '5', '1', '7');
INSERT INTO `detalleactividades` VALUES ('1102', '', '', '', '2019', '5', '70', '6', '1', '1');
INSERT INTO `detalleactividades` VALUES ('1103', '', '', '', '2019', '5', '71', '6', '1', '1');
INSERT INTO `detalleactividades` VALUES ('1104', '', '', '', '2019', '5', '72', '6', '1', '2');
INSERT INTO `detalleactividades` VALUES ('1105', '', '', '', '2019', '5', '73', '6', '1', '1');
INSERT INTO `detalleactividades` VALUES ('1106', '', '', '', '2019', '5', '74', '6', '1', '2');
INSERT INTO `detalleactividades` VALUES ('1107', '', '', '', '2019', '5', '75', '6', '1', '3');
INSERT INTO `detalleactividades` VALUES ('1108', '', '', '', '2019', '5', '76', '6', '1', '4');
INSERT INTO `detalleactividades` VALUES ('1109', '', '', '', '2019', '5', '77', '6', '1', '5');
INSERT INTO `detalleactividades` VALUES ('1110', '', '', '', '2019', '5', '78', '6', '1', '6');
INSERT INTO `detalleactividades` VALUES ('1111', '', '', '', '2019', '5', '79', '6', '1', '7');
INSERT INTO `detalleactividades` VALUES ('1112', '', '', '', '2019', '5', '80', '6', '1', '8');
INSERT INTO `detalleactividades` VALUES ('1113', '', '', '', '2019', '5', '81', '6', '1', '9');
INSERT INTO `detalleactividades` VALUES ('1114', '', '', '', '2019', '5', '82', '6', '1', '1');
INSERT INTO `detalleactividades` VALUES ('1115', '', '', '', '2019', '5', '83', '6', '1', '2');
INSERT INTO `detalleactividades` VALUES ('1116', '', '', '', '2019', '5', '84', '7', '1', '1');
INSERT INTO `detalleactividades` VALUES ('1117', '', '', '', '2019', '5', '85', '7', '1', '2');
INSERT INTO `detalleactividades` VALUES ('1118', '', '', '', '2019', '5', '86', '7', '1', '3');
INSERT INTO `detalleactividades` VALUES ('1119', '', '', '', '2019', '5', '87', '7', '1', '4');
INSERT INTO `detalleactividades` VALUES ('1120', '', '', '', '2019', '5', '88', '7', '1', '5');
INSERT INTO `detalleactividades` VALUES ('1121', '', '', '', '2019', '5', '89', '7', '1', '6');
INSERT INTO `detalleactividades` VALUES ('1122', '', '', '', '2019', '5', '90', '7', '1', '7');
INSERT INTO `detalleactividades` VALUES ('1123', '', '', '', '2019', '5', '91', '7', '1', '8');
INSERT INTO `detalleactividades` VALUES ('1124', '', '', '', '2019', '5', '92', '7', '1', '9');
INSERT INTO `detalleactividades` VALUES ('1125', '', '', '', '2019', '5', '93', '7', '1', '1');
INSERT INTO `detalleactividades` VALUES ('1126', '', '', '', '2019', '5', '94', '7', '1', '1');
INSERT INTO `detalleactividades` VALUES ('1127', '', '', '', '2019', '5', '95', '7', '1', '2');
INSERT INTO `detalleactividades` VALUES ('1128', '', '', '', '2019', '5', '96', '7', '1', '3');
INSERT INTO `detalleactividades` VALUES ('1129', '', '', '', '2019', '5', '97', '7', '1', '4');
INSERT INTO `detalleactividades` VALUES ('1130', '', '', '', '2019', '5', '98', '8', '1', '1');
INSERT INTO `detalleactividades` VALUES ('1131', '', '', '', '2019', '5', '99', '8', '1', '2');
INSERT INTO `detalleactividades` VALUES ('1132', '', '', '', '2019', '5', '100', '8', '1', '3');
INSERT INTO `detalleactividades` VALUES ('1133', '', '', '', '2019', '5', '101', '8', '1', '1');
INSERT INTO `detalleactividades` VALUES ('1134', '', '', '', '2019', '5', '102', '8', '1', '2');
INSERT INTO `detalleactividades` VALUES ('1135', '', '', '', '2019', '5', '103', '8', '1', '1');
INSERT INTO `detalleactividades` VALUES ('1136', '', '', '', '2019', '5', '104', '8', '1', '2');
INSERT INTO `detalleactividades` VALUES ('1137', '', '', '', '2019', '5', '105', '8', '1', '3');
INSERT INTO `detalleactividades` VALUES ('1138', '', '', '', '2019', '5', '106', '8', '1', '4');
INSERT INTO `detalleactividades` VALUES ('1139', '', '', '', '2019', '5', '107', '8', '1', '5');
INSERT INTO `detalleactividades` VALUES ('1140', '', '', '', '2019', '5', '108', '8', '1', '6');
INSERT INTO `detalleactividades` VALUES ('1141', '', '', '', '2019', '5', '109', '8', '1', '7');
INSERT INTO `detalleactividades` VALUES ('1142', '', '', '', '2019', '5', '110', '8', '1', '8');
INSERT INTO `detalleactividades` VALUES ('1143', '', '', '', '2019', '5', '111', '9', '1', '1');
INSERT INTO `detalleactividades` VALUES ('1144', '', '', '', '2019', '5', '112', '9', '1', '1');
INSERT INTO `detalleactividades` VALUES ('1145', '', '', '', '2019', '5', '113', '9', '1', '2');
INSERT INTO `detalleactividades` VALUES ('1146', '', '', '', '2019', '5', '114', '9', '1', '3');
INSERT INTO `detalleactividades` VALUES ('1147', '', '', '', '2019', '5', '115', '9', '1', '4');
INSERT INTO `detalleactividades` VALUES ('1148', '', '', '', '2019', '5', '116', '9', '1', '5');
INSERT INTO `detalleactividades` VALUES ('1149', '', '', '', '2019', '5', '117', '9', '1', '6');
INSERT INTO `detalleactividades` VALUES ('1150', '', '', '', '2019', '5', '118', '9', '1', '1');
INSERT INTO `detalleactividades` VALUES ('1151', '', '', '', '2019', '5', '119', '9', '1', '2');
INSERT INTO `detalleactividades` VALUES ('1152', '', '', '', '2019', '5', '120', '10', '1', '1');
INSERT INTO `detalleactividades` VALUES ('1153', '', '', '', '2019', '5', '121', '10', '1', '2');
INSERT INTO `detalleactividades` VALUES ('1154', '', '', '', '2019', '5', '122', '10', '1', '3');
INSERT INTO `detalleactividades` VALUES ('1155', '', '', '', '2019', '5', '123', '10', '1', '4');
INSERT INTO `detalleactividades` VALUES ('1156', '', '', '', '2019', '5', '124', '10', '1', '1');
INSERT INTO `detalleactividades` VALUES ('1157', '', '', '', '2019', '5', '125', '10', '1', '2');
INSERT INTO `detalleactividades` VALUES ('1158', '', '', '', '2019', '5', '126', '10', '1', '3');
INSERT INTO `detalleactividades` VALUES ('1159', '', '', '', '2019', '5', '127', '10', '1', '1');
INSERT INTO `detalleactividades` VALUES ('1160', '', '', '', '2019', '5', '128', '10', '1', '2');
INSERT INTO `detalleactividades` VALUES ('1161', '', '', '', '2019', '5', '129', '10', '1', '3');
INSERT INTO `detalleactividades` VALUES ('1162', '', '', '', '2019', '5', '130', '10', '1', '4');
INSERT INTO `detalleactividades` VALUES ('1163', '', '', '', '2019', '5', '131', '10', '1', '5');
INSERT INTO `detalleactividades` VALUES ('1164', '', '', '', '2019', '5', '132', '10', '1', '6');
INSERT INTO `detalleactividades` VALUES ('1165', '', '', '', '2019', '5', '133', '11', '1', '1');
INSERT INTO `detalleactividades` VALUES ('1166', '', '', '', '2019', '5', '134', '11', '1', '2');
INSERT INTO `detalleactividades` VALUES ('1167', '', '', '', '2019', '5', '135', '11', '1', '1');
INSERT INTO `detalleactividades` VALUES ('1168', '', '', '', '2019', '5', '136', '11', '1', '2');
INSERT INTO `detalleactividades` VALUES ('1169', '', '', '', '2019', '5', '137', '11', '1', '1');
INSERT INTO `detalleactividades` VALUES ('1170', '', '', '', '2019', '5', '138', '11', '1', '1');
INSERT INTO `detalleactividades` VALUES ('1171', '', '', '', '2019', '5', '139', '11', '1', '2');
INSERT INTO `detalleactividades` VALUES ('1172', '', '', '', '2019', '5', '140', '12', '1', '1');
INSERT INTO `detalleactividades` VALUES ('1173', '', '', '', '2019', '5', '141', '12', '1', '2');
INSERT INTO `detalleactividades` VALUES ('1174', '', '', '', '2019', '5', '142', '12', '1', '3');
INSERT INTO `detalleactividades` VALUES ('1175', '', '', '', '2019', '5', '143', '12', '1', '1');
INSERT INTO `detalleactividades` VALUES ('1176', '', '', '', '2019', '5', '144', '12', '1', '2');
INSERT INTO `detalleactividades` VALUES ('1177', '', '', '', '2019', '5', '145', '12', '1', '3');
INSERT INTO `detalleactividades` VALUES ('1178', '', '', '', '2019', '5', '146', '12', '1', '4');
INSERT INTO `detalleactividades` VALUES ('1179', '', '', '', '2019', '5', '147', '12', '1', '5');
INSERT INTO `detalleactividades` VALUES ('1180', '', '', '', '2019', '5', '148', '12', '1', '6');
INSERT INTO `detalleactividades` VALUES ('1181', '', '', '', '2019', '5', '149', '12', '1', '1');
INSERT INTO `detalleactividades` VALUES ('1182', '', '', '', '2019', '5', '150', '12', '1', '2');
INSERT INTO `detalleactividades` VALUES ('1183', '', '', '', '2019', '5', '151', '12', '1', '3');
INSERT INTO `detalleactividades` VALUES ('1184', '', '', '', '2019', '5', '152', '12', '1', '4');
INSERT INTO `detalleactividades` VALUES ('1185', '', '', '', '2019', '5', '153', '13', '1', '1');
INSERT INTO `detalleactividades` VALUES ('1186', '', '', '', '2019', '5', '154', '13', '1', '2');
INSERT INTO `detalleactividades` VALUES ('1187', '', '', '', '2019', '5', '155', '13', '1', '3');
INSERT INTO `detalleactividades` VALUES ('1188', '', '', '', '2019', '5', '156', '13', '1', '4');
INSERT INTO `detalleactividades` VALUES ('1189', '', '', '', '2019', '5', '157', '13', '1', '5');
INSERT INTO `detalleactividades` VALUES ('1190', '', '', '', '2019', '5', '158', '13', '1', '6');
INSERT INTO `detalleactividades` VALUES ('1191', '', '', '', '2019', '5', '159', '13', '1', '7');
INSERT INTO `detalleactividades` VALUES ('1192', '', '', '', '2019', '5', '160', '14', '1', '1');
INSERT INTO `detalleactividades` VALUES ('1193', '', '', '', '2019', '5', '161', '14', '1', '2');
INSERT INTO `detalleactividades` VALUES ('1194', '', '', '', '2019', '5', '162', '14', '1', '3');
INSERT INTO `detalleactividades` VALUES ('1195', '', '', '', '2019', '5', '163', '14', '1', '4');
INSERT INTO `detalleactividades` VALUES ('1196', '', '', '', '2019', '5', '164', '14', '1', '5');
INSERT INTO `detalleactividades` VALUES ('1197', '', '', '', '2019', '5', '165', '14', '1', '6');
INSERT INTO `detalleactividades` VALUES ('1198', '', '', '', '2019', '5', '166', '14', '1', '7');
INSERT INTO `detalleactividades` VALUES ('1199', '', '', '', '2019', '5', '167', '14', '1', '1');
INSERT INTO `detalleactividades` VALUES ('1200', '', '', '', '2019', '5', '168', '14', '1', '2');
INSERT INTO `detalleactividades` VALUES ('1201', '', '', '', '2019', '5', '169', '14', '1', '3');
INSERT INTO `detalleactividades` VALUES ('1202', '', '', '', '2019', '5', '170', '14', '1', '4');
INSERT INTO `detalleactividades` VALUES ('1203', '', '', '', '2019', '5', '171', '14', '1', '5');
INSERT INTO `detalleactividades` VALUES ('1204', '', '', '', '2019', '5', '172', '14', '1', '6');
INSERT INTO `detalleactividades` VALUES ('1205', '', '', '', '2019', '5', '173', '14', '1', '7');
INSERT INTO `detalleactividades` VALUES ('1206', '', '', '', '2019', '5', '174', '14', '1', '8');
INSERT INTO `detalleactividades` VALUES ('1207', '', '', '', '2019', '5', '175', '14', '1', '9');
INSERT INTO `detalleactividades` VALUES ('1208', '', '', '', '2019', '5', '176', '14', '1', '10');
INSERT INTO `detalleactividades` VALUES ('1209', '', '', '', '2019', '5', '177', '14', '1', '1');
INSERT INTO `detalleactividades` VALUES ('1210', '', '', '', '2019', '5', '178', '14', '1', '2');
INSERT INTO `detalleactividades` VALUES ('1211', '', '', '', '2019', '5', '179', '15', '1', '1');
INSERT INTO `detalleactividades` VALUES ('1212', '', '', '', '2019', '5', '180', '15', '1', '2');
INSERT INTO `detalleactividades` VALUES ('1213', '', '', '', '2019', '5', '181', '16', '1', '1');
INSERT INTO `detalleactividades` VALUES ('1214', '', '', '', '2019', '5', '182', '16', '1', '2');
INSERT INTO `detalleactividades` VALUES ('1215', '', '', '', '2019', '5', '183', '16', '1', '3');
INSERT INTO `detalleactividades` VALUES ('1216', '', '', '', '2019', '5', '184', '16', '1', '4');
INSERT INTO `detalleactividades` VALUES ('1217', '', '', '', '2019', '5', '185', '16', '1', '1');
INSERT INTO `detalleactividades` VALUES ('1218', '', '', '', '2019', '5', '186', '16', '1', '2');
INSERT INTO `detalleactividades` VALUES ('1219', '', '', '', '2019', '5', '187', '16', '1', '3');
INSERT INTO `detalleactividades` VALUES ('1220', '', '', '', '2019', '5', '188', '16', '1', '4');
INSERT INTO `detalleactividades` VALUES ('1221', '', '', '', '2019', '5', '189', '16', '1', '5');
INSERT INTO `detalleactividades` VALUES ('1222', '', '', '', '2019', '5', '190', '16', '1', '6');
INSERT INTO `detalleactividades` VALUES ('1223', '', '', '', '2019', '5', '191', '16', '1', '1');
INSERT INTO `detalleactividades` VALUES ('1224', '', '', '', '2019', '5', '192', '16', '1', '2');
INSERT INTO `detalleactividades` VALUES ('1225', '', '', '', '2019', '5', '193', '16', '1', '3');
INSERT INTO `detalleactividades` VALUES ('1226', '', '', '', '2019', '5', '194', '16', '1', '4');
INSERT INTO `detalleactividades` VALUES ('1227', '', '', '', '2019', '5', '195', '16', '1', '5');
INSERT INTO `detalleactividades` VALUES ('1228', '', '', '', '2019', '5', '196', '16', '1', '1');
INSERT INTO `detalleactividades` VALUES ('1229', '', '', '', '2019', '5', '197', '16', '1', '2');
INSERT INTO `detalleactividades` VALUES ('1230', '', '', '', '2019', '5', '198', '16', '1', '3');
INSERT INTO `detalleactividades` VALUES ('1231', '', '', '', '2019', '5', '199', '16', '1', '4');
INSERT INTO `detalleactividades` VALUES ('1232', '', '', '', '2019', '5', '200', '16', '1', '5');
INSERT INTO `detalleactividades` VALUES ('1233', '', '', '', '2019', '5', '201', '16', '1', '6');
INSERT INTO `detalleactividades` VALUES ('1234', '', '', '', '2019', '5', '202', '16', '1', '1');
INSERT INTO `detalleactividades` VALUES ('1235', '', '', '', '2019', '5', '203', '16', '1', '2');
INSERT INTO `detalleactividades` VALUES ('1236', '', '', '', '2019', '5', '204', '16', '1', '3');
INSERT INTO `detalleactividades` VALUES ('1237', '', '', '', '2019', '5', '205', '16', '1', '4');
INSERT INTO `detalleactividades` VALUES ('1238', '', '', '', '2019', '5', '206', '16', '1', '5');
INSERT INTO `detalleactividades` VALUES ('1239', '', '', '', '2019', '5', '207', '16', '1', '6');
INSERT INTO `detalleactividades` VALUES ('1240', '', '', '', '2019', '5', '208', '16', '1', '7');
INSERT INTO `detalleactividades` VALUES ('1241', '', '', '', '2019', '5', '209', '16', '1', '8');
INSERT INTO `detalleactividades` VALUES ('1242', '', '', '', '2019', '5', '210', '16', '1', '9');
INSERT INTO `detalleactividades` VALUES ('1243', '', '', '', '2019', '5', '211', '17', '1', '1');
INSERT INTO `detalleactividades` VALUES ('1244', '', '', '', '2019', '5', '212', '17', '1', '2');
INSERT INTO `detalleactividades` VALUES ('1245', '', '', '', '2019', '5', '213', '17', '1', '3');
INSERT INTO `detalleactividades` VALUES ('1246', '', '', '', '2019', '5', '214', '17', '1', '4');
INSERT INTO `detalleactividades` VALUES ('1247', '', '', '', '2019', '5', '215', '17', '1', '5');
INSERT INTO `detalleactividades` VALUES ('1248', '', '', '', '2019', '5', '216', '17', '1', '6');
INSERT INTO `detalleactividades` VALUES ('1249', '', '', '', '2019', '5', '217', '17', '1', '7');
INSERT INTO `detalleactividades` VALUES ('1250', '', '', '', '2019', '5', '218', '17', '1', '1');
INSERT INTO `detalleactividades` VALUES ('1251', '', '', '', '2019', '5', '219', '17', '1', '2');
INSERT INTO `detalleactividades` VALUES ('1252', '', '', '', '2019', '5', '220', '17', '1', '1');
INSERT INTO `detalleactividades` VALUES ('1253', '', '', '', '2019', '5', '221', '17', '1', '2');
INSERT INTO `detalleactividades` VALUES ('1254', '', '', '', '2019', '5', '222', '17', '1', '3');
INSERT INTO `detalleactividades` VALUES ('1255', '', '', '', '2019', '5', '223', '17', '1', '1');
INSERT INTO `detalleactividades` VALUES ('1256', '', '', '', '2019', '5', '224', '17', '1', '2');
INSERT INTO `detalleactividades` VALUES ('1257', '', '', '', '2019', '5', '225', '17', '1', '3');
INSERT INTO `detalleactividades` VALUES ('1258', '', '', '', '2019', '5', '226', '17', '1', '4');
INSERT INTO `detalleactividades` VALUES ('1259', '', '', '', '2019', '5', '227', '17', '1', '5');
INSERT INTO `detalleactividades` VALUES ('1260', '', '', '', '2019', '5', '228', '17', '1', '6');
INSERT INTO `detalleactividades` VALUES ('1261', '', '', '', '2019', '5', '229', '18', '1', '1');
INSERT INTO `detalleactividades` VALUES ('1262', '', '', '', '2019', '5', '230', '18', '1', '2');
INSERT INTO `detalleactividades` VALUES ('1263', '', '', '', '2019', '5', '231', '18', '1', '3');
INSERT INTO `detalleactividades` VALUES ('1264', '', '', '', '2019', '5', '232', '18', '1', '4');
INSERT INTO `detalleactividades` VALUES ('1265', '', '', '', '2019', '5', '233', '18', '1', '5');
INSERT INTO `detalleactividades` VALUES ('1266', '', '', '', '2019', '5', '234', '18', '1', '6');
INSERT INTO `detalleactividades` VALUES ('1267', '', '', '', '2019', '5', '235', '18', '1', '7');
INSERT INTO `detalleactividades` VALUES ('1268', '', '', '', '2019', '5', '236', '18', '1', '1');
INSERT INTO `detalleactividades` VALUES ('1269', '', '', '', '2019', '5', '237', '18', '1', '2');
INSERT INTO `detalleactividades` VALUES ('1270', '', '', '', '2019', '5', '238', '18', '1', '3');
INSERT INTO `detalleactividades` VALUES ('1271', '', '', '', '2019', '5', '239', '18', '1', '4');
INSERT INTO `detalleactividades` VALUES ('1272', '', '', '', '2019', '5', '240', '18', '1', '5');
INSERT INTO `detalleactividades` VALUES ('1273', '', '', '', '2019', '5', '241', '18', '1', '6');
INSERT INTO `detalleactividades` VALUES ('1274', '', '', '', '2019', '5', '242', '3', '3', '1');
INSERT INTO `detalleactividades` VALUES ('1275', '', '', '', '2019', '5', '243', '3', '3', '2');
INSERT INTO `detalleactividades` VALUES ('1276', '', '', '', '2019', '5', '244', '3', '3', '3');
INSERT INTO `detalleactividades` VALUES ('1277', '', '', '', '2019', '5', '245', '5', '3', '1');
INSERT INTO `detalleactividades` VALUES ('1278', '', '', '', '2019', '5', '246', '5', '3', '2');
INSERT INTO `detalleactividades` VALUES ('1279', '', '', '', '2019', '5', '247', '5', '3', '3');
INSERT INTO `detalleactividades` VALUES ('1280', '', '', '', '2019', '5', '248', '5', '3', '4');
INSERT INTO `detalleactividades` VALUES ('1281', '', '', '', '2019', '5', '249', '5', '3', '5');
INSERT INTO `detalleactividades` VALUES ('1282', '', '', '', '2019', '5', '250', '8', '3', '1');
INSERT INTO `detalleactividades` VALUES ('1283', '', '', '', '2019', '5', '251', '8', '3', '2');
INSERT INTO `detalleactividades` VALUES ('1284', '', '', '', '2019', '5', '252', '8', '3', '3');
INSERT INTO `detalleactividades` VALUES ('1285', '', '', '', '2019', '5', '253', '10', '3', '1');
INSERT INTO `detalleactividades` VALUES ('1286', '', '', '', '2019', '5', '254', '10', '3', '1');
INSERT INTO `detalleactividades` VALUES ('1287', '', '', '', '2019', '5', '255', '16', '3', '1');
INSERT INTO `detalleactividades` VALUES ('1288', '', '', '', '2019', '5', '256', '17', '3', '1');
INSERT INTO `detalleactividades` VALUES ('1289', '', '', '', '2019', '5', '257', '3', '4', '1');
INSERT INTO `detalleactividades` VALUES ('1290', '', '', '', '2019', '5', '258', '3', '4', '2');
INSERT INTO `detalleactividades` VALUES ('1291', '', '', '', '2019', '6', '1', '1', '1', '1');
INSERT INTO `detalleactividades` VALUES ('1292', '', '', '', '2019', '6', '2', '1', '1', '2');
INSERT INTO `detalleactividades` VALUES ('1293', '', '', '', '2019', '6', '3', '1', '1', '3');
INSERT INTO `detalleactividades` VALUES ('1294', '', '', '', '2019', '6', '4', '1', '1', '4');
INSERT INTO `detalleactividades` VALUES ('1295', '', '', '', '2019', '6', '5', '2', '1', '1');
INSERT INTO `detalleactividades` VALUES ('1296', '', '', '', '2019', '6', '6', '2', '1', '2');
INSERT INTO `detalleactividades` VALUES ('1297', '', '', '', '2019', '6', '7', '2', '1', '3');
INSERT INTO `detalleactividades` VALUES ('1298', '', '', '', '2019', '6', '8', '2', '1', '4');
INSERT INTO `detalleactividades` VALUES ('1299', '', '', '', '2019', '6', '9', '2', '1', '5');
INSERT INTO `detalleactividades` VALUES ('1300', '', '', '', '2019', '6', '10', '2', '1', '6');
INSERT INTO `detalleactividades` VALUES ('1301', '', '', '', '2019', '6', '11', '2', '1', '1');
INSERT INTO `detalleactividades` VALUES ('1302', '', '', '', '2019', '6', '12', '2', '1', '2');
INSERT INTO `detalleactividades` VALUES ('1303', '', '', '', '2019', '6', '13', '2', '1', '1');
INSERT INTO `detalleactividades` VALUES ('1304', '', '', '', '2019', '6', '14', '2', '1', '2');
INSERT INTO `detalleactividades` VALUES ('1305', '', '', '', '2019', '6', '15', '2', '1', '3');
INSERT INTO `detalleactividades` VALUES ('1306', '', '', '', '2019', '6', '16', '2', '1', '4');
INSERT INTO `detalleactividades` VALUES ('1307', '', '', '', '2019', '6', '17', '2', '1', '1');
INSERT INTO `detalleactividades` VALUES ('1308', '', '', '', '2019', '6', '18', '2', '1', '1');
INSERT INTO `detalleactividades` VALUES ('1309', '', '', '', '2019', '6', '19', '2', '1', '2');
INSERT INTO `detalleactividades` VALUES ('1310', '', '', '', '2019', '6', '20', '2', '1', '3');
INSERT INTO `detalleactividades` VALUES ('1311', '', '', '', '2019', '6', '21', '2', '1', '4');
INSERT INTO `detalleactividades` VALUES ('1312', '', '', '', '2019', '6', '22', '2', '1', '5');
INSERT INTO `detalleactividades` VALUES ('1313', '', '', '', '2019', '6', '23', '2', '1', '6');
INSERT INTO `detalleactividades` VALUES ('1314', '', '', '', '2019', '6', '24', '2', '1', '7');
INSERT INTO `detalleactividades` VALUES ('1315', '', '', '', '2019', '6', '25', '2', '1', '8');
INSERT INTO `detalleactividades` VALUES ('1316', '', '', '', '2019', '6', '26', '2', '1', '1');
INSERT INTO `detalleactividades` VALUES ('1317', '', '', '', '2019', '6', '27', '2', '1', '2');
INSERT INTO `detalleactividades` VALUES ('1318', '', '', '', '2019', '6', '28', '2', '1', '3');
INSERT INTO `detalleactividades` VALUES ('1319', '', '', '', '2019', '6', '29', '2', '1', '4');
INSERT INTO `detalleactividades` VALUES ('1320', '', '', '', '2019', '6', '30', '2', '1', '1');
INSERT INTO `detalleactividades` VALUES ('1321', '', '', '', '2019', '6', '31', '2', '1', '2');
INSERT INTO `detalleactividades` VALUES ('1322', '', '', '', '2019', '6', '32', '3', '1', '1');
INSERT INTO `detalleactividades` VALUES ('1323', '', '', '', '2019', '6', '33', '3', '1', '2');
INSERT INTO `detalleactividades` VALUES ('1324', '', '', '', '2019', '6', '34', '3', '1', '3');
INSERT INTO `detalleactividades` VALUES ('1325', '', '', '', '2019', '6', '35', '3', '1', '1');
INSERT INTO `detalleactividades` VALUES ('1326', '', '', '', '2019', '6', '36', '3', '1', '2');
INSERT INTO `detalleactividades` VALUES ('1327', '', '', '', '2019', '6', '37', '3', '1', '3');
INSERT INTO `detalleactividades` VALUES ('1328', '', '', '', '2019', '6', '38', '3', '1', '4');
INSERT INTO `detalleactividades` VALUES ('1329', '', '', '', '2019', '6', '39', '3', '1', '5');
INSERT INTO `detalleactividades` VALUES ('1330', '', '', '', '2019', '6', '40', '3', '1', '6');
INSERT INTO `detalleactividades` VALUES ('1331', '', '', '', '2019', '6', '41', '3', '1', '7');
INSERT INTO `detalleactividades` VALUES ('1332', '', '', '', '2019', '6', '42', '3', '1', '8');
INSERT INTO `detalleactividades` VALUES ('1333', '', '', '', '2019', '6', '43', '3', '1', '9');
INSERT INTO `detalleactividades` VALUES ('1334', '', '', '', '2019', '6', '44', '3', '1', '10');
INSERT INTO `detalleactividades` VALUES ('1335', '', '', '', '2019', '6', '45', '3', '1', '1');
INSERT INTO `detalleactividades` VALUES ('1336', '', '', '', '2019', '6', '46', '3', '1', '2');
INSERT INTO `detalleactividades` VALUES ('1337', '', '', '', '2019', '6', '47', '3', '1', '3');
INSERT INTO `detalleactividades` VALUES ('1338', '', '', '', '2019', '6', '48', '4', '1', '1');
INSERT INTO `detalleactividades` VALUES ('1339', '', '', '', '2019', '6', '49', '4', '1', '2');
INSERT INTO `detalleactividades` VALUES ('1340', '', '', '', '2019', '6', '50', '4', '1', '3');
INSERT INTO `detalleactividades` VALUES ('1341', '', '', '', '2019', '6', '51', '4', '1', '4');
INSERT INTO `detalleactividades` VALUES ('1342', '', '', '', '2019', '6', '52', '4', '1', '5');
INSERT INTO `detalleactividades` VALUES ('1343', '', '', '', '2019', '6', '53', '4', '1', '1');
INSERT INTO `detalleactividades` VALUES ('1344', '', '', '', '2019', '6', '54', '4', '1', '2');
INSERT INTO `detalleactividades` VALUES ('1345', '', '', '', '2019', '6', '55', '4', '1', '3');
INSERT INTO `detalleactividades` VALUES ('1346', '', '', '', '2019', '6', '56', '4', '1', '4');
INSERT INTO `detalleactividades` VALUES ('1347', '', '', '', '2019', '6', '57', '4', '1', '5');
INSERT INTO `detalleactividades` VALUES ('1348', '', '', '', '2019', '6', '58', '5', '1', '1');
INSERT INTO `detalleactividades` VALUES ('1349', '', '', '', '2019', '6', '59', '5', '1', '2');
INSERT INTO `detalleactividades` VALUES ('1350', '', '', '', '2019', '6', '60', '5', '1', '3');
INSERT INTO `detalleactividades` VALUES ('1351', '', '', '', '2019', '6', '61', '5', '1', '4');
INSERT INTO `detalleactividades` VALUES ('1352', '', '', '', '2019', '6', '62', '5', '1', '5');
INSERT INTO `detalleactividades` VALUES ('1353', '', '', '', '2019', '6', '63', '5', '1', '1');
INSERT INTO `detalleactividades` VALUES ('1354', '', '', '', '2019', '6', '64', '5', '1', '2');
INSERT INTO `detalleactividades` VALUES ('1355', '', '', '', '2019', '6', '65', '5', '1', '3');
INSERT INTO `detalleactividades` VALUES ('1356', '', '', '', '2019', '6', '66', '5', '1', '4');
INSERT INTO `detalleactividades` VALUES ('1357', '', '', '', '2019', '6', '67', '5', '1', '5');
INSERT INTO `detalleactividades` VALUES ('1358', '', '', '', '2019', '6', '68', '5', '1', '6');
INSERT INTO `detalleactividades` VALUES ('1359', '', '', '', '2019', '6', '69', '5', '1', '7');
INSERT INTO `detalleactividades` VALUES ('1360', '', '', '', '2019', '6', '70', '6', '1', '1');
INSERT INTO `detalleactividades` VALUES ('1361', '', '', '', '2019', '6', '71', '6', '1', '1');
INSERT INTO `detalleactividades` VALUES ('1362', '', '', '', '2019', '6', '72', '6', '1', '2');
INSERT INTO `detalleactividades` VALUES ('1363', '', '', '', '2019', '6', '73', '6', '1', '1');
INSERT INTO `detalleactividades` VALUES ('1364', '', '', '', '2019', '6', '74', '6', '1', '2');
INSERT INTO `detalleactividades` VALUES ('1365', '', '', '', '2019', '6', '75', '6', '1', '3');
INSERT INTO `detalleactividades` VALUES ('1366', '', '', '', '2019', '6', '76', '6', '1', '4');
INSERT INTO `detalleactividades` VALUES ('1367', '', '', '', '2019', '6', '77', '6', '1', '5');
INSERT INTO `detalleactividades` VALUES ('1368', '', '', '', '2019', '6', '78', '6', '1', '6');
INSERT INTO `detalleactividades` VALUES ('1369', '', '', '', '2019', '6', '79', '6', '1', '7');
INSERT INTO `detalleactividades` VALUES ('1370', '', '', '', '2019', '6', '80', '6', '1', '8');
INSERT INTO `detalleactividades` VALUES ('1371', '', '', '', '2019', '6', '81', '6', '1', '9');
INSERT INTO `detalleactividades` VALUES ('1372', '', '', '', '2019', '6', '82', '6', '1', '1');
INSERT INTO `detalleactividades` VALUES ('1373', '', '', '', '2019', '6', '83', '6', '1', '2');
INSERT INTO `detalleactividades` VALUES ('1374', '', '', '', '2019', '6', '84', '7', '1', '1');
INSERT INTO `detalleactividades` VALUES ('1375', '', '', '', '2019', '6', '85', '7', '1', '2');
INSERT INTO `detalleactividades` VALUES ('1376', '', '', '', '2019', '6', '86', '7', '1', '3');
INSERT INTO `detalleactividades` VALUES ('1377', '', '', '', '2019', '6', '87', '7', '1', '4');
INSERT INTO `detalleactividades` VALUES ('1378', '', '', '', '2019', '6', '88', '7', '1', '5');
INSERT INTO `detalleactividades` VALUES ('1379', '', '', '', '2019', '6', '89', '7', '1', '6');
INSERT INTO `detalleactividades` VALUES ('1380', '', '', '', '2019', '6', '90', '7', '1', '7');
INSERT INTO `detalleactividades` VALUES ('1381', '', '', '', '2019', '6', '91', '7', '1', '8');
INSERT INTO `detalleactividades` VALUES ('1382', '', '', '', '2019', '6', '92', '7', '1', '9');
INSERT INTO `detalleactividades` VALUES ('1383', '', '', '', '2019', '6', '93', '7', '1', '1');
INSERT INTO `detalleactividades` VALUES ('1384', '', '', '', '2019', '6', '94', '7', '1', '1');
INSERT INTO `detalleactividades` VALUES ('1385', '', '', '', '2019', '6', '95', '7', '1', '2');
INSERT INTO `detalleactividades` VALUES ('1386', '', '', '', '2019', '6', '96', '7', '1', '3');
INSERT INTO `detalleactividades` VALUES ('1387', '', '', '', '2019', '6', '97', '7', '1', '4');
INSERT INTO `detalleactividades` VALUES ('1388', '', '', '', '2019', '6', '98', '8', '1', '1');
INSERT INTO `detalleactividades` VALUES ('1389', '', '', '', '2019', '6', '99', '8', '1', '2');
INSERT INTO `detalleactividades` VALUES ('1390', '', '', '', '2019', '6', '100', '8', '1', '3');
INSERT INTO `detalleactividades` VALUES ('1391', '', '', '', '2019', '6', '101', '8', '1', '1');
INSERT INTO `detalleactividades` VALUES ('1392', '', '', '', '2019', '6', '102', '8', '1', '2');
INSERT INTO `detalleactividades` VALUES ('1393', '', '', '', '2019', '6', '103', '8', '1', '1');
INSERT INTO `detalleactividades` VALUES ('1394', '', '', '', '2019', '6', '104', '8', '1', '2');
INSERT INTO `detalleactividades` VALUES ('1395', '', '', '', '2019', '6', '105', '8', '1', '3');
INSERT INTO `detalleactividades` VALUES ('1396', '', '', '', '2019', '6', '106', '8', '1', '4');
INSERT INTO `detalleactividades` VALUES ('1397', '', '', '', '2019', '6', '107', '8', '1', '5');
INSERT INTO `detalleactividades` VALUES ('1398', '', '', '', '2019', '6', '108', '8', '1', '6');
INSERT INTO `detalleactividades` VALUES ('1399', '', '', '', '2019', '6', '109', '8', '1', '7');
INSERT INTO `detalleactividades` VALUES ('1400', '', '', '', '2019', '6', '110', '8', '1', '8');
INSERT INTO `detalleactividades` VALUES ('1401', '', '', '', '2019', '6', '111', '9', '1', '1');
INSERT INTO `detalleactividades` VALUES ('1402', '', '', '', '2019', '6', '112', '9', '1', '1');
INSERT INTO `detalleactividades` VALUES ('1403', '', '', '', '2019', '6', '113', '9', '1', '2');
INSERT INTO `detalleactividades` VALUES ('1404', '', '', '', '2019', '6', '114', '9', '1', '3');
INSERT INTO `detalleactividades` VALUES ('1405', '', '', '', '2019', '6', '115', '9', '1', '4');
INSERT INTO `detalleactividades` VALUES ('1406', '', '', '', '2019', '6', '116', '9', '1', '5');
INSERT INTO `detalleactividades` VALUES ('1407', '', '', '', '2019', '6', '117', '9', '1', '6');
INSERT INTO `detalleactividades` VALUES ('1408', '', '', '', '2019', '6', '118', '9', '1', '1');
INSERT INTO `detalleactividades` VALUES ('1409', '', '', '', '2019', '6', '119', '9', '1', '2');
INSERT INTO `detalleactividades` VALUES ('1410', '', '', '', '2019', '6', '120', '10', '1', '1');
INSERT INTO `detalleactividades` VALUES ('1411', '', '', '', '2019', '6', '121', '10', '1', '2');
INSERT INTO `detalleactividades` VALUES ('1412', '', '', '', '2019', '6', '122', '10', '1', '3');
INSERT INTO `detalleactividades` VALUES ('1413', '', '', '', '2019', '6', '123', '10', '1', '4');
INSERT INTO `detalleactividades` VALUES ('1414', '', '', '', '2019', '6', '124', '10', '1', '1');
INSERT INTO `detalleactividades` VALUES ('1415', '', '', '', '2019', '6', '125', '10', '1', '2');
INSERT INTO `detalleactividades` VALUES ('1416', '', '', '', '2019', '6', '126', '10', '1', '3');
INSERT INTO `detalleactividades` VALUES ('1417', '', '', '', '2019', '6', '127', '10', '1', '1');
INSERT INTO `detalleactividades` VALUES ('1418', '', '', '', '2019', '6', '128', '10', '1', '2');
INSERT INTO `detalleactividades` VALUES ('1419', '', '', '', '2019', '6', '129', '10', '1', '3');
INSERT INTO `detalleactividades` VALUES ('1420', '', '', '', '2019', '6', '130', '10', '1', '4');
INSERT INTO `detalleactividades` VALUES ('1421', '', '', '', '2019', '6', '131', '10', '1', '5');
INSERT INTO `detalleactividades` VALUES ('1422', '', '', '', '2019', '6', '132', '10', '1', '6');
INSERT INTO `detalleactividades` VALUES ('1423', '', '', '', '2019', '6', '133', '11', '1', '1');
INSERT INTO `detalleactividades` VALUES ('1424', '', '', '', '2019', '6', '134', '11', '1', '2');
INSERT INTO `detalleactividades` VALUES ('1425', '', '', '', '2019', '6', '135', '11', '1', '1');
INSERT INTO `detalleactividades` VALUES ('1426', '', '', '', '2019', '6', '136', '11', '1', '2');
INSERT INTO `detalleactividades` VALUES ('1427', '', '', '', '2019', '6', '137', '11', '1', '1');
INSERT INTO `detalleactividades` VALUES ('1428', '', '', '', '2019', '6', '138', '11', '1', '1');
INSERT INTO `detalleactividades` VALUES ('1429', '', '', '', '2019', '6', '139', '11', '1', '2');
INSERT INTO `detalleactividades` VALUES ('1430', '', '', '', '2019', '6', '140', '12', '1', '1');
INSERT INTO `detalleactividades` VALUES ('1431', '', '', '', '2019', '6', '141', '12', '1', '2');
INSERT INTO `detalleactividades` VALUES ('1432', '', '', '', '2019', '6', '142', '12', '1', '3');
INSERT INTO `detalleactividades` VALUES ('1433', '', '', '', '2019', '6', '143', '12', '1', '1');
INSERT INTO `detalleactividades` VALUES ('1434', '', '', '', '2019', '6', '144', '12', '1', '2');
INSERT INTO `detalleactividades` VALUES ('1435', '', '', '', '2019', '6', '145', '12', '1', '3');
INSERT INTO `detalleactividades` VALUES ('1436', '', '', '', '2019', '6', '146', '12', '1', '4');
INSERT INTO `detalleactividades` VALUES ('1437', '', '', '', '2019', '6', '147', '12', '1', '5');
INSERT INTO `detalleactividades` VALUES ('1438', '', '', '', '2019', '6', '148', '12', '1', '6');
INSERT INTO `detalleactividades` VALUES ('1439', '', '', '', '2019', '6', '149', '12', '1', '1');
INSERT INTO `detalleactividades` VALUES ('1440', '', '', '', '2019', '6', '150', '12', '1', '2');
INSERT INTO `detalleactividades` VALUES ('1441', '', '', '', '2019', '6', '151', '12', '1', '3');
INSERT INTO `detalleactividades` VALUES ('1442', '', '', '', '2019', '6', '152', '12', '1', '4');
INSERT INTO `detalleactividades` VALUES ('1443', '', '', '', '2019', '6', '153', '13', '1', '1');
INSERT INTO `detalleactividades` VALUES ('1444', '', '', '', '2019', '6', '154', '13', '1', '2');
INSERT INTO `detalleactividades` VALUES ('1445', '', '', '', '2019', '6', '155', '13', '1', '3');
INSERT INTO `detalleactividades` VALUES ('1446', '', '', '', '2019', '6', '156', '13', '1', '4');
INSERT INTO `detalleactividades` VALUES ('1447', '', '', '', '2019', '6', '157', '13', '1', '5');
INSERT INTO `detalleactividades` VALUES ('1448', '', '', '', '2019', '6', '158', '13', '1', '6');
INSERT INTO `detalleactividades` VALUES ('1449', '', '', '', '2019', '6', '159', '13', '1', '7');
INSERT INTO `detalleactividades` VALUES ('1450', '', '', '', '2019', '6', '160', '14', '1', '1');
INSERT INTO `detalleactividades` VALUES ('1451', '', '', '', '2019', '6', '161', '14', '1', '2');
INSERT INTO `detalleactividades` VALUES ('1452', '', '', '', '2019', '6', '162', '14', '1', '3');
INSERT INTO `detalleactividades` VALUES ('1453', '', '', '', '2019', '6', '163', '14', '1', '4');
INSERT INTO `detalleactividades` VALUES ('1454', '', '', '', '2019', '6', '164', '14', '1', '5');
INSERT INTO `detalleactividades` VALUES ('1455', '', '', '', '2019', '6', '165', '14', '1', '6');
INSERT INTO `detalleactividades` VALUES ('1456', '', '', '', '2019', '6', '166', '14', '1', '7');
INSERT INTO `detalleactividades` VALUES ('1457', '', '', '', '2019', '6', '167', '14', '1', '1');
INSERT INTO `detalleactividades` VALUES ('1458', '', '', '', '2019', '6', '168', '14', '1', '2');
INSERT INTO `detalleactividades` VALUES ('1459', '', '', '', '2019', '6', '169', '14', '1', '3');
INSERT INTO `detalleactividades` VALUES ('1460', '', '', '', '2019', '6', '170', '14', '1', '4');
INSERT INTO `detalleactividades` VALUES ('1461', '', '', '', '2019', '6', '171', '14', '1', '5');
INSERT INTO `detalleactividades` VALUES ('1462', '', '', '', '2019', '6', '172', '14', '1', '6');
INSERT INTO `detalleactividades` VALUES ('1463', '', '', '', '2019', '6', '173', '14', '1', '7');
INSERT INTO `detalleactividades` VALUES ('1464', '', '', '', '2019', '6', '174', '14', '1', '8');
INSERT INTO `detalleactividades` VALUES ('1465', '', '', '', '2019', '6', '175', '14', '1', '9');
INSERT INTO `detalleactividades` VALUES ('1466', '', '', '', '2019', '6', '176', '14', '1', '10');
INSERT INTO `detalleactividades` VALUES ('1467', '', '', '', '2019', '6', '177', '14', '1', '1');
INSERT INTO `detalleactividades` VALUES ('1468', '', '', '', '2019', '6', '178', '14', '1', '2');
INSERT INTO `detalleactividades` VALUES ('1469', '', '', '', '2019', '6', '179', '15', '1', '1');
INSERT INTO `detalleactividades` VALUES ('1470', '', '', '', '2019', '6', '180', '15', '1', '2');
INSERT INTO `detalleactividades` VALUES ('1471', '', '', '', '2019', '6', '181', '16', '1', '1');
INSERT INTO `detalleactividades` VALUES ('1472', '', '', '', '2019', '6', '182', '16', '1', '2');
INSERT INTO `detalleactividades` VALUES ('1473', '', '', '', '2019', '6', '183', '16', '1', '3');
INSERT INTO `detalleactividades` VALUES ('1474', '', '', '', '2019', '6', '184', '16', '1', '4');
INSERT INTO `detalleactividades` VALUES ('1475', '', '', '', '2019', '6', '185', '16', '1', '1');
INSERT INTO `detalleactividades` VALUES ('1476', '', '', '', '2019', '6', '186', '16', '1', '2');
INSERT INTO `detalleactividades` VALUES ('1477', '', '', '', '2019', '6', '187', '16', '1', '3');
INSERT INTO `detalleactividades` VALUES ('1478', '', '', '', '2019', '6', '188', '16', '1', '4');
INSERT INTO `detalleactividades` VALUES ('1479', '', '', '', '2019', '6', '189', '16', '1', '5');
INSERT INTO `detalleactividades` VALUES ('1480', '', '', '', '2019', '6', '190', '16', '1', '6');
INSERT INTO `detalleactividades` VALUES ('1481', '', '', '', '2019', '6', '191', '16', '1', '1');
INSERT INTO `detalleactividades` VALUES ('1482', '', '', '', '2019', '6', '192', '16', '1', '2');
INSERT INTO `detalleactividades` VALUES ('1483', '', '', '', '2019', '6', '193', '16', '1', '3');
INSERT INTO `detalleactividades` VALUES ('1484', '', '', '', '2019', '6', '194', '16', '1', '4');
INSERT INTO `detalleactividades` VALUES ('1485', '', '', '', '2019', '6', '195', '16', '1', '5');
INSERT INTO `detalleactividades` VALUES ('1486', '', '', '', '2019', '6', '196', '16', '1', '1');
INSERT INTO `detalleactividades` VALUES ('1487', '', '', '', '2019', '6', '197', '16', '1', '2');
INSERT INTO `detalleactividades` VALUES ('1488', '', '', '', '2019', '6', '198', '16', '1', '3');
INSERT INTO `detalleactividades` VALUES ('1489', '', '', '', '2019', '6', '199', '16', '1', '4');
INSERT INTO `detalleactividades` VALUES ('1490', '', '', '', '2019', '6', '200', '16', '1', '5');
INSERT INTO `detalleactividades` VALUES ('1491', '', '', '', '2019', '6', '201', '16', '1', '6');
INSERT INTO `detalleactividades` VALUES ('1492', '', '', '', '2019', '6', '202', '16', '1', '1');
INSERT INTO `detalleactividades` VALUES ('1493', '', '', '', '2019', '6', '203', '16', '1', '2');
INSERT INTO `detalleactividades` VALUES ('1494', '', '', '', '2019', '6', '204', '16', '1', '3');
INSERT INTO `detalleactividades` VALUES ('1495', '', '', '', '2019', '6', '205', '16', '1', '4');
INSERT INTO `detalleactividades` VALUES ('1496', '', '', '', '2019', '6', '206', '16', '1', '5');
INSERT INTO `detalleactividades` VALUES ('1497', '', '', '', '2019', '6', '207', '16', '1', '6');
INSERT INTO `detalleactividades` VALUES ('1498', '', '', '', '2019', '6', '208', '16', '1', '7');
INSERT INTO `detalleactividades` VALUES ('1499', '', '', '', '2019', '6', '209', '16', '1', '8');
INSERT INTO `detalleactividades` VALUES ('1500', '', '', '', '2019', '6', '210', '16', '1', '9');
INSERT INTO `detalleactividades` VALUES ('1501', '', '', '', '2019', '6', '211', '17', '1', '1');
INSERT INTO `detalleactividades` VALUES ('1502', '', '', '', '2019', '6', '212', '17', '1', '2');
INSERT INTO `detalleactividades` VALUES ('1503', '', '', '', '2019', '6', '213', '17', '1', '3');
INSERT INTO `detalleactividades` VALUES ('1504', '', '', '', '2019', '6', '214', '17', '1', '4');
INSERT INTO `detalleactividades` VALUES ('1505', '', '', '', '2019', '6', '215', '17', '1', '5');
INSERT INTO `detalleactividades` VALUES ('1506', '', '', '', '2019', '6', '216', '17', '1', '6');
INSERT INTO `detalleactividades` VALUES ('1507', '', '', '', '2019', '6', '217', '17', '1', '7');
INSERT INTO `detalleactividades` VALUES ('1508', '', '', '', '2019', '6', '218', '17', '1', '1');
INSERT INTO `detalleactividades` VALUES ('1509', '', '', '', '2019', '6', '219', '17', '1', '2');
INSERT INTO `detalleactividades` VALUES ('1510', '', '', '', '2019', '6', '220', '17', '1', '1');
INSERT INTO `detalleactividades` VALUES ('1511', '', '', '', '2019', '6', '221', '17', '1', '2');
INSERT INTO `detalleactividades` VALUES ('1512', '', '', '', '2019', '6', '222', '17', '1', '3');
INSERT INTO `detalleactividades` VALUES ('1513', '', '', '', '2019', '6', '223', '17', '1', '1');
INSERT INTO `detalleactividades` VALUES ('1514', '', '', '', '2019', '6', '224', '17', '1', '2');
INSERT INTO `detalleactividades` VALUES ('1515', '', '', '', '2019', '6', '225', '17', '1', '3');
INSERT INTO `detalleactividades` VALUES ('1516', '', '', '', '2019', '6', '226', '17', '1', '4');
INSERT INTO `detalleactividades` VALUES ('1517', '', '', '', '2019', '6', '227', '17', '1', '5');
INSERT INTO `detalleactividades` VALUES ('1518', '', '', '', '2019', '6', '228', '17', '1', '6');
INSERT INTO `detalleactividades` VALUES ('1519', '', '', '', '2019', '6', '229', '18', '1', '1');
INSERT INTO `detalleactividades` VALUES ('1520', '', '', '', '2019', '6', '230', '18', '1', '2');
INSERT INTO `detalleactividades` VALUES ('1521', '', '', '', '2019', '6', '231', '18', '1', '3');
INSERT INTO `detalleactividades` VALUES ('1522', '', '', '', '2019', '6', '232', '18', '1', '4');
INSERT INTO `detalleactividades` VALUES ('1523', '', '', '', '2019', '6', '233', '18', '1', '5');
INSERT INTO `detalleactividades` VALUES ('1524', '', '', '', '2019', '6', '234', '18', '1', '6');
INSERT INTO `detalleactividades` VALUES ('1525', '', '', '', '2019', '6', '235', '18', '1', '7');
INSERT INTO `detalleactividades` VALUES ('1526', '', '', '', '2019', '6', '236', '18', '1', '1');
INSERT INTO `detalleactividades` VALUES ('1527', '', '', '', '2019', '6', '237', '18', '1', '2');
INSERT INTO `detalleactividades` VALUES ('1528', '', '', '', '2019', '6', '238', '18', '1', '3');
INSERT INTO `detalleactividades` VALUES ('1529', '', '', '', '2019', '6', '239', '18', '1', '4');
INSERT INTO `detalleactividades` VALUES ('1530', '', '', '', '2019', '6', '240', '18', '1', '5');
INSERT INTO `detalleactividades` VALUES ('1531', '', '', '', '2019', '6', '241', '18', '1', '6');
INSERT INTO `detalleactividades` VALUES ('1532', '', '', '', '2019', '6', '242', '3', '3', '1');
INSERT INTO `detalleactividades` VALUES ('1533', '', '', '', '2019', '6', '243', '3', '3', '2');
INSERT INTO `detalleactividades` VALUES ('1534', '', '', '', '2019', '6', '244', '3', '3', '3');
INSERT INTO `detalleactividades` VALUES ('1535', '', '', '', '2019', '6', '245', '5', '3', '1');
INSERT INTO `detalleactividades` VALUES ('1536', '', '', '', '2019', '6', '246', '5', '3', '2');
INSERT INTO `detalleactividades` VALUES ('1537', '', '', '', '2019', '6', '247', '5', '3', '3');
INSERT INTO `detalleactividades` VALUES ('1538', '', '', '', '2019', '6', '248', '5', '3', '4');
INSERT INTO `detalleactividades` VALUES ('1539', '', '', '', '2019', '6', '249', '5', '3', '5');
INSERT INTO `detalleactividades` VALUES ('1540', '', '', '', '2019', '6', '250', '8', '3', '1');
INSERT INTO `detalleactividades` VALUES ('1541', '', '', '', '2019', '6', '251', '8', '3', '2');
INSERT INTO `detalleactividades` VALUES ('1542', '', '', '', '2019', '6', '252', '8', '3', '3');
INSERT INTO `detalleactividades` VALUES ('1543', '', '', '', '2019', '6', '253', '10', '3', '1');
INSERT INTO `detalleactividades` VALUES ('1544', '', '', '', '2019', '6', '254', '10', '3', '1');
INSERT INTO `detalleactividades` VALUES ('1545', '', '', '', '2019', '6', '255', '16', '3', '1');
INSERT INTO `detalleactividades` VALUES ('1546', '', '', '', '2019', '6', '256', '17', '3', '1');
INSERT INTO `detalleactividades` VALUES ('1547', '', '', '', '2019', '6', '257', '3', '4', '1');
INSERT INTO `detalleactividades` VALUES ('1548', '', '', '', '2019', '6', '258', '3', '4', '2');
INSERT INTO `detalleactividades` VALUES ('1549', '', '', '', '2019', '7', '1', '1', '1', '1');
INSERT INTO `detalleactividades` VALUES ('1550', '', '', '', '2019', '7', '2', '1', '1', '2');
INSERT INTO `detalleactividades` VALUES ('1551', '', '', '', '2019', '7', '3', '1', '1', '3');
INSERT INTO `detalleactividades` VALUES ('1552', '', '', '', '2019', '7', '4', '1', '1', '4');
INSERT INTO `detalleactividades` VALUES ('1553', '', '', '', '2019', '7', '5', '2', '1', '1');
INSERT INTO `detalleactividades` VALUES ('1554', '', '', '', '2019', '7', '6', '2', '1', '2');
INSERT INTO `detalleactividades` VALUES ('1555', '', '', '', '2019', '7', '7', '2', '1', '3');
INSERT INTO `detalleactividades` VALUES ('1556', '', '', '', '2019', '7', '8', '2', '1', '4');
INSERT INTO `detalleactividades` VALUES ('1557', '', '', '', '2019', '7', '9', '2', '1', '5');
INSERT INTO `detalleactividades` VALUES ('1558', '', '', '', '2019', '7', '10', '2', '1', '6');
INSERT INTO `detalleactividades` VALUES ('1559', '', '', '', '2019', '7', '11', '2', '1', '1');
INSERT INTO `detalleactividades` VALUES ('1560', '', '', '', '2019', '7', '12', '2', '1', '2');
INSERT INTO `detalleactividades` VALUES ('1561', '', '', '', '2019', '7', '13', '2', '1', '1');
INSERT INTO `detalleactividades` VALUES ('1562', '', '', '', '2019', '7', '14', '2', '1', '2');
INSERT INTO `detalleactividades` VALUES ('1563', '', '', '', '2019', '7', '15', '2', '1', '3');
INSERT INTO `detalleactividades` VALUES ('1564', '', '', '', '2019', '7', '16', '2', '1', '4');
INSERT INTO `detalleactividades` VALUES ('1565', '', '', '', '2019', '7', '17', '2', '1', '1');
INSERT INTO `detalleactividades` VALUES ('1566', '', '', '', '2019', '7', '18', '2', '1', '1');
INSERT INTO `detalleactividades` VALUES ('1567', '', '', '', '2019', '7', '19', '2', '1', '2');
INSERT INTO `detalleactividades` VALUES ('1568', '', '', '', '2019', '7', '20', '2', '1', '3');
INSERT INTO `detalleactividades` VALUES ('1569', '', '', '', '2019', '7', '21', '2', '1', '4');
INSERT INTO `detalleactividades` VALUES ('1570', '', '', '', '2019', '7', '22', '2', '1', '5');
INSERT INTO `detalleactividades` VALUES ('1571', '', '', '', '2019', '7', '23', '2', '1', '6');
INSERT INTO `detalleactividades` VALUES ('1572', '', '', '', '2019', '7', '24', '2', '1', '7');
INSERT INTO `detalleactividades` VALUES ('1573', '', '', '', '2019', '7', '25', '2', '1', '8');
INSERT INTO `detalleactividades` VALUES ('1574', '', '', '', '2019', '7', '26', '2', '1', '1');
INSERT INTO `detalleactividades` VALUES ('1575', '', '', '', '2019', '7', '27', '2', '1', '2');
INSERT INTO `detalleactividades` VALUES ('1576', '', '', '', '2019', '7', '28', '2', '1', '3');
INSERT INTO `detalleactividades` VALUES ('1577', '', '', '', '2019', '7', '29', '2', '1', '4');
INSERT INTO `detalleactividades` VALUES ('1578', '', '', '', '2019', '7', '30', '2', '1', '1');
INSERT INTO `detalleactividades` VALUES ('1579', '', '', '', '2019', '7', '31', '2', '1', '2');
INSERT INTO `detalleactividades` VALUES ('1580', '', '', '', '2019', '7', '32', '3', '1', '1');
INSERT INTO `detalleactividades` VALUES ('1581', '', '', '', '2019', '7', '33', '3', '1', '2');
INSERT INTO `detalleactividades` VALUES ('1582', '', '', '', '2019', '7', '34', '3', '1', '3');
INSERT INTO `detalleactividades` VALUES ('1583', '', '', '', '2019', '7', '35', '3', '1', '1');
INSERT INTO `detalleactividades` VALUES ('1584', '', '', '', '2019', '7', '36', '3', '1', '2');
INSERT INTO `detalleactividades` VALUES ('1585', '', '', '', '2019', '7', '37', '3', '1', '3');
INSERT INTO `detalleactividades` VALUES ('1586', '', '', '', '2019', '7', '38', '3', '1', '4');
INSERT INTO `detalleactividades` VALUES ('1587', '', '', '', '2019', '7', '39', '3', '1', '5');
INSERT INTO `detalleactividades` VALUES ('1588', '', '', '', '2019', '7', '40', '3', '1', '6');
INSERT INTO `detalleactividades` VALUES ('1589', '', '', '', '2019', '7', '41', '3', '1', '7');
INSERT INTO `detalleactividades` VALUES ('1590', '', '', '', '2019', '7', '42', '3', '1', '8');
INSERT INTO `detalleactividades` VALUES ('1591', '', '', '', '2019', '7', '43', '3', '1', '9');
INSERT INTO `detalleactividades` VALUES ('1592', '', '', '', '2019', '7', '44', '3', '1', '10');
INSERT INTO `detalleactividades` VALUES ('1593', '', '', '', '2019', '7', '45', '3', '1', '1');
INSERT INTO `detalleactividades` VALUES ('1594', '', '', '', '2019', '7', '46', '3', '1', '2');
INSERT INTO `detalleactividades` VALUES ('1595', '', '', '', '2019', '7', '47', '3', '1', '3');
INSERT INTO `detalleactividades` VALUES ('1596', '', '', '', '2019', '7', '48', '4', '1', '1');
INSERT INTO `detalleactividades` VALUES ('1597', '', '', '', '2019', '7', '49', '4', '1', '2');
INSERT INTO `detalleactividades` VALUES ('1598', '', '', '', '2019', '7', '50', '4', '1', '3');
INSERT INTO `detalleactividades` VALUES ('1599', '', '', '', '2019', '7', '51', '4', '1', '4');
INSERT INTO `detalleactividades` VALUES ('1600', '', '', '', '2019', '7', '52', '4', '1', '5');
INSERT INTO `detalleactividades` VALUES ('1601', '', '', '', '2019', '7', '53', '4', '1', '1');
INSERT INTO `detalleactividades` VALUES ('1602', '', '', '', '2019', '7', '54', '4', '1', '2');
INSERT INTO `detalleactividades` VALUES ('1603', '', '', '', '2019', '7', '55', '4', '1', '3');
INSERT INTO `detalleactividades` VALUES ('1604', '', '', '', '2019', '7', '56', '4', '1', '4');
INSERT INTO `detalleactividades` VALUES ('1605', '', '', '', '2019', '7', '57', '4', '1', '5');
INSERT INTO `detalleactividades` VALUES ('1606', '', '', '', '2019', '7', '58', '5', '1', '1');
INSERT INTO `detalleactividades` VALUES ('1607', '', '', '', '2019', '7', '59', '5', '1', '2');
INSERT INTO `detalleactividades` VALUES ('1608', '', '', '', '2019', '7', '60', '5', '1', '3');
INSERT INTO `detalleactividades` VALUES ('1609', '', '', '', '2019', '7', '61', '5', '1', '4');
INSERT INTO `detalleactividades` VALUES ('1610', '', '', '', '2019', '7', '62', '5', '1', '5');
INSERT INTO `detalleactividades` VALUES ('1611', '', '', '', '2019', '7', '63', '5', '1', '1');
INSERT INTO `detalleactividades` VALUES ('1612', '', '', '', '2019', '7', '64', '5', '1', '2');
INSERT INTO `detalleactividades` VALUES ('1613', '', '', '', '2019', '7', '65', '5', '1', '3');
INSERT INTO `detalleactividades` VALUES ('1614', '', '', '', '2019', '7', '66', '5', '1', '4');
INSERT INTO `detalleactividades` VALUES ('1615', '', '', '', '2019', '7', '67', '5', '1', '5');
INSERT INTO `detalleactividades` VALUES ('1616', '', '', '', '2019', '7', '68', '5', '1', '6');
INSERT INTO `detalleactividades` VALUES ('1617', '', '', '', '2019', '7', '69', '5', '1', '7');
INSERT INTO `detalleactividades` VALUES ('1618', '', '', '', '2019', '7', '70', '6', '1', '1');
INSERT INTO `detalleactividades` VALUES ('1619', '', '', '', '2019', '7', '71', '6', '1', '1');
INSERT INTO `detalleactividades` VALUES ('1620', '', '', '', '2019', '7', '72', '6', '1', '2');
INSERT INTO `detalleactividades` VALUES ('1621', '', '', '', '2019', '7', '73', '6', '1', '1');
INSERT INTO `detalleactividades` VALUES ('1622', '', '', '', '2019', '7', '74', '6', '1', '2');
INSERT INTO `detalleactividades` VALUES ('1623', '', '', '', '2019', '7', '75', '6', '1', '3');
INSERT INTO `detalleactividades` VALUES ('1624', '', '', '', '2019', '7', '76', '6', '1', '4');
INSERT INTO `detalleactividades` VALUES ('1625', '', '', '', '2019', '7', '77', '6', '1', '5');
INSERT INTO `detalleactividades` VALUES ('1626', '', '', '', '2019', '7', '78', '6', '1', '6');
INSERT INTO `detalleactividades` VALUES ('1627', '', '', '', '2019', '7', '79', '6', '1', '7');
INSERT INTO `detalleactividades` VALUES ('1628', '', '', '', '2019', '7', '80', '6', '1', '8');
INSERT INTO `detalleactividades` VALUES ('1629', '', '', '', '2019', '7', '81', '6', '1', '9');
INSERT INTO `detalleactividades` VALUES ('1630', '', '', '', '2019', '7', '82', '6', '1', '1');
INSERT INTO `detalleactividades` VALUES ('1631', '', '', '', '2019', '7', '83', '6', '1', '2');
INSERT INTO `detalleactividades` VALUES ('1632', '', '', '', '2019', '7', '84', '7', '1', '1');
INSERT INTO `detalleactividades` VALUES ('1633', '', '', '', '2019', '7', '85', '7', '1', '2');
INSERT INTO `detalleactividades` VALUES ('1634', '', '', '', '2019', '7', '86', '7', '1', '3');
INSERT INTO `detalleactividades` VALUES ('1635', '', '', '', '2019', '7', '87', '7', '1', '4');
INSERT INTO `detalleactividades` VALUES ('1636', '', '', '', '2019', '7', '88', '7', '1', '5');
INSERT INTO `detalleactividades` VALUES ('1637', '', '', '', '2019', '7', '89', '7', '1', '6');
INSERT INTO `detalleactividades` VALUES ('1638', '', '', '', '2019', '7', '90', '7', '1', '7');
INSERT INTO `detalleactividades` VALUES ('1639', '', '', '', '2019', '7', '91', '7', '1', '8');
INSERT INTO `detalleactividades` VALUES ('1640', '', '', '', '2019', '7', '92', '7', '1', '9');
INSERT INTO `detalleactividades` VALUES ('1641', '', '', '', '2019', '7', '93', '7', '1', '1');
INSERT INTO `detalleactividades` VALUES ('1642', '', '', '', '2019', '7', '94', '7', '1', '1');
INSERT INTO `detalleactividades` VALUES ('1643', '', '', '', '2019', '7', '95', '7', '1', '2');
INSERT INTO `detalleactividades` VALUES ('1644', '', '', '', '2019', '7', '96', '7', '1', '3');
INSERT INTO `detalleactividades` VALUES ('1645', '', '', '', '2019', '7', '97', '7', '1', '4');
INSERT INTO `detalleactividades` VALUES ('1646', '', '', '', '2019', '7', '98', '8', '1', '1');
INSERT INTO `detalleactividades` VALUES ('1647', '', '', '', '2019', '7', '99', '8', '1', '2');
INSERT INTO `detalleactividades` VALUES ('1648', '', '', '', '2019', '7', '100', '8', '1', '3');
INSERT INTO `detalleactividades` VALUES ('1649', '', '', '', '2019', '7', '101', '8', '1', '1');
INSERT INTO `detalleactividades` VALUES ('1650', '', '', '', '2019', '7', '102', '8', '1', '2');
INSERT INTO `detalleactividades` VALUES ('1651', '', '', '', '2019', '7', '103', '8', '1', '1');
INSERT INTO `detalleactividades` VALUES ('1652', '', '', '', '2019', '7', '104', '8', '1', '2');
INSERT INTO `detalleactividades` VALUES ('1653', '', '', '', '2019', '7', '105', '8', '1', '3');
INSERT INTO `detalleactividades` VALUES ('1654', '', '', '', '2019', '7', '106', '8', '1', '4');
INSERT INTO `detalleactividades` VALUES ('1655', '', '', '', '2019', '7', '107', '8', '1', '5');
INSERT INTO `detalleactividades` VALUES ('1656', '', '', '', '2019', '7', '108', '8', '1', '6');
INSERT INTO `detalleactividades` VALUES ('1657', '', '', '', '2019', '7', '109', '8', '1', '7');
INSERT INTO `detalleactividades` VALUES ('1658', '', '', '', '2019', '7', '110', '8', '1', '8');
INSERT INTO `detalleactividades` VALUES ('1659', '', '', '', '2019', '7', '111', '9', '1', '1');
INSERT INTO `detalleactividades` VALUES ('1660', '', '', '', '2019', '7', '112', '9', '1', '1');
INSERT INTO `detalleactividades` VALUES ('1661', '', '', '', '2019', '7', '113', '9', '1', '2');
INSERT INTO `detalleactividades` VALUES ('1662', '', '', '', '2019', '7', '114', '9', '1', '3');
INSERT INTO `detalleactividades` VALUES ('1663', '', '', '', '2019', '7', '115', '9', '1', '4');
INSERT INTO `detalleactividades` VALUES ('1664', '', '', '', '2019', '7', '116', '9', '1', '5');
INSERT INTO `detalleactividades` VALUES ('1665', '', '', '', '2019', '7', '117', '9', '1', '6');
INSERT INTO `detalleactividades` VALUES ('1666', '', '', '', '2019', '7', '118', '9', '1', '1');
INSERT INTO `detalleactividades` VALUES ('1667', '', '', '', '2019', '7', '119', '9', '1', '2');
INSERT INTO `detalleactividades` VALUES ('1668', '', '', '', '2019', '7', '120', '10', '1', '1');
INSERT INTO `detalleactividades` VALUES ('1669', '', '', '', '2019', '7', '121', '10', '1', '2');
INSERT INTO `detalleactividades` VALUES ('1670', '', '', '', '2019', '7', '122', '10', '1', '3');
INSERT INTO `detalleactividades` VALUES ('1671', '', '', '', '2019', '7', '123', '10', '1', '4');
INSERT INTO `detalleactividades` VALUES ('1672', '', '', '', '2019', '7', '124', '10', '1', '1');
INSERT INTO `detalleactividades` VALUES ('1673', '', '', '', '2019', '7', '125', '10', '1', '2');
INSERT INTO `detalleactividades` VALUES ('1674', '', '', '', '2019', '7', '126', '10', '1', '3');
INSERT INTO `detalleactividades` VALUES ('1675', '', '', '', '2019', '7', '127', '10', '1', '1');
INSERT INTO `detalleactividades` VALUES ('1676', '', '', '', '2019', '7', '128', '10', '1', '2');
INSERT INTO `detalleactividades` VALUES ('1677', '', '', '', '2019', '7', '129', '10', '1', '3');
INSERT INTO `detalleactividades` VALUES ('1678', '', '', '', '2019', '7', '130', '10', '1', '4');
INSERT INTO `detalleactividades` VALUES ('1679', '', '', '', '2019', '7', '131', '10', '1', '5');
INSERT INTO `detalleactividades` VALUES ('1680', '', '', '', '2019', '7', '132', '10', '1', '6');
INSERT INTO `detalleactividades` VALUES ('1681', '', '', '', '2019', '7', '133', '11', '1', '1');
INSERT INTO `detalleactividades` VALUES ('1682', '', '', '', '2019', '7', '134', '11', '1', '2');
INSERT INTO `detalleactividades` VALUES ('1683', '', '', '', '2019', '7', '135', '11', '1', '1');
INSERT INTO `detalleactividades` VALUES ('1684', '', '', '', '2019', '7', '136', '11', '1', '2');
INSERT INTO `detalleactividades` VALUES ('1685', '', '', '', '2019', '7', '137', '11', '1', '1');
INSERT INTO `detalleactividades` VALUES ('1686', '', '', '', '2019', '7', '138', '11', '1', '1');
INSERT INTO `detalleactividades` VALUES ('1687', '', '', '', '2019', '7', '139', '11', '1', '2');
INSERT INTO `detalleactividades` VALUES ('1688', '', '', '', '2019', '7', '140', '12', '1', '1');
INSERT INTO `detalleactividades` VALUES ('1689', '', '', '', '2019', '7', '141', '12', '1', '2');
INSERT INTO `detalleactividades` VALUES ('1690', '', '', '', '2019', '7', '142', '12', '1', '3');
INSERT INTO `detalleactividades` VALUES ('1691', '', '', '', '2019', '7', '143', '12', '1', '1');
INSERT INTO `detalleactividades` VALUES ('1692', '', '', '', '2019', '7', '144', '12', '1', '2');
INSERT INTO `detalleactividades` VALUES ('1693', '', '', '', '2019', '7', '145', '12', '1', '3');
INSERT INTO `detalleactividades` VALUES ('1694', '', '', '', '2019', '7', '146', '12', '1', '4');
INSERT INTO `detalleactividades` VALUES ('1695', '', '', '', '2019', '7', '147', '12', '1', '5');
INSERT INTO `detalleactividades` VALUES ('1696', '', '', '', '2019', '7', '148', '12', '1', '6');
INSERT INTO `detalleactividades` VALUES ('1697', '', '', '', '2019', '7', '149', '12', '1', '1');
INSERT INTO `detalleactividades` VALUES ('1698', '', '', '', '2019', '7', '150', '12', '1', '2');
INSERT INTO `detalleactividades` VALUES ('1699', '', '', '', '2019', '7', '151', '12', '1', '3');
INSERT INTO `detalleactividades` VALUES ('1700', '', '', '', '2019', '7', '152', '12', '1', '4');
INSERT INTO `detalleactividades` VALUES ('1701', '', '', '', '2019', '7', '153', '13', '1', '1');
INSERT INTO `detalleactividades` VALUES ('1702', '', '', '', '2019', '7', '154', '13', '1', '2');
INSERT INTO `detalleactividades` VALUES ('1703', '', '', '', '2019', '7', '155', '13', '1', '3');
INSERT INTO `detalleactividades` VALUES ('1704', '', '', '', '2019', '7', '156', '13', '1', '4');
INSERT INTO `detalleactividades` VALUES ('1705', '', '', '', '2019', '7', '157', '13', '1', '5');
INSERT INTO `detalleactividades` VALUES ('1706', '', '', '', '2019', '7', '158', '13', '1', '6');
INSERT INTO `detalleactividades` VALUES ('1707', '', '', '', '2019', '7', '159', '13', '1', '7');
INSERT INTO `detalleactividades` VALUES ('1708', '', '', '', '2019', '7', '160', '14', '1', '1');
INSERT INTO `detalleactividades` VALUES ('1709', '', '', '', '2019', '7', '161', '14', '1', '2');
INSERT INTO `detalleactividades` VALUES ('1710', '', '', '', '2019', '7', '162', '14', '1', '3');
INSERT INTO `detalleactividades` VALUES ('1711', '', '', '', '2019', '7', '163', '14', '1', '4');
INSERT INTO `detalleactividades` VALUES ('1712', '', '', '', '2019', '7', '164', '14', '1', '5');
INSERT INTO `detalleactividades` VALUES ('1713', '', '', '', '2019', '7', '165', '14', '1', '6');
INSERT INTO `detalleactividades` VALUES ('1714', '', '', '', '2019', '7', '166', '14', '1', '7');
INSERT INTO `detalleactividades` VALUES ('1715', '', '', '', '2019', '7', '167', '14', '1', '1');
INSERT INTO `detalleactividades` VALUES ('1716', '', '', '', '2019', '7', '168', '14', '1', '2');
INSERT INTO `detalleactividades` VALUES ('1717', '', '', '', '2019', '7', '169', '14', '1', '3');
INSERT INTO `detalleactividades` VALUES ('1718', '', '', '', '2019', '7', '170', '14', '1', '4');
INSERT INTO `detalleactividades` VALUES ('1719', '', '', '', '2019', '7', '171', '14', '1', '5');
INSERT INTO `detalleactividades` VALUES ('1720', '', '', '', '2019', '7', '172', '14', '1', '6');
INSERT INTO `detalleactividades` VALUES ('1721', '', '', '', '2019', '7', '173', '14', '1', '7');
INSERT INTO `detalleactividades` VALUES ('1722', '', '', '', '2019', '7', '174', '14', '1', '8');
INSERT INTO `detalleactividades` VALUES ('1723', '', '', '', '2019', '7', '175', '14', '1', '9');
INSERT INTO `detalleactividades` VALUES ('1724', '', '', '', '2019', '7', '176', '14', '1', '10');
INSERT INTO `detalleactividades` VALUES ('1725', '', '', '', '2019', '7', '177', '14', '1', '1');
INSERT INTO `detalleactividades` VALUES ('1726', '', '', '', '2019', '7', '178', '14', '1', '2');
INSERT INTO `detalleactividades` VALUES ('1727', '', '', '', '2019', '7', '179', '15', '1', '1');
INSERT INTO `detalleactividades` VALUES ('1728', '', '', '', '2019', '7', '180', '15', '1', '2');
INSERT INTO `detalleactividades` VALUES ('1729', '', '', '', '2019', '7', '181', '16', '1', '1');
INSERT INTO `detalleactividades` VALUES ('1730', '', '', '', '2019', '7', '182', '16', '1', '2');
INSERT INTO `detalleactividades` VALUES ('1731', '', '', '', '2019', '7', '183', '16', '1', '3');
INSERT INTO `detalleactividades` VALUES ('1732', '', '', '', '2019', '7', '184', '16', '1', '4');
INSERT INTO `detalleactividades` VALUES ('1733', '', '', '', '2019', '7', '185', '16', '1', '1');
INSERT INTO `detalleactividades` VALUES ('1734', '', '', '', '2019', '7', '186', '16', '1', '2');
INSERT INTO `detalleactividades` VALUES ('1735', '', '', '', '2019', '7', '187', '16', '1', '3');
INSERT INTO `detalleactividades` VALUES ('1736', '', '', '', '2019', '7', '188', '16', '1', '4');
INSERT INTO `detalleactividades` VALUES ('1737', '', '', '', '2019', '7', '189', '16', '1', '5');
INSERT INTO `detalleactividades` VALUES ('1738', '', '', '', '2019', '7', '190', '16', '1', '6');
INSERT INTO `detalleactividades` VALUES ('1739', '', '', '', '2019', '7', '191', '16', '1', '1');
INSERT INTO `detalleactividades` VALUES ('1740', '', '', '', '2019', '7', '192', '16', '1', '2');
INSERT INTO `detalleactividades` VALUES ('1741', '', '', '', '2019', '7', '193', '16', '1', '3');
INSERT INTO `detalleactividades` VALUES ('1742', '', '', '', '2019', '7', '194', '16', '1', '4');
INSERT INTO `detalleactividades` VALUES ('1743', '', '', '', '2019', '7', '195', '16', '1', '5');
INSERT INTO `detalleactividades` VALUES ('1744', '', '', '', '2019', '7', '196', '16', '1', '1');
INSERT INTO `detalleactividades` VALUES ('1745', '', '', '', '2019', '7', '197', '16', '1', '2');
INSERT INTO `detalleactividades` VALUES ('1746', '', '', '', '2019', '7', '198', '16', '1', '3');
INSERT INTO `detalleactividades` VALUES ('1747', '', '', '', '2019', '7', '199', '16', '1', '4');
INSERT INTO `detalleactividades` VALUES ('1748', '', '', '', '2019', '7', '200', '16', '1', '5');
INSERT INTO `detalleactividades` VALUES ('1749', '', '', '', '2019', '7', '201', '16', '1', '6');
INSERT INTO `detalleactividades` VALUES ('1750', '', '', '', '2019', '7', '202', '16', '1', '1');
INSERT INTO `detalleactividades` VALUES ('1751', '', '', '', '2019', '7', '203', '16', '1', '2');
INSERT INTO `detalleactividades` VALUES ('1752', '', '', '', '2019', '7', '204', '16', '1', '3');
INSERT INTO `detalleactividades` VALUES ('1753', '', '', '', '2019', '7', '205', '16', '1', '4');
INSERT INTO `detalleactividades` VALUES ('1754', '', '', '', '2019', '7', '206', '16', '1', '5');
INSERT INTO `detalleactividades` VALUES ('1755', '', '', '', '2019', '7', '207', '16', '1', '6');
INSERT INTO `detalleactividades` VALUES ('1756', '', '', '', '2019', '7', '208', '16', '1', '7');
INSERT INTO `detalleactividades` VALUES ('1757', '', '', '', '2019', '7', '209', '16', '1', '8');
INSERT INTO `detalleactividades` VALUES ('1758', '', '', '', '2019', '7', '210', '16', '1', '9');
INSERT INTO `detalleactividades` VALUES ('1759', '', '', '', '2019', '7', '211', '17', '1', '1');
INSERT INTO `detalleactividades` VALUES ('1760', '', '', '', '2019', '7', '212', '17', '1', '2');
INSERT INTO `detalleactividades` VALUES ('1761', '', '', '', '2019', '7', '213', '17', '1', '3');
INSERT INTO `detalleactividades` VALUES ('1762', '', '', '', '2019', '7', '214', '17', '1', '4');
INSERT INTO `detalleactividades` VALUES ('1763', '', '', '', '2019', '7', '215', '17', '1', '5');
INSERT INTO `detalleactividades` VALUES ('1764', '', '', '', '2019', '7', '216', '17', '1', '6');
INSERT INTO `detalleactividades` VALUES ('1765', '', '', '', '2019', '7', '217', '17', '1', '7');
INSERT INTO `detalleactividades` VALUES ('1766', '', '', '', '2019', '7', '218', '17', '1', '1');
INSERT INTO `detalleactividades` VALUES ('1767', '', '', '', '2019', '7', '219', '17', '1', '2');
INSERT INTO `detalleactividades` VALUES ('1768', '', '', '', '2019', '7', '220', '17', '1', '1');
INSERT INTO `detalleactividades` VALUES ('1769', '', '', '', '2019', '7', '221', '17', '1', '2');
INSERT INTO `detalleactividades` VALUES ('1770', '', '', '', '2019', '7', '222', '17', '1', '3');
INSERT INTO `detalleactividades` VALUES ('1771', '', '', '', '2019', '7', '223', '17', '1', '1');
INSERT INTO `detalleactividades` VALUES ('1772', '', '', '', '2019', '7', '224', '17', '1', '2');
INSERT INTO `detalleactividades` VALUES ('1773', '', '', '', '2019', '7', '225', '17', '1', '3');
INSERT INTO `detalleactividades` VALUES ('1774', '', '', '', '2019', '7', '226', '17', '1', '4');
INSERT INTO `detalleactividades` VALUES ('1775', '', '', '', '2019', '7', '227', '17', '1', '5');
INSERT INTO `detalleactividades` VALUES ('1776', '', '', '', '2019', '7', '228', '17', '1', '6');
INSERT INTO `detalleactividades` VALUES ('1777', '', '', '', '2019', '7', '229', '18', '1', '1');
INSERT INTO `detalleactividades` VALUES ('1778', '', '', '', '2019', '7', '230', '18', '1', '2');
INSERT INTO `detalleactividades` VALUES ('1779', '', '', '', '2019', '7', '231', '18', '1', '3');
INSERT INTO `detalleactividades` VALUES ('1780', '', '', '', '2019', '7', '232', '18', '1', '4');
INSERT INTO `detalleactividades` VALUES ('1781', '', '', '', '2019', '7', '233', '18', '1', '5');
INSERT INTO `detalleactividades` VALUES ('1782', '', '', '', '2019', '7', '234', '18', '1', '6');
INSERT INTO `detalleactividades` VALUES ('1783', '', '', '', '2019', '7', '235', '18', '1', '7');
INSERT INTO `detalleactividades` VALUES ('1784', '', '', '', '2019', '7', '236', '18', '1', '1');
INSERT INTO `detalleactividades` VALUES ('1785', '', '', '', '2019', '7', '237', '18', '1', '2');
INSERT INTO `detalleactividades` VALUES ('1786', '', '', '', '2019', '7', '238', '18', '1', '3');
INSERT INTO `detalleactividades` VALUES ('1787', '', '', '', '2019', '7', '239', '18', '1', '4');
INSERT INTO `detalleactividades` VALUES ('1788', '', '', '', '2019', '7', '240', '18', '1', '5');
INSERT INTO `detalleactividades` VALUES ('1789', '', '', '', '2019', '7', '241', '18', '1', '6');
INSERT INTO `detalleactividades` VALUES ('1790', '', '', '', '2019', '7', '242', '3', '3', '1');
INSERT INTO `detalleactividades` VALUES ('1791', '', '', '', '2019', '7', '243', '3', '3', '2');
INSERT INTO `detalleactividades` VALUES ('1792', '', '', '', '2019', '7', '244', '3', '3', '3');
INSERT INTO `detalleactividades` VALUES ('1793', '', '', '', '2019', '7', '245', '5', '3', '1');
INSERT INTO `detalleactividades` VALUES ('1794', '', '', '', '2019', '7', '246', '5', '3', '2');
INSERT INTO `detalleactividades` VALUES ('1795', '', '', '', '2019', '7', '247', '5', '3', '3');
INSERT INTO `detalleactividades` VALUES ('1796', '', '', '', '2019', '7', '248', '5', '3', '4');
INSERT INTO `detalleactividades` VALUES ('1797', '', '', '', '2019', '7', '249', '5', '3', '5');
INSERT INTO `detalleactividades` VALUES ('1798', '', '', '', '2019', '7', '250', '8', '3', '1');
INSERT INTO `detalleactividades` VALUES ('1799', '', '', '', '2019', '7', '251', '8', '3', '2');
INSERT INTO `detalleactividades` VALUES ('1800', '', '', '', '2019', '7', '252', '8', '3', '3');
INSERT INTO `detalleactividades` VALUES ('1801', '', '', '', '2019', '7', '253', '10', '3', '1');
INSERT INTO `detalleactividades` VALUES ('1802', '', '', '', '2019', '7', '254', '10', '3', '1');
INSERT INTO `detalleactividades` VALUES ('1803', '', '', '', '2019', '7', '255', '16', '3', '1');
INSERT INTO `detalleactividades` VALUES ('1804', '', '', '', '2019', '7', '256', '17', '3', '1');
INSERT INTO `detalleactividades` VALUES ('1805', '', '', '', '2019', '7', '257', '3', '4', '1');
INSERT INTO `detalleactividades` VALUES ('1806', '', '', '', '2019', '7', '258', '3', '4', '2');
INSERT INTO `detalleactividades` VALUES ('1807', '', '', '', '2019', '8', '1', '1', '1', '1');
INSERT INTO `detalleactividades` VALUES ('1808', '', '', '', '2019', '8', '2', '1', '1', '2');
INSERT INTO `detalleactividades` VALUES ('1809', '', '', '', '2019', '8', '3', '1', '1', '3');
INSERT INTO `detalleactividades` VALUES ('1810', '', '', '', '2019', '8', '4', '1', '1', '4');
INSERT INTO `detalleactividades` VALUES ('1811', '', '', '', '2019', '8', '5', '2', '1', '1');
INSERT INTO `detalleactividades` VALUES ('1812', '', '', '', '2019', '8', '6', '2', '1', '2');
INSERT INTO `detalleactividades` VALUES ('1813', '', '', '', '2019', '8', '7', '2', '1', '3');
INSERT INTO `detalleactividades` VALUES ('1814', '', '', '', '2019', '8', '8', '2', '1', '4');
INSERT INTO `detalleactividades` VALUES ('1815', '', '', '', '2019', '8', '9', '2', '1', '5');
INSERT INTO `detalleactividades` VALUES ('1816', '', '', '', '2019', '8', '10', '2', '1', '6');
INSERT INTO `detalleactividades` VALUES ('1817', '', '', '', '2019', '8', '11', '2', '1', '1');
INSERT INTO `detalleactividades` VALUES ('1818', '', '', '', '2019', '8', '12', '2', '1', '2');
INSERT INTO `detalleactividades` VALUES ('1819', '', '', '', '2019', '8', '13', '2', '1', '1');
INSERT INTO `detalleactividades` VALUES ('1820', '', '', '', '2019', '8', '14', '2', '1', '2');
INSERT INTO `detalleactividades` VALUES ('1821', '', '', '', '2019', '8', '15', '2', '1', '3');
INSERT INTO `detalleactividades` VALUES ('1822', '', '', '', '2019', '8', '16', '2', '1', '4');
INSERT INTO `detalleactividades` VALUES ('1823', '', '', '', '2019', '8', '17', '2', '1', '1');
INSERT INTO `detalleactividades` VALUES ('1824', '', '', '', '2019', '8', '18', '2', '1', '1');
INSERT INTO `detalleactividades` VALUES ('1825', '', '', '', '2019', '8', '19', '2', '1', '2');
INSERT INTO `detalleactividades` VALUES ('1826', '', '', '', '2019', '8', '20', '2', '1', '3');
INSERT INTO `detalleactividades` VALUES ('1827', '', '', '', '2019', '8', '21', '2', '1', '4');
INSERT INTO `detalleactividades` VALUES ('1828', '', '', '', '2019', '8', '22', '2', '1', '5');
INSERT INTO `detalleactividades` VALUES ('1829', '', '', '', '2019', '8', '23', '2', '1', '6');
INSERT INTO `detalleactividades` VALUES ('1830', '', '', '', '2019', '8', '24', '2', '1', '7');
INSERT INTO `detalleactividades` VALUES ('1831', '', '', '', '2019', '8', '25', '2', '1', '8');
INSERT INTO `detalleactividades` VALUES ('1832', '', '', '', '2019', '8', '26', '2', '1', '1');
INSERT INTO `detalleactividades` VALUES ('1833', '', '', '', '2019', '8', '27', '2', '1', '2');
INSERT INTO `detalleactividades` VALUES ('1834', '', '', '', '2019', '8', '28', '2', '1', '3');
INSERT INTO `detalleactividades` VALUES ('1835', '', '', '', '2019', '8', '29', '2', '1', '4');
INSERT INTO `detalleactividades` VALUES ('1836', '', '', '', '2019', '8', '30', '2', '1', '1');
INSERT INTO `detalleactividades` VALUES ('1837', '', '', '', '2019', '8', '31', '2', '1', '2');
INSERT INTO `detalleactividades` VALUES ('1838', '', '', '', '2019', '8', '32', '3', '1', '1');
INSERT INTO `detalleactividades` VALUES ('1839', '', '', '', '2019', '8', '33', '3', '1', '2');
INSERT INTO `detalleactividades` VALUES ('1840', '', '', '', '2019', '8', '34', '3', '1', '3');
INSERT INTO `detalleactividades` VALUES ('1841', '', '', '', '2019', '8', '35', '3', '1', '1');
INSERT INTO `detalleactividades` VALUES ('1842', '', '', '', '2019', '8', '36', '3', '1', '2');
INSERT INTO `detalleactividades` VALUES ('1843', '', '', '', '2019', '8', '37', '3', '1', '3');
INSERT INTO `detalleactividades` VALUES ('1844', '', '', '', '2019', '8', '38', '3', '1', '4');
INSERT INTO `detalleactividades` VALUES ('1845', '', '', '', '2019', '8', '39', '3', '1', '5');
INSERT INTO `detalleactividades` VALUES ('1846', '', '', '', '2019', '8', '40', '3', '1', '6');
INSERT INTO `detalleactividades` VALUES ('1847', '', '', '', '2019', '8', '41', '3', '1', '7');
INSERT INTO `detalleactividades` VALUES ('1848', '', '', '', '2019', '8', '42', '3', '1', '8');
INSERT INTO `detalleactividades` VALUES ('1849', '', '', '', '2019', '8', '43', '3', '1', '9');
INSERT INTO `detalleactividades` VALUES ('1850', '', '', '', '2019', '8', '44', '3', '1', '10');
INSERT INTO `detalleactividades` VALUES ('1851', '', '', '', '2019', '8', '45', '3', '1', '1');
INSERT INTO `detalleactividades` VALUES ('1852', '', '', '', '2019', '8', '46', '3', '1', '2');
INSERT INTO `detalleactividades` VALUES ('1853', '', '', '', '2019', '8', '47', '3', '1', '3');
INSERT INTO `detalleactividades` VALUES ('1854', '', '', '', '2019', '8', '48', '4', '1', '1');
INSERT INTO `detalleactividades` VALUES ('1855', '', '', '', '2019', '8', '49', '4', '1', '2');
INSERT INTO `detalleactividades` VALUES ('1856', '', '', '', '2019', '8', '50', '4', '1', '3');
INSERT INTO `detalleactividades` VALUES ('1857', '', '', '', '2019', '8', '51', '4', '1', '4');
INSERT INTO `detalleactividades` VALUES ('1858', '', '', '', '2019', '8', '52', '4', '1', '5');
INSERT INTO `detalleactividades` VALUES ('1859', '', '', '', '2019', '8', '53', '4', '1', '1');
INSERT INTO `detalleactividades` VALUES ('1860', '', '', '', '2019', '8', '54', '4', '1', '2');
INSERT INTO `detalleactividades` VALUES ('1861', '', '', '', '2019', '8', '55', '4', '1', '3');
INSERT INTO `detalleactividades` VALUES ('1862', '', '', '', '2019', '8', '56', '4', '1', '4');
INSERT INTO `detalleactividades` VALUES ('1863', '', '', '', '2019', '8', '57', '4', '1', '5');
INSERT INTO `detalleactividades` VALUES ('1864', '', '', '', '2019', '8', '58', '5', '1', '1');
INSERT INTO `detalleactividades` VALUES ('1865', '', '', '', '2019', '8', '59', '5', '1', '2');
INSERT INTO `detalleactividades` VALUES ('1866', '', '', '', '2019', '8', '60', '5', '1', '3');
INSERT INTO `detalleactividades` VALUES ('1867', '', '', '', '2019', '8', '61', '5', '1', '4');
INSERT INTO `detalleactividades` VALUES ('1868', '', '', '', '2019', '8', '62', '5', '1', '5');
INSERT INTO `detalleactividades` VALUES ('1869', '', '', '', '2019', '8', '63', '5', '1', '1');
INSERT INTO `detalleactividades` VALUES ('1870', '', '', '', '2019', '8', '64', '5', '1', '2');
INSERT INTO `detalleactividades` VALUES ('1871', '', '', '', '2019', '8', '65', '5', '1', '3');
INSERT INTO `detalleactividades` VALUES ('1872', '', '', '', '2019', '8', '66', '5', '1', '4');
INSERT INTO `detalleactividades` VALUES ('1873', '', '', '', '2019', '8', '67', '5', '1', '5');
INSERT INTO `detalleactividades` VALUES ('1874', '', '', '', '2019', '8', '68', '5', '1', '6');
INSERT INTO `detalleactividades` VALUES ('1875', '', '', '', '2019', '8', '69', '5', '1', '7');
INSERT INTO `detalleactividades` VALUES ('1876', '', '', '', '2019', '8', '70', '6', '1', '1');
INSERT INTO `detalleactividades` VALUES ('1877', '', '', '', '2019', '8', '71', '6', '1', '1');
INSERT INTO `detalleactividades` VALUES ('1878', '', '', '', '2019', '8', '72', '6', '1', '2');
INSERT INTO `detalleactividades` VALUES ('1879', '', '', '', '2019', '8', '73', '6', '1', '1');
INSERT INTO `detalleactividades` VALUES ('1880', '', '', '', '2019', '8', '74', '6', '1', '2');
INSERT INTO `detalleactividades` VALUES ('1881', '', '', '', '2019', '8', '75', '6', '1', '3');
INSERT INTO `detalleactividades` VALUES ('1882', '', '', '', '2019', '8', '76', '6', '1', '4');
INSERT INTO `detalleactividades` VALUES ('1883', '', '', '', '2019', '8', '77', '6', '1', '5');
INSERT INTO `detalleactividades` VALUES ('1884', '', '', '', '2019', '8', '78', '6', '1', '6');
INSERT INTO `detalleactividades` VALUES ('1885', '', '', '', '2019', '8', '79', '6', '1', '7');
INSERT INTO `detalleactividades` VALUES ('1886', '', '', '', '2019', '8', '80', '6', '1', '8');
INSERT INTO `detalleactividades` VALUES ('1887', '', '', '', '2019', '8', '81', '6', '1', '9');
INSERT INTO `detalleactividades` VALUES ('1888', '', '', '', '2019', '8', '82', '6', '1', '1');
INSERT INTO `detalleactividades` VALUES ('1889', '', '', '', '2019', '8', '83', '6', '1', '2');
INSERT INTO `detalleactividades` VALUES ('1890', '', '', '', '2019', '8', '84', '7', '1', '1');
INSERT INTO `detalleactividades` VALUES ('1891', '', '', '', '2019', '8', '85', '7', '1', '2');
INSERT INTO `detalleactividades` VALUES ('1892', '', '', '', '2019', '8', '86', '7', '1', '3');
INSERT INTO `detalleactividades` VALUES ('1893', '', '', '', '2019', '8', '87', '7', '1', '4');
INSERT INTO `detalleactividades` VALUES ('1894', '', '', '', '2019', '8', '88', '7', '1', '5');
INSERT INTO `detalleactividades` VALUES ('1895', '', '', '', '2019', '8', '89', '7', '1', '6');
INSERT INTO `detalleactividades` VALUES ('1896', '', '', '', '2019', '8', '90', '7', '1', '7');
INSERT INTO `detalleactividades` VALUES ('1897', '', '', '', '2019', '8', '91', '7', '1', '8');
INSERT INTO `detalleactividades` VALUES ('1898', '', '', '', '2019', '8', '92', '7', '1', '9');
INSERT INTO `detalleactividades` VALUES ('1899', '', '', '', '2019', '8', '93', '7', '1', '1');
INSERT INTO `detalleactividades` VALUES ('1900', '', '', '', '2019', '8', '94', '7', '1', '1');
INSERT INTO `detalleactividades` VALUES ('1901', '', '', '', '2019', '8', '95', '7', '1', '2');
INSERT INTO `detalleactividades` VALUES ('1902', '', '', '', '2019', '8', '96', '7', '1', '3');
INSERT INTO `detalleactividades` VALUES ('1903', '', '', '', '2019', '8', '97', '7', '1', '4');
INSERT INTO `detalleactividades` VALUES ('1904', '', '', '', '2019', '8', '98', '8', '1', '1');
INSERT INTO `detalleactividades` VALUES ('1905', '', '', '', '2019', '8', '99', '8', '1', '2');
INSERT INTO `detalleactividades` VALUES ('1906', '', '', '', '2019', '8', '100', '8', '1', '3');
INSERT INTO `detalleactividades` VALUES ('1907', '', '', '', '2019', '8', '101', '8', '1', '1');
INSERT INTO `detalleactividades` VALUES ('1908', '', '', '', '2019', '8', '102', '8', '1', '2');
INSERT INTO `detalleactividades` VALUES ('1909', '', '', '', '2019', '8', '103', '8', '1', '1');
INSERT INTO `detalleactividades` VALUES ('1910', '', '', '', '2019', '8', '104', '8', '1', '2');
INSERT INTO `detalleactividades` VALUES ('1911', '', '', '', '2019', '8', '105', '8', '1', '3');
INSERT INTO `detalleactividades` VALUES ('1912', '', '', '', '2019', '8', '106', '8', '1', '4');
INSERT INTO `detalleactividades` VALUES ('1913', '', '', '', '2019', '8', '107', '8', '1', '5');
INSERT INTO `detalleactividades` VALUES ('1914', '', '', '', '2019', '8', '108', '8', '1', '6');
INSERT INTO `detalleactividades` VALUES ('1915', '', '', '', '2019', '8', '109', '8', '1', '7');
INSERT INTO `detalleactividades` VALUES ('1916', '', '', '', '2019', '8', '110', '8', '1', '8');
INSERT INTO `detalleactividades` VALUES ('1917', '', '', '', '2019', '8', '111', '9', '1', '1');
INSERT INTO `detalleactividades` VALUES ('1918', '', '', '', '2019', '8', '112', '9', '1', '1');
INSERT INTO `detalleactividades` VALUES ('1919', '', '', '', '2019', '8', '113', '9', '1', '2');
INSERT INTO `detalleactividades` VALUES ('1920', '', '', '', '2019', '8', '114', '9', '1', '3');
INSERT INTO `detalleactividades` VALUES ('1921', '', '', '', '2019', '8', '115', '9', '1', '4');
INSERT INTO `detalleactividades` VALUES ('1922', '', '', '', '2019', '8', '116', '9', '1', '5');
INSERT INTO `detalleactividades` VALUES ('1923', '', '', '', '2019', '8', '117', '9', '1', '6');
INSERT INTO `detalleactividades` VALUES ('1924', '', '', '', '2019', '8', '118', '9', '1', '1');
INSERT INTO `detalleactividades` VALUES ('1925', '', '', '', '2019', '8', '119', '9', '1', '2');
INSERT INTO `detalleactividades` VALUES ('1926', '', '', '', '2019', '8', '120', '10', '1', '1');
INSERT INTO `detalleactividades` VALUES ('1927', '', '', '', '2019', '8', '121', '10', '1', '2');
INSERT INTO `detalleactividades` VALUES ('1928', '', '', '', '2019', '8', '122', '10', '1', '3');
INSERT INTO `detalleactividades` VALUES ('1929', '', '', '', '2019', '8', '123', '10', '1', '4');
INSERT INTO `detalleactividades` VALUES ('1930', '', '', '', '2019', '8', '124', '10', '1', '1');
INSERT INTO `detalleactividades` VALUES ('1931', '', '', '', '2019', '8', '125', '10', '1', '2');
INSERT INTO `detalleactividades` VALUES ('1932', '', '', '', '2019', '8', '126', '10', '1', '3');
INSERT INTO `detalleactividades` VALUES ('1933', '', '', '', '2019', '8', '127', '10', '1', '1');
INSERT INTO `detalleactividades` VALUES ('1934', '', '', '', '2019', '8', '128', '10', '1', '2');
INSERT INTO `detalleactividades` VALUES ('1935', '', '', '', '2019', '8', '129', '10', '1', '3');
INSERT INTO `detalleactividades` VALUES ('1936', '', '', '', '2019', '8', '130', '10', '1', '4');
INSERT INTO `detalleactividades` VALUES ('1937', '', '', '', '2019', '8', '131', '10', '1', '5');
INSERT INTO `detalleactividades` VALUES ('1938', '', '', '', '2019', '8', '132', '10', '1', '6');
INSERT INTO `detalleactividades` VALUES ('1939', '', '', '', '2019', '8', '133', '11', '1', '1');
INSERT INTO `detalleactividades` VALUES ('1940', '', '', '', '2019', '8', '134', '11', '1', '2');
INSERT INTO `detalleactividades` VALUES ('1941', '', '', '', '2019', '8', '135', '11', '1', '1');
INSERT INTO `detalleactividades` VALUES ('1942', '', '', '', '2019', '8', '136', '11', '1', '2');
INSERT INTO `detalleactividades` VALUES ('1943', '', '', '', '2019', '8', '137', '11', '1', '1');
INSERT INTO `detalleactividades` VALUES ('1944', '', '', '', '2019', '8', '138', '11', '1', '1');
INSERT INTO `detalleactividades` VALUES ('1945', '', '', '', '2019', '8', '139', '11', '1', '2');
INSERT INTO `detalleactividades` VALUES ('1946', '', '', '', '2019', '8', '140', '12', '1', '1');
INSERT INTO `detalleactividades` VALUES ('1947', '', '', '', '2019', '8', '141', '12', '1', '2');
INSERT INTO `detalleactividades` VALUES ('1948', '', '', '', '2019', '8', '142', '12', '1', '3');
INSERT INTO `detalleactividades` VALUES ('1949', '', '', '', '2019', '8', '143', '12', '1', '1');
INSERT INTO `detalleactividades` VALUES ('1950', '', '', '', '2019', '8', '144', '12', '1', '2');
INSERT INTO `detalleactividades` VALUES ('1951', '', '', '', '2019', '8', '145', '12', '1', '3');
INSERT INTO `detalleactividades` VALUES ('1952', '', '', '', '2019', '8', '146', '12', '1', '4');
INSERT INTO `detalleactividades` VALUES ('1953', '', '', '', '2019', '8', '147', '12', '1', '5');
INSERT INTO `detalleactividades` VALUES ('1954', '', '', '', '2019', '8', '148', '12', '1', '6');
INSERT INTO `detalleactividades` VALUES ('1955', '', '', '', '2019', '8', '149', '12', '1', '1');
INSERT INTO `detalleactividades` VALUES ('1956', '', '', '', '2019', '8', '150', '12', '1', '2');
INSERT INTO `detalleactividades` VALUES ('1957', '', '', '', '2019', '8', '151', '12', '1', '3');
INSERT INTO `detalleactividades` VALUES ('1958', '', '', '', '2019', '8', '152', '12', '1', '4');
INSERT INTO `detalleactividades` VALUES ('1959', '', '', '', '2019', '8', '153', '13', '1', '1');
INSERT INTO `detalleactividades` VALUES ('1960', '', '', '', '2019', '8', '154', '13', '1', '2');
INSERT INTO `detalleactividades` VALUES ('1961', '', '', '', '2019', '8', '155', '13', '1', '3');
INSERT INTO `detalleactividades` VALUES ('1962', '', '', '', '2019', '8', '156', '13', '1', '4');
INSERT INTO `detalleactividades` VALUES ('1963', '', '', '', '2019', '8', '157', '13', '1', '5');
INSERT INTO `detalleactividades` VALUES ('1964', '', '', '', '2019', '8', '158', '13', '1', '6');
INSERT INTO `detalleactividades` VALUES ('1965', '', '', '', '2019', '8', '159', '13', '1', '7');
INSERT INTO `detalleactividades` VALUES ('1966', '', '', '', '2019', '8', '160', '14', '1', '1');
INSERT INTO `detalleactividades` VALUES ('1967', '', '', '', '2019', '8', '161', '14', '1', '2');
INSERT INTO `detalleactividades` VALUES ('1968', '', '', '', '2019', '8', '162', '14', '1', '3');
INSERT INTO `detalleactividades` VALUES ('1969', '', '', '', '2019', '8', '163', '14', '1', '4');
INSERT INTO `detalleactividades` VALUES ('1970', '', '', '', '2019', '8', '164', '14', '1', '5');
INSERT INTO `detalleactividades` VALUES ('1971', '', '', '', '2019', '8', '165', '14', '1', '6');
INSERT INTO `detalleactividades` VALUES ('1972', '', '', '', '2019', '8', '166', '14', '1', '7');
INSERT INTO `detalleactividades` VALUES ('1973', '', '', '', '2019', '8', '167', '14', '1', '1');
INSERT INTO `detalleactividades` VALUES ('1974', '', '', '', '2019', '8', '168', '14', '1', '2');
INSERT INTO `detalleactividades` VALUES ('1975', '', '', '', '2019', '8', '169', '14', '1', '3');
INSERT INTO `detalleactividades` VALUES ('1976', '', '', '', '2019', '8', '170', '14', '1', '4');
INSERT INTO `detalleactividades` VALUES ('1977', '', '', '', '2019', '8', '171', '14', '1', '5');
INSERT INTO `detalleactividades` VALUES ('1978', '', '', '', '2019', '8', '172', '14', '1', '6');
INSERT INTO `detalleactividades` VALUES ('1979', '', '', '', '2019', '8', '173', '14', '1', '7');
INSERT INTO `detalleactividades` VALUES ('1980', '', '', '', '2019', '8', '174', '14', '1', '8');
INSERT INTO `detalleactividades` VALUES ('1981', '', '', '', '2019', '8', '175', '14', '1', '9');
INSERT INTO `detalleactividades` VALUES ('1982', '', '', '', '2019', '8', '176', '14', '1', '10');
INSERT INTO `detalleactividades` VALUES ('1983', '', '', '', '2019', '8', '177', '14', '1', '1');
INSERT INTO `detalleactividades` VALUES ('1984', '', '', '', '2019', '8', '178', '14', '1', '2');
INSERT INTO `detalleactividades` VALUES ('1985', '', '', '', '2019', '8', '179', '15', '1', '1');
INSERT INTO `detalleactividades` VALUES ('1986', '', '', '', '2019', '8', '180', '15', '1', '2');
INSERT INTO `detalleactividades` VALUES ('1987', '', '', '', '2019', '8', '181', '16', '1', '1');
INSERT INTO `detalleactividades` VALUES ('1988', '', '', '', '2019', '8', '182', '16', '1', '2');
INSERT INTO `detalleactividades` VALUES ('1989', '', '', '', '2019', '8', '183', '16', '1', '3');
INSERT INTO `detalleactividades` VALUES ('1990', '', '', '', '2019', '8', '184', '16', '1', '4');
INSERT INTO `detalleactividades` VALUES ('1991', '', '', '', '2019', '8', '185', '16', '1', '1');
INSERT INTO `detalleactividades` VALUES ('1992', '', '', '', '2019', '8', '186', '16', '1', '2');
INSERT INTO `detalleactividades` VALUES ('1993', '', '', '', '2019', '8', '187', '16', '1', '3');
INSERT INTO `detalleactividades` VALUES ('1994', '', '', '', '2019', '8', '188', '16', '1', '4');
INSERT INTO `detalleactividades` VALUES ('1995', '', '', '', '2019', '8', '189', '16', '1', '5');
INSERT INTO `detalleactividades` VALUES ('1996', '', '', '', '2019', '8', '190', '16', '1', '6');
INSERT INTO `detalleactividades` VALUES ('1997', '', '', '', '2019', '8', '191', '16', '1', '1');
INSERT INTO `detalleactividades` VALUES ('1998', '', '', '', '2019', '8', '192', '16', '1', '2');
INSERT INTO `detalleactividades` VALUES ('1999', '', '', '', '2019', '8', '193', '16', '1', '3');
INSERT INTO `detalleactividades` VALUES ('2000', '', '', '', '2019', '8', '194', '16', '1', '4');
INSERT INTO `detalleactividades` VALUES ('2001', '', '', '', '2019', '8', '195', '16', '1', '5');
INSERT INTO `detalleactividades` VALUES ('2002', '', '', '', '2019', '8', '196', '16', '1', '1');
INSERT INTO `detalleactividades` VALUES ('2003', '', '', '', '2019', '8', '197', '16', '1', '2');
INSERT INTO `detalleactividades` VALUES ('2004', '', '', '', '2019', '8', '198', '16', '1', '3');
INSERT INTO `detalleactividades` VALUES ('2005', '', '', '', '2019', '8', '199', '16', '1', '4');
INSERT INTO `detalleactividades` VALUES ('2006', '', '', '', '2019', '8', '200', '16', '1', '5');
INSERT INTO `detalleactividades` VALUES ('2007', '', '', '', '2019', '8', '201', '16', '1', '6');
INSERT INTO `detalleactividades` VALUES ('2008', '', '', '', '2019', '8', '202', '16', '1', '1');
INSERT INTO `detalleactividades` VALUES ('2009', '', '', '', '2019', '8', '203', '16', '1', '2');
INSERT INTO `detalleactividades` VALUES ('2010', '', '', '', '2019', '8', '204', '16', '1', '3');
INSERT INTO `detalleactividades` VALUES ('2011', '', '', '', '2019', '8', '205', '16', '1', '4');
INSERT INTO `detalleactividades` VALUES ('2012', '', '', '', '2019', '8', '206', '16', '1', '5');
INSERT INTO `detalleactividades` VALUES ('2013', '', '', '', '2019', '8', '207', '16', '1', '6');
INSERT INTO `detalleactividades` VALUES ('2014', '', '', '', '2019', '8', '208', '16', '1', '7');
INSERT INTO `detalleactividades` VALUES ('2015', '', '', '', '2019', '8', '209', '16', '1', '8');
INSERT INTO `detalleactividades` VALUES ('2016', '', '', '', '2019', '8', '210', '16', '1', '9');
INSERT INTO `detalleactividades` VALUES ('2017', '', '', '', '2019', '8', '211', '17', '1', '1');
INSERT INTO `detalleactividades` VALUES ('2018', '', '', '', '2019', '8', '212', '17', '1', '2');
INSERT INTO `detalleactividades` VALUES ('2019', '', '', '', '2019', '8', '213', '17', '1', '3');
INSERT INTO `detalleactividades` VALUES ('2020', '', '', '', '2019', '8', '214', '17', '1', '4');
INSERT INTO `detalleactividades` VALUES ('2021', '', '', '', '2019', '8', '215', '17', '1', '5');
INSERT INTO `detalleactividades` VALUES ('2022', '', '', '', '2019', '8', '216', '17', '1', '6');
INSERT INTO `detalleactividades` VALUES ('2023', '', '', '', '2019', '8', '217', '17', '1', '7');
INSERT INTO `detalleactividades` VALUES ('2024', '', '', '', '2019', '8', '218', '17', '1', '1');
INSERT INTO `detalleactividades` VALUES ('2025', '', '', '', '2019', '8', '219', '17', '1', '2');
INSERT INTO `detalleactividades` VALUES ('2026', '', '', '', '2019', '8', '220', '17', '1', '1');
INSERT INTO `detalleactividades` VALUES ('2027', '', '', '', '2019', '8', '221', '17', '1', '2');
INSERT INTO `detalleactividades` VALUES ('2028', '', '', '', '2019', '8', '222', '17', '1', '3');
INSERT INTO `detalleactividades` VALUES ('2029', '', '', '', '2019', '8', '223', '17', '1', '1');
INSERT INTO `detalleactividades` VALUES ('2030', '', '', '', '2019', '8', '224', '17', '1', '2');
INSERT INTO `detalleactividades` VALUES ('2031', '', '', '', '2019', '8', '225', '17', '1', '3');
INSERT INTO `detalleactividades` VALUES ('2032', '', '', '', '2019', '8', '226', '17', '1', '4');
INSERT INTO `detalleactividades` VALUES ('2033', '', '', '', '2019', '8', '227', '17', '1', '5');
INSERT INTO `detalleactividades` VALUES ('2034', '', '', '', '2019', '8', '228', '17', '1', '6');
INSERT INTO `detalleactividades` VALUES ('2035', '', '', '', '2019', '8', '229', '18', '1', '1');
INSERT INTO `detalleactividades` VALUES ('2036', '', '', '', '2019', '8', '230', '18', '1', '2');
INSERT INTO `detalleactividades` VALUES ('2037', '', '', '', '2019', '8', '231', '18', '1', '3');
INSERT INTO `detalleactividades` VALUES ('2038', '', '', '', '2019', '8', '232', '18', '1', '4');
INSERT INTO `detalleactividades` VALUES ('2039', '', '', '', '2019', '8', '233', '18', '1', '5');
INSERT INTO `detalleactividades` VALUES ('2040', '', '', '', '2019', '8', '234', '18', '1', '6');
INSERT INTO `detalleactividades` VALUES ('2041', '', '', '', '2019', '8', '235', '18', '1', '7');
INSERT INTO `detalleactividades` VALUES ('2042', '', '', '', '2019', '8', '236', '18', '1', '1');
INSERT INTO `detalleactividades` VALUES ('2043', '', '', '', '2019', '8', '237', '18', '1', '2');
INSERT INTO `detalleactividades` VALUES ('2044', '', '', '', '2019', '8', '238', '18', '1', '3');
INSERT INTO `detalleactividades` VALUES ('2045', '', '', '', '2019', '8', '239', '18', '1', '4');
INSERT INTO `detalleactividades` VALUES ('2046', '', '', '', '2019', '8', '240', '18', '1', '5');
INSERT INTO `detalleactividades` VALUES ('2047', '', '', '', '2019', '8', '241', '18', '1', '6');
INSERT INTO `detalleactividades` VALUES ('2048', '', '', '', '2019', '8', '242', '3', '3', '1');
INSERT INTO `detalleactividades` VALUES ('2049', '', '', '', '2019', '8', '243', '3', '3', '2');
INSERT INTO `detalleactividades` VALUES ('2050', '', '', '', '2019', '8', '244', '3', '3', '3');
INSERT INTO `detalleactividades` VALUES ('2051', '', '', '', '2019', '8', '245', '5', '3', '1');
INSERT INTO `detalleactividades` VALUES ('2052', '', '', '', '2019', '8', '246', '5', '3', '2');
INSERT INTO `detalleactividades` VALUES ('2053', '', '', '', '2019', '8', '247', '5', '3', '3');
INSERT INTO `detalleactividades` VALUES ('2054', '', '', '', '2019', '8', '248', '5', '3', '4');
INSERT INTO `detalleactividades` VALUES ('2055', '', '', '', '2019', '8', '249', '5', '3', '5');
INSERT INTO `detalleactividades` VALUES ('2056', '', '', '', '2019', '8', '250', '8', '3', '1');
INSERT INTO `detalleactividades` VALUES ('2057', '', '', '', '2019', '8', '251', '8', '3', '2');
INSERT INTO `detalleactividades` VALUES ('2058', '', '', '', '2019', '8', '252', '8', '3', '3');
INSERT INTO `detalleactividades` VALUES ('2059', '', '', '', '2019', '8', '253', '10', '3', '1');
INSERT INTO `detalleactividades` VALUES ('2060', '', '', '', '2019', '8', '254', '10', '3', '1');
INSERT INTO `detalleactividades` VALUES ('2061', '', '', '', '2019', '8', '255', '16', '3', '1');
INSERT INTO `detalleactividades` VALUES ('2062', '', '', '', '2019', '8', '256', '17', '3', '1');
INSERT INTO `detalleactividades` VALUES ('2063', '', '', '', '2019', '8', '257', '3', '4', '1');
INSERT INTO `detalleactividades` VALUES ('2064', '', '', '', '2019', '8', '258', '3', '4', '2');
INSERT INTO `detalleactividades` VALUES ('2065', '', '', '', '2019', '9', '1', '1', '1', '1');
INSERT INTO `detalleactividades` VALUES ('2066', '', '', '', '2019', '9', '2', '1', '1', '2');
INSERT INTO `detalleactividades` VALUES ('2067', '', '', '', '2019', '9', '3', '1', '1', '3');
INSERT INTO `detalleactividades` VALUES ('2068', '', '', '', '2019', '9', '4', '1', '1', '4');
INSERT INTO `detalleactividades` VALUES ('2069', '', '', '', '2019', '9', '5', '2', '1', '1');
INSERT INTO `detalleactividades` VALUES ('2070', '', '', '', '2019', '9', '6', '2', '1', '2');
INSERT INTO `detalleactividades` VALUES ('2071', '', '', '', '2019', '9', '7', '2', '1', '3');
INSERT INTO `detalleactividades` VALUES ('2072', '', '', '', '2019', '9', '8', '2', '1', '4');
INSERT INTO `detalleactividades` VALUES ('2073', '', '', '', '2019', '9', '9', '2', '1', '5');
INSERT INTO `detalleactividades` VALUES ('2074', '', '', '', '2019', '9', '10', '2', '1', '6');
INSERT INTO `detalleactividades` VALUES ('2075', '', '', '', '2019', '9', '11', '2', '1', '1');
INSERT INTO `detalleactividades` VALUES ('2076', '', '', '', '2019', '9', '12', '2', '1', '2');
INSERT INTO `detalleactividades` VALUES ('2077', '', '', '', '2019', '9', '13', '2', '1', '1');
INSERT INTO `detalleactividades` VALUES ('2078', '', '', '', '2019', '9', '14', '2', '1', '2');
INSERT INTO `detalleactividades` VALUES ('2079', '', '', '', '2019', '9', '15', '2', '1', '3');
INSERT INTO `detalleactividades` VALUES ('2080', '', '', '', '2019', '9', '16', '2', '1', '4');
INSERT INTO `detalleactividades` VALUES ('2081', '', '', '', '2019', '9', '17', '2', '1', '1');
INSERT INTO `detalleactividades` VALUES ('2082', '', '', '', '2019', '9', '18', '2', '1', '1');
INSERT INTO `detalleactividades` VALUES ('2083', '', '', '', '2019', '9', '19', '2', '1', '2');
INSERT INTO `detalleactividades` VALUES ('2084', '', '', '', '2019', '9', '20', '2', '1', '3');
INSERT INTO `detalleactividades` VALUES ('2085', '', '', '', '2019', '9', '21', '2', '1', '4');
INSERT INTO `detalleactividades` VALUES ('2086', '', '', '', '2019', '9', '22', '2', '1', '5');
INSERT INTO `detalleactividades` VALUES ('2087', '', '', '', '2019', '9', '23', '2', '1', '6');
INSERT INTO `detalleactividades` VALUES ('2088', '', '', '', '2019', '9', '24', '2', '1', '7');
INSERT INTO `detalleactividades` VALUES ('2089', '', '', '', '2019', '9', '25', '2', '1', '8');
INSERT INTO `detalleactividades` VALUES ('2090', '', '', '', '2019', '9', '26', '2', '1', '1');
INSERT INTO `detalleactividades` VALUES ('2091', '', '', '', '2019', '9', '27', '2', '1', '2');
INSERT INTO `detalleactividades` VALUES ('2092', '', '', '', '2019', '9', '28', '2', '1', '3');
INSERT INTO `detalleactividades` VALUES ('2093', '', '', '', '2019', '9', '29', '2', '1', '4');
INSERT INTO `detalleactividades` VALUES ('2094', '', '', '', '2019', '9', '30', '2', '1', '1');
INSERT INTO `detalleactividades` VALUES ('2095', '', '', '', '2019', '9', '31', '2', '1', '2');
INSERT INTO `detalleactividades` VALUES ('2096', '', '', '', '2019', '9', '32', '3', '1', '1');
INSERT INTO `detalleactividades` VALUES ('2097', '', '', '', '2019', '9', '33', '3', '1', '2');
INSERT INTO `detalleactividades` VALUES ('2098', '', '', '', '2019', '9', '34', '3', '1', '3');
INSERT INTO `detalleactividades` VALUES ('2099', '', '', '', '2019', '9', '35', '3', '1', '1');
INSERT INTO `detalleactividades` VALUES ('2100', '', '', '', '2019', '9', '36', '3', '1', '2');
INSERT INTO `detalleactividades` VALUES ('2101', '', '', '', '2019', '9', '37', '3', '1', '3');
INSERT INTO `detalleactividades` VALUES ('2102', '', '', '', '2019', '9', '38', '3', '1', '4');
INSERT INTO `detalleactividades` VALUES ('2103', '', '', '', '2019', '9', '39', '3', '1', '5');
INSERT INTO `detalleactividades` VALUES ('2104', '', '', '', '2019', '9', '40', '3', '1', '6');
INSERT INTO `detalleactividades` VALUES ('2105', '', '', '', '2019', '9', '41', '3', '1', '7');
INSERT INTO `detalleactividades` VALUES ('2106', '', '', '', '2019', '9', '42', '3', '1', '8');
INSERT INTO `detalleactividades` VALUES ('2107', '', '', '', '2019', '9', '43', '3', '1', '9');
INSERT INTO `detalleactividades` VALUES ('2108', '', '', '', '2019', '9', '44', '3', '1', '10');
INSERT INTO `detalleactividades` VALUES ('2109', '', '', '', '2019', '9', '45', '3', '1', '1');
INSERT INTO `detalleactividades` VALUES ('2110', '', '', '', '2019', '9', '46', '3', '1', '2');
INSERT INTO `detalleactividades` VALUES ('2111', '', '', '', '2019', '9', '47', '3', '1', '3');
INSERT INTO `detalleactividades` VALUES ('2112', '', '', '', '2019', '9', '48', '4', '1', '1');
INSERT INTO `detalleactividades` VALUES ('2113', '', '', '', '2019', '9', '49', '4', '1', '2');
INSERT INTO `detalleactividades` VALUES ('2114', '', '', '', '2019', '9', '50', '4', '1', '3');
INSERT INTO `detalleactividades` VALUES ('2115', '', '', '', '2019', '9', '51', '4', '1', '4');
INSERT INTO `detalleactividades` VALUES ('2116', '', '', '', '2019', '9', '52', '4', '1', '5');
INSERT INTO `detalleactividades` VALUES ('2117', '', '', '', '2019', '9', '53', '4', '1', '1');
INSERT INTO `detalleactividades` VALUES ('2118', '', '', '', '2019', '9', '54', '4', '1', '2');
INSERT INTO `detalleactividades` VALUES ('2119', '', '', '', '2019', '9', '55', '4', '1', '3');
INSERT INTO `detalleactividades` VALUES ('2120', '', '', '', '2019', '9', '56', '4', '1', '4');
INSERT INTO `detalleactividades` VALUES ('2121', '', '', '', '2019', '9', '57', '4', '1', '5');
INSERT INTO `detalleactividades` VALUES ('2122', '', '', '', '2019', '9', '58', '5', '1', '1');
INSERT INTO `detalleactividades` VALUES ('2123', '', '', '', '2019', '9', '59', '5', '1', '2');
INSERT INTO `detalleactividades` VALUES ('2124', '', '', '', '2019', '9', '60', '5', '1', '3');
INSERT INTO `detalleactividades` VALUES ('2125', '', '', '', '2019', '9', '61', '5', '1', '4');
INSERT INTO `detalleactividades` VALUES ('2126', '', '', '', '2019', '9', '62', '5', '1', '5');
INSERT INTO `detalleactividades` VALUES ('2127', '', '', '', '2019', '9', '63', '5', '1', '1');
INSERT INTO `detalleactividades` VALUES ('2128', '', '', '', '2019', '9', '64', '5', '1', '2');
INSERT INTO `detalleactividades` VALUES ('2129', '', '', '', '2019', '9', '65', '5', '1', '3');
INSERT INTO `detalleactividades` VALUES ('2130', '', '', '', '2019', '9', '66', '5', '1', '4');
INSERT INTO `detalleactividades` VALUES ('2131', '', '', '', '2019', '9', '67', '5', '1', '5');
INSERT INTO `detalleactividades` VALUES ('2132', '', '', '', '2019', '9', '68', '5', '1', '6');
INSERT INTO `detalleactividades` VALUES ('2133', '', '', '', '2019', '9', '69', '5', '1', '7');
INSERT INTO `detalleactividades` VALUES ('2134', '', '', '', '2019', '9', '70', '6', '1', '1');
INSERT INTO `detalleactividades` VALUES ('2135', '', '', '', '2019', '9', '71', '6', '1', '1');
INSERT INTO `detalleactividades` VALUES ('2136', '', '', '', '2019', '9', '72', '6', '1', '2');
INSERT INTO `detalleactividades` VALUES ('2137', '', '', '', '2019', '9', '73', '6', '1', '1');
INSERT INTO `detalleactividades` VALUES ('2138', '', '', '', '2019', '9', '74', '6', '1', '2');
INSERT INTO `detalleactividades` VALUES ('2139', '', '', '', '2019', '9', '75', '6', '1', '3');
INSERT INTO `detalleactividades` VALUES ('2140', '', '', '', '2019', '9', '76', '6', '1', '4');
INSERT INTO `detalleactividades` VALUES ('2141', '', '', '', '2019', '9', '77', '6', '1', '5');
INSERT INTO `detalleactividades` VALUES ('2142', '', '', '', '2019', '9', '78', '6', '1', '6');
INSERT INTO `detalleactividades` VALUES ('2143', '', '', '', '2019', '9', '79', '6', '1', '7');
INSERT INTO `detalleactividades` VALUES ('2144', '', '', '', '2019', '9', '80', '6', '1', '8');
INSERT INTO `detalleactividades` VALUES ('2145', '', '', '', '2019', '9', '81', '6', '1', '9');
INSERT INTO `detalleactividades` VALUES ('2146', '', '', '', '2019', '9', '82', '6', '1', '1');
INSERT INTO `detalleactividades` VALUES ('2147', '', '', '', '2019', '9', '83', '6', '1', '2');
INSERT INTO `detalleactividades` VALUES ('2148', '', '', '', '2019', '9', '84', '7', '1', '1');
INSERT INTO `detalleactividades` VALUES ('2149', '', '', '', '2019', '9', '85', '7', '1', '2');
INSERT INTO `detalleactividades` VALUES ('2150', '', '', '', '2019', '9', '86', '7', '1', '3');
INSERT INTO `detalleactividades` VALUES ('2151', '', '', '', '2019', '9', '87', '7', '1', '4');
INSERT INTO `detalleactividades` VALUES ('2152', '', '', '', '2019', '9', '88', '7', '1', '5');
INSERT INTO `detalleactividades` VALUES ('2153', '', '', '', '2019', '9', '89', '7', '1', '6');
INSERT INTO `detalleactividades` VALUES ('2154', '', '', '', '2019', '9', '90', '7', '1', '7');
INSERT INTO `detalleactividades` VALUES ('2155', '', '', '', '2019', '9', '91', '7', '1', '8');
INSERT INTO `detalleactividades` VALUES ('2156', '', '', '', '2019', '9', '92', '7', '1', '9');
INSERT INTO `detalleactividades` VALUES ('2157', '', '', '', '2019', '9', '93', '7', '1', '1');
INSERT INTO `detalleactividades` VALUES ('2158', '', '', '', '2019', '9', '94', '7', '1', '1');
INSERT INTO `detalleactividades` VALUES ('2159', '', '', '', '2019', '9', '95', '7', '1', '2');
INSERT INTO `detalleactividades` VALUES ('2160', '', '', '', '2019', '9', '96', '7', '1', '3');
INSERT INTO `detalleactividades` VALUES ('2161', '', '', '', '2019', '9', '97', '7', '1', '4');
INSERT INTO `detalleactividades` VALUES ('2162', '', '', '', '2019', '9', '98', '8', '1', '1');
INSERT INTO `detalleactividades` VALUES ('2163', '', '', '', '2019', '9', '99', '8', '1', '2');
INSERT INTO `detalleactividades` VALUES ('2164', '', '', '', '2019', '9', '100', '8', '1', '3');
INSERT INTO `detalleactividades` VALUES ('2165', '', '', '', '2019', '9', '101', '8', '1', '1');
INSERT INTO `detalleactividades` VALUES ('2166', '', '', '', '2019', '9', '102', '8', '1', '2');
INSERT INTO `detalleactividades` VALUES ('2167', '', '', '', '2019', '9', '103', '8', '1', '1');
INSERT INTO `detalleactividades` VALUES ('2168', '', '', '', '2019', '9', '104', '8', '1', '2');
INSERT INTO `detalleactividades` VALUES ('2169', '', '', '', '2019', '9', '105', '8', '1', '3');
INSERT INTO `detalleactividades` VALUES ('2170', '', '', '', '2019', '9', '106', '8', '1', '4');
INSERT INTO `detalleactividades` VALUES ('2171', '', '', '', '2019', '9', '107', '8', '1', '5');
INSERT INTO `detalleactividades` VALUES ('2172', '', '', '', '2019', '9', '108', '8', '1', '6');
INSERT INTO `detalleactividades` VALUES ('2173', '', '', '', '2019', '9', '109', '8', '1', '7');
INSERT INTO `detalleactividades` VALUES ('2174', '', '', '', '2019', '9', '110', '8', '1', '8');
INSERT INTO `detalleactividades` VALUES ('2175', '', '', '', '2019', '9', '111', '9', '1', '1');
INSERT INTO `detalleactividades` VALUES ('2176', '', '', '', '2019', '9', '112', '9', '1', '1');
INSERT INTO `detalleactividades` VALUES ('2177', '', '', '', '2019', '9', '113', '9', '1', '2');
INSERT INTO `detalleactividades` VALUES ('2178', '', '', '', '2019', '9', '114', '9', '1', '3');
INSERT INTO `detalleactividades` VALUES ('2179', '', '', '', '2019', '9', '115', '9', '1', '4');
INSERT INTO `detalleactividades` VALUES ('2180', '', '', '', '2019', '9', '116', '9', '1', '5');
INSERT INTO `detalleactividades` VALUES ('2181', '', '', '', '2019', '9', '117', '9', '1', '6');
INSERT INTO `detalleactividades` VALUES ('2182', '', '', '', '2019', '9', '118', '9', '1', '1');
INSERT INTO `detalleactividades` VALUES ('2183', '', '', '', '2019', '9', '119', '9', '1', '2');
INSERT INTO `detalleactividades` VALUES ('2184', '', '', '', '2019', '9', '120', '10', '1', '1');
INSERT INTO `detalleactividades` VALUES ('2185', '', '', '', '2019', '9', '121', '10', '1', '2');
INSERT INTO `detalleactividades` VALUES ('2186', '', '', '', '2019', '9', '122', '10', '1', '3');
INSERT INTO `detalleactividades` VALUES ('2187', '', '', '', '2019', '9', '123', '10', '1', '4');
INSERT INTO `detalleactividades` VALUES ('2188', '', '', '', '2019', '9', '124', '10', '1', '1');
INSERT INTO `detalleactividades` VALUES ('2189', '', '', '', '2019', '9', '125', '10', '1', '2');
INSERT INTO `detalleactividades` VALUES ('2190', '', '', '', '2019', '9', '126', '10', '1', '3');
INSERT INTO `detalleactividades` VALUES ('2191', '', '', '', '2019', '9', '127', '10', '1', '1');
INSERT INTO `detalleactividades` VALUES ('2192', '', '', '', '2019', '9', '128', '10', '1', '2');
INSERT INTO `detalleactividades` VALUES ('2193', '', '', '', '2019', '9', '129', '10', '1', '3');
INSERT INTO `detalleactividades` VALUES ('2194', '', '', '', '2019', '9', '130', '10', '1', '4');
INSERT INTO `detalleactividades` VALUES ('2195', '', '', '', '2019', '9', '131', '10', '1', '5');
INSERT INTO `detalleactividades` VALUES ('2196', '', '', '', '2019', '9', '132', '10', '1', '6');
INSERT INTO `detalleactividades` VALUES ('2197', '', '', '', '2019', '9', '133', '11', '1', '1');
INSERT INTO `detalleactividades` VALUES ('2198', '', '', '', '2019', '9', '134', '11', '1', '2');
INSERT INTO `detalleactividades` VALUES ('2199', '', '', '', '2019', '9', '135', '11', '1', '1');
INSERT INTO `detalleactividades` VALUES ('2200', '', '', '', '2019', '9', '136', '11', '1', '2');
INSERT INTO `detalleactividades` VALUES ('2201', '', '', '', '2019', '9', '137', '11', '1', '1');
INSERT INTO `detalleactividades` VALUES ('2202', '', '', '', '2019', '9', '138', '11', '1', '1');
INSERT INTO `detalleactividades` VALUES ('2203', '', '', '', '2019', '9', '139', '11', '1', '2');
INSERT INTO `detalleactividades` VALUES ('2204', '', '', '', '2019', '9', '140', '12', '1', '1');
INSERT INTO `detalleactividades` VALUES ('2205', '', '', '', '2019', '9', '141', '12', '1', '2');
INSERT INTO `detalleactividades` VALUES ('2206', '', '', '', '2019', '9', '142', '12', '1', '3');
INSERT INTO `detalleactividades` VALUES ('2207', '', '', '', '2019', '9', '143', '12', '1', '1');
INSERT INTO `detalleactividades` VALUES ('2208', '', '', '', '2019', '9', '144', '12', '1', '2');
INSERT INTO `detalleactividades` VALUES ('2209', '', '', '', '2019', '9', '145', '12', '1', '3');
INSERT INTO `detalleactividades` VALUES ('2210', '', '', '', '2019', '9', '146', '12', '1', '4');
INSERT INTO `detalleactividades` VALUES ('2211', '', '', '', '2019', '9', '147', '12', '1', '5');
INSERT INTO `detalleactividades` VALUES ('2212', '', '', '', '2019', '9', '148', '12', '1', '6');
INSERT INTO `detalleactividades` VALUES ('2213', '', '', '', '2019', '9', '149', '12', '1', '1');
INSERT INTO `detalleactividades` VALUES ('2214', '', '', '', '2019', '9', '150', '12', '1', '2');
INSERT INTO `detalleactividades` VALUES ('2215', '', '', '', '2019', '9', '151', '12', '1', '3');
INSERT INTO `detalleactividades` VALUES ('2216', '', '', '', '2019', '9', '152', '12', '1', '4');
INSERT INTO `detalleactividades` VALUES ('2217', '', '', '', '2019', '9', '153', '13', '1', '1');
INSERT INTO `detalleactividades` VALUES ('2218', '', '', '', '2019', '9', '154', '13', '1', '2');
INSERT INTO `detalleactividades` VALUES ('2219', '', '', '', '2019', '9', '155', '13', '1', '3');
INSERT INTO `detalleactividades` VALUES ('2220', '', '', '', '2019', '9', '156', '13', '1', '4');
INSERT INTO `detalleactividades` VALUES ('2221', '', '', '', '2019', '9', '157', '13', '1', '5');
INSERT INTO `detalleactividades` VALUES ('2222', '', '', '', '2019', '9', '158', '13', '1', '6');
INSERT INTO `detalleactividades` VALUES ('2223', '', '', '', '2019', '9', '159', '13', '1', '7');
INSERT INTO `detalleactividades` VALUES ('2224', '', '', '', '2019', '9', '160', '14', '1', '1');
INSERT INTO `detalleactividades` VALUES ('2225', '', '', '', '2019', '9', '161', '14', '1', '2');
INSERT INTO `detalleactividades` VALUES ('2226', '', '', '', '2019', '9', '162', '14', '1', '3');
INSERT INTO `detalleactividades` VALUES ('2227', '', '', '', '2019', '9', '163', '14', '1', '4');
INSERT INTO `detalleactividades` VALUES ('2228', '', '', '', '2019', '9', '164', '14', '1', '5');
INSERT INTO `detalleactividades` VALUES ('2229', '', '', '', '2019', '9', '165', '14', '1', '6');
INSERT INTO `detalleactividades` VALUES ('2230', '', '', '', '2019', '9', '166', '14', '1', '7');
INSERT INTO `detalleactividades` VALUES ('2231', '', '', '', '2019', '9', '167', '14', '1', '1');
INSERT INTO `detalleactividades` VALUES ('2232', '', '', '', '2019', '9', '168', '14', '1', '2');
INSERT INTO `detalleactividades` VALUES ('2233', '', '', '', '2019', '9', '169', '14', '1', '3');
INSERT INTO `detalleactividades` VALUES ('2234', '', '', '', '2019', '9', '170', '14', '1', '4');
INSERT INTO `detalleactividades` VALUES ('2235', '', '', '', '2019', '9', '171', '14', '1', '5');
INSERT INTO `detalleactividades` VALUES ('2236', '', '', '', '2019', '9', '172', '14', '1', '6');
INSERT INTO `detalleactividades` VALUES ('2237', '', '', '', '2019', '9', '173', '14', '1', '7');
INSERT INTO `detalleactividades` VALUES ('2238', '', '', '', '2019', '9', '174', '14', '1', '8');
INSERT INTO `detalleactividades` VALUES ('2239', '', '', '', '2019', '9', '175', '14', '1', '9');
INSERT INTO `detalleactividades` VALUES ('2240', '', '', '', '2019', '9', '176', '14', '1', '10');
INSERT INTO `detalleactividades` VALUES ('2241', '', '', '', '2019', '9', '177', '14', '1', '1');
INSERT INTO `detalleactividades` VALUES ('2242', '', '', '', '2019', '9', '178', '14', '1', '2');
INSERT INTO `detalleactividades` VALUES ('2243', '', '', '', '2019', '9', '179', '15', '1', '1');
INSERT INTO `detalleactividades` VALUES ('2244', '', '', '', '2019', '9', '180', '15', '1', '2');
INSERT INTO `detalleactividades` VALUES ('2245', '', '', '', '2019', '9', '181', '16', '1', '1');
INSERT INTO `detalleactividades` VALUES ('2246', '', '', '', '2019', '9', '182', '16', '1', '2');
INSERT INTO `detalleactividades` VALUES ('2247', '', '', '', '2019', '9', '183', '16', '1', '3');
INSERT INTO `detalleactividades` VALUES ('2248', '', '', '', '2019', '9', '184', '16', '1', '4');
INSERT INTO `detalleactividades` VALUES ('2249', '', '', '', '2019', '9', '185', '16', '1', '1');
INSERT INTO `detalleactividades` VALUES ('2250', '', '', '', '2019', '9', '186', '16', '1', '2');
INSERT INTO `detalleactividades` VALUES ('2251', '', '', '', '2019', '9', '187', '16', '1', '3');
INSERT INTO `detalleactividades` VALUES ('2252', '', '', '', '2019', '9', '188', '16', '1', '4');
INSERT INTO `detalleactividades` VALUES ('2253', '', '', '', '2019', '9', '189', '16', '1', '5');
INSERT INTO `detalleactividades` VALUES ('2254', '', '', '', '2019', '9', '190', '16', '1', '6');
INSERT INTO `detalleactividades` VALUES ('2255', '', '', '', '2019', '9', '191', '16', '1', '1');
INSERT INTO `detalleactividades` VALUES ('2256', '', '', '', '2019', '9', '192', '16', '1', '2');
INSERT INTO `detalleactividades` VALUES ('2257', '', '', '', '2019', '9', '193', '16', '1', '3');
INSERT INTO `detalleactividades` VALUES ('2258', '', '', '', '2019', '9', '194', '16', '1', '4');
INSERT INTO `detalleactividades` VALUES ('2259', '', '', '', '2019', '9', '195', '16', '1', '5');
INSERT INTO `detalleactividades` VALUES ('2260', '', '', '', '2019', '9', '196', '16', '1', '1');
INSERT INTO `detalleactividades` VALUES ('2261', '', '', '', '2019', '9', '197', '16', '1', '2');
INSERT INTO `detalleactividades` VALUES ('2262', '', '', '', '2019', '9', '198', '16', '1', '3');
INSERT INTO `detalleactividades` VALUES ('2263', '', '', '', '2019', '9', '199', '16', '1', '4');
INSERT INTO `detalleactividades` VALUES ('2264', '', '', '', '2019', '9', '200', '16', '1', '5');
INSERT INTO `detalleactividades` VALUES ('2265', '', '', '', '2019', '9', '201', '16', '1', '6');
INSERT INTO `detalleactividades` VALUES ('2266', '', '', '', '2019', '9', '202', '16', '1', '1');
INSERT INTO `detalleactividades` VALUES ('2267', '', '', '', '2019', '9', '203', '16', '1', '2');
INSERT INTO `detalleactividades` VALUES ('2268', '', '', '', '2019', '9', '204', '16', '1', '3');
INSERT INTO `detalleactividades` VALUES ('2269', '', '', '', '2019', '9', '205', '16', '1', '4');
INSERT INTO `detalleactividades` VALUES ('2270', '', '', '', '2019', '9', '206', '16', '1', '5');
INSERT INTO `detalleactividades` VALUES ('2271', '', '', '', '2019', '9', '207', '16', '1', '6');
INSERT INTO `detalleactividades` VALUES ('2272', '', '', '', '2019', '9', '208', '16', '1', '7');
INSERT INTO `detalleactividades` VALUES ('2273', '', '', '', '2019', '9', '209', '16', '1', '8');
INSERT INTO `detalleactividades` VALUES ('2274', '', '', '', '2019', '9', '210', '16', '1', '9');
INSERT INTO `detalleactividades` VALUES ('2275', '', '', '', '2019', '9', '211', '17', '1', '1');
INSERT INTO `detalleactividades` VALUES ('2276', '', '', '', '2019', '9', '212', '17', '1', '2');
INSERT INTO `detalleactividades` VALUES ('2277', '', '', '', '2019', '9', '213', '17', '1', '3');
INSERT INTO `detalleactividades` VALUES ('2278', '', '', '', '2019', '9', '214', '17', '1', '4');
INSERT INTO `detalleactividades` VALUES ('2279', '', '', '', '2019', '9', '215', '17', '1', '5');
INSERT INTO `detalleactividades` VALUES ('2280', '', '', '', '2019', '9', '216', '17', '1', '6');
INSERT INTO `detalleactividades` VALUES ('2281', '', '', '', '2019', '9', '217', '17', '1', '7');
INSERT INTO `detalleactividades` VALUES ('2282', '', '', '', '2019', '9', '218', '17', '1', '1');
INSERT INTO `detalleactividades` VALUES ('2283', '', '', '', '2019', '9', '219', '17', '1', '2');
INSERT INTO `detalleactividades` VALUES ('2284', '', '', '', '2019', '9', '220', '17', '1', '1');
INSERT INTO `detalleactividades` VALUES ('2285', '', '', '', '2019', '9', '221', '17', '1', '2');
INSERT INTO `detalleactividades` VALUES ('2286', '', '', '', '2019', '9', '222', '17', '1', '3');
INSERT INTO `detalleactividades` VALUES ('2287', '', '', '', '2019', '9', '223', '17', '1', '1');
INSERT INTO `detalleactividades` VALUES ('2288', '', '', '', '2019', '9', '224', '17', '1', '2');
INSERT INTO `detalleactividades` VALUES ('2289', '', '', '', '2019', '9', '225', '17', '1', '3');
INSERT INTO `detalleactividades` VALUES ('2290', '', '', '', '2019', '9', '226', '17', '1', '4');
INSERT INTO `detalleactividades` VALUES ('2291', '', '', '', '2019', '9', '227', '17', '1', '5');
INSERT INTO `detalleactividades` VALUES ('2292', '', '', '', '2019', '9', '228', '17', '1', '6');
INSERT INTO `detalleactividades` VALUES ('2293', '', '', '', '2019', '9', '229', '18', '1', '1');
INSERT INTO `detalleactividades` VALUES ('2294', '', '', '', '2019', '9', '230', '18', '1', '2');
INSERT INTO `detalleactividades` VALUES ('2295', '', '', '', '2019', '9', '231', '18', '1', '3');
INSERT INTO `detalleactividades` VALUES ('2296', '', '', '', '2019', '9', '232', '18', '1', '4');
INSERT INTO `detalleactividades` VALUES ('2297', '', '', '', '2019', '9', '233', '18', '1', '5');
INSERT INTO `detalleactividades` VALUES ('2298', '', '', '', '2019', '9', '234', '18', '1', '6');
INSERT INTO `detalleactividades` VALUES ('2299', '', '', '', '2019', '9', '235', '18', '1', '7');
INSERT INTO `detalleactividades` VALUES ('2300', '', '', '', '2019', '9', '236', '18', '1', '1');
INSERT INTO `detalleactividades` VALUES ('2301', '', '', '', '2019', '9', '237', '18', '1', '2');
INSERT INTO `detalleactividades` VALUES ('2302', '', '', '', '2019', '9', '238', '18', '1', '3');
INSERT INTO `detalleactividades` VALUES ('2303', '', '', '', '2019', '9', '239', '18', '1', '4');
INSERT INTO `detalleactividades` VALUES ('2304', '', '', '', '2019', '9', '240', '18', '1', '5');
INSERT INTO `detalleactividades` VALUES ('2305', '', '', '', '2019', '9', '241', '18', '1', '6');
INSERT INTO `detalleactividades` VALUES ('2306', '', '', '', '2019', '9', '242', '3', '3', '1');
INSERT INTO `detalleactividades` VALUES ('2307', '', '', '', '2019', '9', '243', '3', '3', '2');
INSERT INTO `detalleactividades` VALUES ('2308', '', '', '', '2019', '9', '244', '3', '3', '3');
INSERT INTO `detalleactividades` VALUES ('2309', '', '', '', '2019', '9', '245', '5', '3', '1');
INSERT INTO `detalleactividades` VALUES ('2310', '', '', '', '2019', '9', '246', '5', '3', '2');
INSERT INTO `detalleactividades` VALUES ('2311', '', '', '', '2019', '9', '247', '5', '3', '3');
INSERT INTO `detalleactividades` VALUES ('2312', '', '', '', '2019', '9', '248', '5', '3', '4');
INSERT INTO `detalleactividades` VALUES ('2313', '', '', '', '2019', '9', '249', '5', '3', '5');
INSERT INTO `detalleactividades` VALUES ('2314', '', '', '', '2019', '9', '250', '8', '3', '1');
INSERT INTO `detalleactividades` VALUES ('2315', '', '', '', '2019', '9', '251', '8', '3', '2');
INSERT INTO `detalleactividades` VALUES ('2316', '', '', '', '2019', '9', '252', '8', '3', '3');
INSERT INTO `detalleactividades` VALUES ('2317', '', '', '', '2019', '9', '253', '10', '3', '1');
INSERT INTO `detalleactividades` VALUES ('2318', '', '', '', '2019', '9', '254', '10', '3', '1');
INSERT INTO `detalleactividades` VALUES ('2319', '', '', '', '2019', '9', '255', '16', '3', '1');
INSERT INTO `detalleactividades` VALUES ('2320', '', '', '', '2019', '9', '256', '17', '3', '1');
INSERT INTO `detalleactividades` VALUES ('2321', '', '', '', '2019', '9', '257', '3', '4', '1');
INSERT INTO `detalleactividades` VALUES ('2322', '', '', '', '2019', '9', '258', '3', '4', '2');
INSERT INTO `detalleactividades` VALUES ('2323', '', '', '', '2019', '10', '1', '1', '1', '1');
INSERT INTO `detalleactividades` VALUES ('2324', '', '', '', '2019', '10', '2', '1', '1', '2');
INSERT INTO `detalleactividades` VALUES ('2325', '', '', '', '2019', '10', '3', '1', '1', '3');
INSERT INTO `detalleactividades` VALUES ('2326', '', '', '', '2019', '10', '4', '1', '1', '4');
INSERT INTO `detalleactividades` VALUES ('2327', '', '', '', '2019', '10', '5', '2', '1', '1');
INSERT INTO `detalleactividades` VALUES ('2328', '', '', '', '2019', '10', '6', '2', '1', '2');
INSERT INTO `detalleactividades` VALUES ('2329', '', '', '', '2019', '10', '7', '2', '1', '3');
INSERT INTO `detalleactividades` VALUES ('2330', '', '', '', '2019', '10', '8', '2', '1', '4');
INSERT INTO `detalleactividades` VALUES ('2331', '', '', '', '2019', '10', '9', '2', '1', '5');
INSERT INTO `detalleactividades` VALUES ('2332', '', '', '', '2019', '10', '10', '2', '1', '6');
INSERT INTO `detalleactividades` VALUES ('2333', '', '', '', '2019', '10', '11', '2', '1', '1');
INSERT INTO `detalleactividades` VALUES ('2334', '', '', '', '2019', '10', '12', '2', '1', '2');
INSERT INTO `detalleactividades` VALUES ('2335', '', '', '', '2019', '10', '13', '2', '1', '1');
INSERT INTO `detalleactividades` VALUES ('2336', '', '', '', '2019', '10', '14', '2', '1', '2');
INSERT INTO `detalleactividades` VALUES ('2337', '', '', '', '2019', '10', '15', '2', '1', '3');
INSERT INTO `detalleactividades` VALUES ('2338', '', '', '', '2019', '10', '16', '2', '1', '4');
INSERT INTO `detalleactividades` VALUES ('2339', '', '', '', '2019', '10', '17', '2', '1', '1');
INSERT INTO `detalleactividades` VALUES ('2340', '', '', '', '2019', '10', '18', '2', '1', '1');
INSERT INTO `detalleactividades` VALUES ('2341', '', '', '', '2019', '10', '19', '2', '1', '2');
INSERT INTO `detalleactividades` VALUES ('2342', '', '', '', '2019', '10', '20', '2', '1', '3');
INSERT INTO `detalleactividades` VALUES ('2343', '', '', '', '2019', '10', '21', '2', '1', '4');
INSERT INTO `detalleactividades` VALUES ('2344', '', '', '', '2019', '10', '22', '2', '1', '5');
INSERT INTO `detalleactividades` VALUES ('2345', '', '', '', '2019', '10', '23', '2', '1', '6');
INSERT INTO `detalleactividades` VALUES ('2346', '', '', '', '2019', '10', '24', '2', '1', '7');
INSERT INTO `detalleactividades` VALUES ('2347', '', '', '', '2019', '10', '25', '2', '1', '8');
INSERT INTO `detalleactividades` VALUES ('2348', '', '', '', '2019', '10', '26', '2', '1', '1');
INSERT INTO `detalleactividades` VALUES ('2349', '', '', '', '2019', '10', '27', '2', '1', '2');
INSERT INTO `detalleactividades` VALUES ('2350', '', '', '', '2019', '10', '28', '2', '1', '3');
INSERT INTO `detalleactividades` VALUES ('2351', '', '', '', '2019', '10', '29', '2', '1', '4');
INSERT INTO `detalleactividades` VALUES ('2352', '', '', '', '2019', '10', '30', '2', '1', '1');
INSERT INTO `detalleactividades` VALUES ('2353', '', '', '', '2019', '10', '31', '2', '1', '2');
INSERT INTO `detalleactividades` VALUES ('2354', '', '', '', '2019', '10', '32', '3', '1', '1');
INSERT INTO `detalleactividades` VALUES ('2355', '', '', '', '2019', '10', '33', '3', '1', '2');
INSERT INTO `detalleactividades` VALUES ('2356', '', '', '', '2019', '10', '34', '3', '1', '3');
INSERT INTO `detalleactividades` VALUES ('2357', '', '', '', '2019', '10', '35', '3', '1', '1');
INSERT INTO `detalleactividades` VALUES ('2358', '', '', '', '2019', '10', '36', '3', '1', '2');
INSERT INTO `detalleactividades` VALUES ('2359', '', '', '', '2019', '10', '37', '3', '1', '3');
INSERT INTO `detalleactividades` VALUES ('2360', '', '', '', '2019', '10', '38', '3', '1', '4');
INSERT INTO `detalleactividades` VALUES ('2361', '', '', '', '2019', '10', '39', '3', '1', '5');
INSERT INTO `detalleactividades` VALUES ('2362', '', '', '', '2019', '10', '40', '3', '1', '6');
INSERT INTO `detalleactividades` VALUES ('2363', '', '', '', '2019', '10', '41', '3', '1', '7');
INSERT INTO `detalleactividades` VALUES ('2364', '', '', '', '2019', '10', '42', '3', '1', '8');
INSERT INTO `detalleactividades` VALUES ('2365', '', '', '', '2019', '10', '43', '3', '1', '9');
INSERT INTO `detalleactividades` VALUES ('2366', '', '', '', '2019', '10', '44', '3', '1', '10');
INSERT INTO `detalleactividades` VALUES ('2367', '', '', '', '2019', '10', '45', '3', '1', '1');
INSERT INTO `detalleactividades` VALUES ('2368', '', '', '', '2019', '10', '46', '3', '1', '2');
INSERT INTO `detalleactividades` VALUES ('2369', '', '', '', '2019', '10', '47', '3', '1', '3');
INSERT INTO `detalleactividades` VALUES ('2370', '', '', '', '2019', '10', '48', '4', '1', '1');
INSERT INTO `detalleactividades` VALUES ('2371', '', '', '', '2019', '10', '49', '4', '1', '2');
INSERT INTO `detalleactividades` VALUES ('2372', '', '', '', '2019', '10', '50', '4', '1', '3');
INSERT INTO `detalleactividades` VALUES ('2373', '', '', '', '2019', '10', '51', '4', '1', '4');
INSERT INTO `detalleactividades` VALUES ('2374', '', '', '', '2019', '10', '52', '4', '1', '5');
INSERT INTO `detalleactividades` VALUES ('2375', '', '', '', '2019', '10', '53', '4', '1', '1');
INSERT INTO `detalleactividades` VALUES ('2376', '', '', '', '2019', '10', '54', '4', '1', '2');
INSERT INTO `detalleactividades` VALUES ('2377', '', '', '', '2019', '10', '55', '4', '1', '3');
INSERT INTO `detalleactividades` VALUES ('2378', '', '', '', '2019', '10', '56', '4', '1', '4');
INSERT INTO `detalleactividades` VALUES ('2379', '', '', '', '2019', '10', '57', '4', '1', '5');
INSERT INTO `detalleactividades` VALUES ('2380', '', '', '', '2019', '10', '58', '5', '1', '1');
INSERT INTO `detalleactividades` VALUES ('2381', '', '', '', '2019', '10', '59', '5', '1', '2');
INSERT INTO `detalleactividades` VALUES ('2382', '', '', '', '2019', '10', '60', '5', '1', '3');
INSERT INTO `detalleactividades` VALUES ('2383', '', '', '', '2019', '10', '61', '5', '1', '4');
INSERT INTO `detalleactividades` VALUES ('2384', '', '', '', '2019', '10', '62', '5', '1', '5');
INSERT INTO `detalleactividades` VALUES ('2385', '', '', '', '2019', '10', '63', '5', '1', '1');
INSERT INTO `detalleactividades` VALUES ('2386', '', '', '', '2019', '10', '64', '5', '1', '2');
INSERT INTO `detalleactividades` VALUES ('2387', '', '', '', '2019', '10', '65', '5', '1', '3');
INSERT INTO `detalleactividades` VALUES ('2388', '', '', '', '2019', '10', '66', '5', '1', '4');
INSERT INTO `detalleactividades` VALUES ('2389', '', '', '', '2019', '10', '67', '5', '1', '5');
INSERT INTO `detalleactividades` VALUES ('2390', '', '', '', '2019', '10', '68', '5', '1', '6');
INSERT INTO `detalleactividades` VALUES ('2391', '', '', '', '2019', '10', '69', '5', '1', '7');
INSERT INTO `detalleactividades` VALUES ('2392', '', '', '', '2019', '10', '70', '6', '1', '1');
INSERT INTO `detalleactividades` VALUES ('2393', '', '', '', '2019', '10', '71', '6', '1', '1');
INSERT INTO `detalleactividades` VALUES ('2394', '', '', '', '2019', '10', '72', '6', '1', '2');
INSERT INTO `detalleactividades` VALUES ('2395', '', '', '', '2019', '10', '73', '6', '1', '1');
INSERT INTO `detalleactividades` VALUES ('2396', '', '', '', '2019', '10', '74', '6', '1', '2');
INSERT INTO `detalleactividades` VALUES ('2397', '', '', '', '2019', '10', '75', '6', '1', '3');
INSERT INTO `detalleactividades` VALUES ('2398', '', '', '', '2019', '10', '76', '6', '1', '4');
INSERT INTO `detalleactividades` VALUES ('2399', '', '', '', '2019', '10', '77', '6', '1', '5');
INSERT INTO `detalleactividades` VALUES ('2400', '', '', '', '2019', '10', '78', '6', '1', '6');
INSERT INTO `detalleactividades` VALUES ('2401', '', '', '', '2019', '10', '79', '6', '1', '7');
INSERT INTO `detalleactividades` VALUES ('2402', '', '', '', '2019', '10', '80', '6', '1', '8');
INSERT INTO `detalleactividades` VALUES ('2403', '', '', '', '2019', '10', '81', '6', '1', '9');
INSERT INTO `detalleactividades` VALUES ('2404', '', '', '', '2019', '10', '82', '6', '1', '1');
INSERT INTO `detalleactividades` VALUES ('2405', '', '', '', '2019', '10', '83', '6', '1', '2');
INSERT INTO `detalleactividades` VALUES ('2406', '', '', '', '2019', '10', '84', '7', '1', '1');
INSERT INTO `detalleactividades` VALUES ('2407', '', '', '', '2019', '10', '85', '7', '1', '2');
INSERT INTO `detalleactividades` VALUES ('2408', '', '', '', '2019', '10', '86', '7', '1', '3');
INSERT INTO `detalleactividades` VALUES ('2409', '', '', '', '2019', '10', '87', '7', '1', '4');
INSERT INTO `detalleactividades` VALUES ('2410', '', '', '', '2019', '10', '88', '7', '1', '5');
INSERT INTO `detalleactividades` VALUES ('2411', '', '', '', '2019', '10', '89', '7', '1', '6');
INSERT INTO `detalleactividades` VALUES ('2412', '', '', '', '2019', '10', '90', '7', '1', '7');
INSERT INTO `detalleactividades` VALUES ('2413', '', '', '', '2019', '10', '91', '7', '1', '8');
INSERT INTO `detalleactividades` VALUES ('2414', '', '', '', '2019', '10', '92', '7', '1', '9');
INSERT INTO `detalleactividades` VALUES ('2415', '', '', '', '2019', '10', '93', '7', '1', '1');
INSERT INTO `detalleactividades` VALUES ('2416', '', '', '', '2019', '10', '94', '7', '1', '1');
INSERT INTO `detalleactividades` VALUES ('2417', '', '', '', '2019', '10', '95', '7', '1', '2');
INSERT INTO `detalleactividades` VALUES ('2418', '', '', '', '2019', '10', '96', '7', '1', '3');
INSERT INTO `detalleactividades` VALUES ('2419', '', '', '', '2019', '10', '97', '7', '1', '4');
INSERT INTO `detalleactividades` VALUES ('2420', '', '', '', '2019', '10', '98', '8', '1', '1');
INSERT INTO `detalleactividades` VALUES ('2421', '', '', '', '2019', '10', '99', '8', '1', '2');
INSERT INTO `detalleactividades` VALUES ('2422', '', '', '', '2019', '10', '100', '8', '1', '3');
INSERT INTO `detalleactividades` VALUES ('2423', '', '', '', '2019', '10', '101', '8', '1', '1');
INSERT INTO `detalleactividades` VALUES ('2424', '', '', '', '2019', '10', '102', '8', '1', '2');
INSERT INTO `detalleactividades` VALUES ('2425', '', '', '', '2019', '10', '103', '8', '1', '1');
INSERT INTO `detalleactividades` VALUES ('2426', '', '', '', '2019', '10', '104', '8', '1', '2');
INSERT INTO `detalleactividades` VALUES ('2427', '', '', '', '2019', '10', '105', '8', '1', '3');
INSERT INTO `detalleactividades` VALUES ('2428', '', '', '', '2019', '10', '106', '8', '1', '4');
INSERT INTO `detalleactividades` VALUES ('2429', '', '', '', '2019', '10', '107', '8', '1', '5');
INSERT INTO `detalleactividades` VALUES ('2430', '', '', '', '2019', '10', '108', '8', '1', '6');
INSERT INTO `detalleactividades` VALUES ('2431', '', '', '', '2019', '10', '109', '8', '1', '7');
INSERT INTO `detalleactividades` VALUES ('2432', '', '', '', '2019', '10', '110', '8', '1', '8');
INSERT INTO `detalleactividades` VALUES ('2433', '', '', '', '2019', '10', '111', '9', '1', '1');
INSERT INTO `detalleactividades` VALUES ('2434', '', '', '', '2019', '10', '112', '9', '1', '1');
INSERT INTO `detalleactividades` VALUES ('2435', '', '', '', '2019', '10', '113', '9', '1', '2');
INSERT INTO `detalleactividades` VALUES ('2436', '', '', '', '2019', '10', '114', '9', '1', '3');
INSERT INTO `detalleactividades` VALUES ('2437', '', '', '', '2019', '10', '115', '9', '1', '4');
INSERT INTO `detalleactividades` VALUES ('2438', '', '', '', '2019', '10', '116', '9', '1', '5');
INSERT INTO `detalleactividades` VALUES ('2439', '', '', '', '2019', '10', '117', '9', '1', '6');
INSERT INTO `detalleactividades` VALUES ('2440', '', '', '', '2019', '10', '118', '9', '1', '1');
INSERT INTO `detalleactividades` VALUES ('2441', '', '', '', '2019', '10', '119', '9', '1', '2');
INSERT INTO `detalleactividades` VALUES ('2442', '', '', '', '2019', '10', '120', '10', '1', '1');
INSERT INTO `detalleactividades` VALUES ('2443', '', '', '', '2019', '10', '121', '10', '1', '2');
INSERT INTO `detalleactividades` VALUES ('2444', '', '', '', '2019', '10', '122', '10', '1', '3');
INSERT INTO `detalleactividades` VALUES ('2445', '', '', '', '2019', '10', '123', '10', '1', '4');
INSERT INTO `detalleactividades` VALUES ('2446', '', '', '', '2019', '10', '124', '10', '1', '1');
INSERT INTO `detalleactividades` VALUES ('2447', '', '', '', '2019', '10', '125', '10', '1', '2');
INSERT INTO `detalleactividades` VALUES ('2448', '', '', '', '2019', '10', '126', '10', '1', '3');
INSERT INTO `detalleactividades` VALUES ('2449', '', '', '', '2019', '10', '127', '10', '1', '1');
INSERT INTO `detalleactividades` VALUES ('2450', '', '', '', '2019', '10', '128', '10', '1', '2');
INSERT INTO `detalleactividades` VALUES ('2451', '', '', '', '2019', '10', '129', '10', '1', '3');
INSERT INTO `detalleactividades` VALUES ('2452', '', '', '', '2019', '10', '130', '10', '1', '4');
INSERT INTO `detalleactividades` VALUES ('2453', '', '', '', '2019', '10', '131', '10', '1', '5');
INSERT INTO `detalleactividades` VALUES ('2454', '', '', '', '2019', '10', '132', '10', '1', '6');
INSERT INTO `detalleactividades` VALUES ('2455', '', '', '', '2019', '10', '133', '11', '1', '1');
INSERT INTO `detalleactividades` VALUES ('2456', '', '', '', '2019', '10', '134', '11', '1', '2');
INSERT INTO `detalleactividades` VALUES ('2457', '', '', '', '2019', '10', '135', '11', '1', '1');
INSERT INTO `detalleactividades` VALUES ('2458', '', '', '', '2019', '10', '136', '11', '1', '2');
INSERT INTO `detalleactividades` VALUES ('2459', '', '', '', '2019', '10', '137', '11', '1', '1');
INSERT INTO `detalleactividades` VALUES ('2460', '', '', '', '2019', '10', '138', '11', '1', '1');
INSERT INTO `detalleactividades` VALUES ('2461', '', '', '', '2019', '10', '139', '11', '1', '2');
INSERT INTO `detalleactividades` VALUES ('2462', '', '', '', '2019', '10', '140', '12', '1', '1');
INSERT INTO `detalleactividades` VALUES ('2463', '', '', '', '2019', '10', '141', '12', '1', '2');
INSERT INTO `detalleactividades` VALUES ('2464', '', '', '', '2019', '10', '142', '12', '1', '3');
INSERT INTO `detalleactividades` VALUES ('2465', '', '', '', '2019', '10', '143', '12', '1', '1');
INSERT INTO `detalleactividades` VALUES ('2466', '', '', '', '2019', '10', '144', '12', '1', '2');
INSERT INTO `detalleactividades` VALUES ('2467', '', '', '', '2019', '10', '145', '12', '1', '3');
INSERT INTO `detalleactividades` VALUES ('2468', '', '', '', '2019', '10', '146', '12', '1', '4');
INSERT INTO `detalleactividades` VALUES ('2469', '', '', '', '2019', '10', '147', '12', '1', '5');
INSERT INTO `detalleactividades` VALUES ('2470', '', '', '', '2019', '10', '148', '12', '1', '6');
INSERT INTO `detalleactividades` VALUES ('2471', '', '', '', '2019', '10', '149', '12', '1', '1');
INSERT INTO `detalleactividades` VALUES ('2472', '', '', '', '2019', '10', '150', '12', '1', '2');
INSERT INTO `detalleactividades` VALUES ('2473', '', '', '', '2019', '10', '151', '12', '1', '3');
INSERT INTO `detalleactividades` VALUES ('2474', '', '', '', '2019', '10', '152', '12', '1', '4');
INSERT INTO `detalleactividades` VALUES ('2475', '', '', '', '2019', '10', '153', '13', '1', '1');
INSERT INTO `detalleactividades` VALUES ('2476', '', '', '', '2019', '10', '154', '13', '1', '2');
INSERT INTO `detalleactividades` VALUES ('2477', '', '', '', '2019', '10', '155', '13', '1', '3');
INSERT INTO `detalleactividades` VALUES ('2478', '', '', '', '2019', '10', '156', '13', '1', '4');
INSERT INTO `detalleactividades` VALUES ('2479', '', '', '', '2019', '10', '157', '13', '1', '5');
INSERT INTO `detalleactividades` VALUES ('2480', '', '', '', '2019', '10', '158', '13', '1', '6');
INSERT INTO `detalleactividades` VALUES ('2481', '', '', '', '2019', '10', '159', '13', '1', '7');
INSERT INTO `detalleactividades` VALUES ('2482', '', '', '', '2019', '10', '160', '14', '1', '1');
INSERT INTO `detalleactividades` VALUES ('2483', '', '', '', '2019', '10', '161', '14', '1', '2');
INSERT INTO `detalleactividades` VALUES ('2484', '', '', '', '2019', '10', '162', '14', '1', '3');
INSERT INTO `detalleactividades` VALUES ('2485', '', '', '', '2019', '10', '163', '14', '1', '4');
INSERT INTO `detalleactividades` VALUES ('2486', '', '', '', '2019', '10', '164', '14', '1', '5');
INSERT INTO `detalleactividades` VALUES ('2487', '', '', '', '2019', '10', '165', '14', '1', '6');
INSERT INTO `detalleactividades` VALUES ('2488', '', '', '', '2019', '10', '166', '14', '1', '7');
INSERT INTO `detalleactividades` VALUES ('2489', '', '', '', '2019', '10', '167', '14', '1', '1');
INSERT INTO `detalleactividades` VALUES ('2490', '', '', '', '2019', '10', '168', '14', '1', '2');
INSERT INTO `detalleactividades` VALUES ('2491', '', '', '', '2019', '10', '169', '14', '1', '3');
INSERT INTO `detalleactividades` VALUES ('2492', '', '', '', '2019', '10', '170', '14', '1', '4');
INSERT INTO `detalleactividades` VALUES ('2493', '', '', '', '2019', '10', '171', '14', '1', '5');
INSERT INTO `detalleactividades` VALUES ('2494', '', '', '', '2019', '10', '172', '14', '1', '6');
INSERT INTO `detalleactividades` VALUES ('2495', '', '', '', '2019', '10', '173', '14', '1', '7');
INSERT INTO `detalleactividades` VALUES ('2496', '', '', '', '2019', '10', '174', '14', '1', '8');
INSERT INTO `detalleactividades` VALUES ('2497', '', '', '', '2019', '10', '175', '14', '1', '9');
INSERT INTO `detalleactividades` VALUES ('2498', '', '', '', '2019', '10', '176', '14', '1', '10');
INSERT INTO `detalleactividades` VALUES ('2499', '', '', '', '2019', '10', '177', '14', '1', '1');
INSERT INTO `detalleactividades` VALUES ('2500', '', '', '', '2019', '10', '178', '14', '1', '2');
INSERT INTO `detalleactividades` VALUES ('2501', '', '', '', '2019', '10', '179', '15', '1', '1');
INSERT INTO `detalleactividades` VALUES ('2502', '', '', '', '2019', '10', '180', '15', '1', '2');
INSERT INTO `detalleactividades` VALUES ('2503', '', '', '', '2019', '10', '181', '16', '1', '1');
INSERT INTO `detalleactividades` VALUES ('2504', '', '', '', '2019', '10', '182', '16', '1', '2');
INSERT INTO `detalleactividades` VALUES ('2505', '', '', '', '2019', '10', '183', '16', '1', '3');
INSERT INTO `detalleactividades` VALUES ('2506', '', '', '', '2019', '10', '184', '16', '1', '4');
INSERT INTO `detalleactividades` VALUES ('2507', '', '', '', '2019', '10', '185', '16', '1', '1');
INSERT INTO `detalleactividades` VALUES ('2508', '', '', '', '2019', '10', '186', '16', '1', '2');
INSERT INTO `detalleactividades` VALUES ('2509', '', '', '', '2019', '10', '187', '16', '1', '3');
INSERT INTO `detalleactividades` VALUES ('2510', '', '', '', '2019', '10', '188', '16', '1', '4');
INSERT INTO `detalleactividades` VALUES ('2511', '', '', '', '2019', '10', '189', '16', '1', '5');
INSERT INTO `detalleactividades` VALUES ('2512', '', '', '', '2019', '10', '190', '16', '1', '6');
INSERT INTO `detalleactividades` VALUES ('2513', '', '', '', '2019', '10', '191', '16', '1', '1');
INSERT INTO `detalleactividades` VALUES ('2514', '', '', '', '2019', '10', '192', '16', '1', '2');
INSERT INTO `detalleactividades` VALUES ('2515', '', '', '', '2019', '10', '193', '16', '1', '3');
INSERT INTO `detalleactividades` VALUES ('2516', '', '', '', '2019', '10', '194', '16', '1', '4');
INSERT INTO `detalleactividades` VALUES ('2517', '', '', '', '2019', '10', '195', '16', '1', '5');
INSERT INTO `detalleactividades` VALUES ('2518', '', '', '', '2019', '10', '196', '16', '1', '1');
INSERT INTO `detalleactividades` VALUES ('2519', '', '', '', '2019', '10', '197', '16', '1', '2');
INSERT INTO `detalleactividades` VALUES ('2520', '', '', '', '2019', '10', '198', '16', '1', '3');
INSERT INTO `detalleactividades` VALUES ('2521', '', '', '', '2019', '10', '199', '16', '1', '4');
INSERT INTO `detalleactividades` VALUES ('2522', '', '', '', '2019', '10', '200', '16', '1', '5');
INSERT INTO `detalleactividades` VALUES ('2523', '', '', '', '2019', '10', '201', '16', '1', '6');
INSERT INTO `detalleactividades` VALUES ('2524', '', '', '', '2019', '10', '202', '16', '1', '1');
INSERT INTO `detalleactividades` VALUES ('2525', '', '', '', '2019', '10', '203', '16', '1', '2');
INSERT INTO `detalleactividades` VALUES ('2526', '', '', '', '2019', '10', '204', '16', '1', '3');
INSERT INTO `detalleactividades` VALUES ('2527', '', '', '', '2019', '10', '205', '16', '1', '4');
INSERT INTO `detalleactividades` VALUES ('2528', '', '', '', '2019', '10', '206', '16', '1', '5');
INSERT INTO `detalleactividades` VALUES ('2529', '', '', '', '2019', '10', '207', '16', '1', '6');
INSERT INTO `detalleactividades` VALUES ('2530', '', '', '', '2019', '10', '208', '16', '1', '7');
INSERT INTO `detalleactividades` VALUES ('2531', '', '', '', '2019', '10', '209', '16', '1', '8');
INSERT INTO `detalleactividades` VALUES ('2532', '', '', '', '2019', '10', '210', '16', '1', '9');
INSERT INTO `detalleactividades` VALUES ('2533', '', '', '', '2019', '10', '211', '17', '1', '1');
INSERT INTO `detalleactividades` VALUES ('2534', '', '', '', '2019', '10', '212', '17', '1', '2');
INSERT INTO `detalleactividades` VALUES ('2535', '', '', '', '2019', '10', '213', '17', '1', '3');
INSERT INTO `detalleactividades` VALUES ('2536', '', '', '', '2019', '10', '214', '17', '1', '4');
INSERT INTO `detalleactividades` VALUES ('2537', '', '', '', '2019', '10', '215', '17', '1', '5');
INSERT INTO `detalleactividades` VALUES ('2538', '', '', '', '2019', '10', '216', '17', '1', '6');
INSERT INTO `detalleactividades` VALUES ('2539', '', '', '', '2019', '10', '217', '17', '1', '7');
INSERT INTO `detalleactividades` VALUES ('2540', '', '', '', '2019', '10', '218', '17', '1', '1');
INSERT INTO `detalleactividades` VALUES ('2541', '', '', '', '2019', '10', '219', '17', '1', '2');
INSERT INTO `detalleactividades` VALUES ('2542', '', '', '', '2019', '10', '220', '17', '1', '1');
INSERT INTO `detalleactividades` VALUES ('2543', '', '', '', '2019', '10', '221', '17', '1', '2');
INSERT INTO `detalleactividades` VALUES ('2544', '', '', '', '2019', '10', '222', '17', '1', '3');
INSERT INTO `detalleactividades` VALUES ('2545', '', '', '', '2019', '10', '223', '17', '1', '1');
INSERT INTO `detalleactividades` VALUES ('2546', '', '', '', '2019', '10', '224', '17', '1', '2');
INSERT INTO `detalleactividades` VALUES ('2547', '', '', '', '2019', '10', '225', '17', '1', '3');
INSERT INTO `detalleactividades` VALUES ('2548', '', '', '', '2019', '10', '226', '17', '1', '4');
INSERT INTO `detalleactividades` VALUES ('2549', '', '', '', '2019', '10', '227', '17', '1', '5');
INSERT INTO `detalleactividades` VALUES ('2550', '', '', '', '2019', '10', '228', '17', '1', '6');
INSERT INTO `detalleactividades` VALUES ('2551', '', '', '', '2019', '10', '229', '18', '1', '1');
INSERT INTO `detalleactividades` VALUES ('2552', '', '', '', '2019', '10', '230', '18', '1', '2');
INSERT INTO `detalleactividades` VALUES ('2553', '', '', '', '2019', '10', '231', '18', '1', '3');
INSERT INTO `detalleactividades` VALUES ('2554', '', '', '', '2019', '10', '232', '18', '1', '4');
INSERT INTO `detalleactividades` VALUES ('2555', '', '', '', '2019', '10', '233', '18', '1', '5');
INSERT INTO `detalleactividades` VALUES ('2556', '', '', '', '2019', '10', '234', '18', '1', '6');
INSERT INTO `detalleactividades` VALUES ('2557', '', '', '', '2019', '10', '235', '18', '1', '7');
INSERT INTO `detalleactividades` VALUES ('2558', '', '', '', '2019', '10', '236', '18', '1', '1');
INSERT INTO `detalleactividades` VALUES ('2559', '', '', '', '2019', '10', '237', '18', '1', '2');
INSERT INTO `detalleactividades` VALUES ('2560', '', '', '', '2019', '10', '238', '18', '1', '3');
INSERT INTO `detalleactividades` VALUES ('2561', '', '', '', '2019', '10', '239', '18', '1', '4');
INSERT INTO `detalleactividades` VALUES ('2562', '', '', '', '2019', '10', '240', '18', '1', '5');
INSERT INTO `detalleactividades` VALUES ('2563', '', '', '', '2019', '10', '241', '18', '1', '6');
INSERT INTO `detalleactividades` VALUES ('2564', '', '', '', '2019', '10', '242', '3', '3', '1');
INSERT INTO `detalleactividades` VALUES ('2565', '', '', '', '2019', '10', '243', '3', '3', '2');
INSERT INTO `detalleactividades` VALUES ('2566', '', '', '', '2019', '10', '244', '3', '3', '3');
INSERT INTO `detalleactividades` VALUES ('2567', '', '', '', '2019', '10', '245', '5', '3', '1');
INSERT INTO `detalleactividades` VALUES ('2568', '', '', '', '2019', '10', '246', '5', '3', '2');
INSERT INTO `detalleactividades` VALUES ('2569', '', '', '', '2019', '10', '247', '5', '3', '3');
INSERT INTO `detalleactividades` VALUES ('2570', '', '', '', '2019', '10', '248', '5', '3', '4');
INSERT INTO `detalleactividades` VALUES ('2571', '', '', '', '2019', '10', '249', '5', '3', '5');
INSERT INTO `detalleactividades` VALUES ('2572', '', '', '', '2019', '10', '250', '8', '3', '1');
INSERT INTO `detalleactividades` VALUES ('2573', '', '', '', '2019', '10', '251', '8', '3', '2');
INSERT INTO `detalleactividades` VALUES ('2574', '', '', '', '2019', '10', '252', '8', '3', '3');
INSERT INTO `detalleactividades` VALUES ('2575', '', '', '', '2019', '10', '253', '10', '3', '1');
INSERT INTO `detalleactividades` VALUES ('2576', '', '', '', '2019', '10', '254', '10', '3', '1');
INSERT INTO `detalleactividades` VALUES ('2577', '', '', '', '2019', '10', '255', '16', '3', '1');
INSERT INTO `detalleactividades` VALUES ('2578', '', '', '', '2019', '10', '256', '17', '3', '1');
INSERT INTO `detalleactividades` VALUES ('2579', '', '', '', '2019', '10', '257', '3', '4', '1');
INSERT INTO `detalleactividades` VALUES ('2580', '', '', '', '2019', '10', '258', '3', '4', '2');
INSERT INTO `detalleactividades` VALUES ('2581', '', '', '', '2019', '11', '1', '1', '1', '1');
INSERT INTO `detalleactividades` VALUES ('2582', '', '', '', '2019', '11', '2', '1', '1', '2');
INSERT INTO `detalleactividades` VALUES ('2583', '', '', '', '2019', '11', '3', '1', '1', '3');
INSERT INTO `detalleactividades` VALUES ('2584', '', '', '', '2019', '11', '4', '1', '1', '4');
INSERT INTO `detalleactividades` VALUES ('2585', '', '', '', '2019', '11', '5', '2', '1', '1');
INSERT INTO `detalleactividades` VALUES ('2586', '', '', '', '2019', '11', '6', '2', '1', '2');
INSERT INTO `detalleactividades` VALUES ('2587', '', '', '', '2019', '11', '7', '2', '1', '3');
INSERT INTO `detalleactividades` VALUES ('2588', '', '', '', '2019', '11', '8', '2', '1', '4');
INSERT INTO `detalleactividades` VALUES ('2589', '', '', '', '2019', '11', '9', '2', '1', '5');
INSERT INTO `detalleactividades` VALUES ('2590', '', '', '', '2019', '11', '10', '2', '1', '6');
INSERT INTO `detalleactividades` VALUES ('2591', '', '', '', '2019', '11', '11', '2', '1', '1');
INSERT INTO `detalleactividades` VALUES ('2592', '', '', '', '2019', '11', '12', '2', '1', '2');
INSERT INTO `detalleactividades` VALUES ('2593', '', '', '', '2019', '11', '13', '2', '1', '1');
INSERT INTO `detalleactividades` VALUES ('2594', '', '', '', '2019', '11', '14', '2', '1', '2');
INSERT INTO `detalleactividades` VALUES ('2595', '', '', '', '2019', '11', '15', '2', '1', '3');
INSERT INTO `detalleactividades` VALUES ('2596', '', '', '', '2019', '11', '16', '2', '1', '4');
INSERT INTO `detalleactividades` VALUES ('2597', '', '', '', '2019', '11', '17', '2', '1', '1');
INSERT INTO `detalleactividades` VALUES ('2598', '', '', '', '2019', '11', '18', '2', '1', '1');
INSERT INTO `detalleactividades` VALUES ('2599', '', '', '', '2019', '11', '19', '2', '1', '2');
INSERT INTO `detalleactividades` VALUES ('2600', '', '', '', '2019', '11', '20', '2', '1', '3');
INSERT INTO `detalleactividades` VALUES ('2601', '', '', '', '2019', '11', '21', '2', '1', '4');
INSERT INTO `detalleactividades` VALUES ('2602', '', '', '', '2019', '11', '22', '2', '1', '5');
INSERT INTO `detalleactividades` VALUES ('2603', '', '', '', '2019', '11', '23', '2', '1', '6');
INSERT INTO `detalleactividades` VALUES ('2604', '', '', '', '2019', '11', '24', '2', '1', '7');
INSERT INTO `detalleactividades` VALUES ('2605', '', '', '', '2019', '11', '25', '2', '1', '8');
INSERT INTO `detalleactividades` VALUES ('2606', '', '', '', '2019', '11', '26', '2', '1', '1');
INSERT INTO `detalleactividades` VALUES ('2607', '', '', '', '2019', '11', '27', '2', '1', '2');
INSERT INTO `detalleactividades` VALUES ('2608', '', '', '', '2019', '11', '28', '2', '1', '3');
INSERT INTO `detalleactividades` VALUES ('2609', '', '', '', '2019', '11', '29', '2', '1', '4');
INSERT INTO `detalleactividades` VALUES ('2610', '', '', '', '2019', '11', '30', '2', '1', '1');
INSERT INTO `detalleactividades` VALUES ('2611', '', '', '', '2019', '11', '31', '2', '1', '2');
INSERT INTO `detalleactividades` VALUES ('2612', '', '', '', '2019', '11', '32', '3', '1', '1');
INSERT INTO `detalleactividades` VALUES ('2613', '', '', '', '2019', '11', '33', '3', '1', '2');
INSERT INTO `detalleactividades` VALUES ('2614', '', '', '', '2019', '11', '34', '3', '1', '3');
INSERT INTO `detalleactividades` VALUES ('2615', '', '', '', '2019', '11', '35', '3', '1', '1');
INSERT INTO `detalleactividades` VALUES ('2616', '', '', '', '2019', '11', '36', '3', '1', '2');
INSERT INTO `detalleactividades` VALUES ('2617', '', '', '', '2019', '11', '37', '3', '1', '3');
INSERT INTO `detalleactividades` VALUES ('2618', '', '', '', '2019', '11', '38', '3', '1', '4');
INSERT INTO `detalleactividades` VALUES ('2619', '', '', '', '2019', '11', '39', '3', '1', '5');
INSERT INTO `detalleactividades` VALUES ('2620', '', '', '', '2019', '11', '40', '3', '1', '6');
INSERT INTO `detalleactividades` VALUES ('2621', '', '', '', '2019', '11', '41', '3', '1', '7');
INSERT INTO `detalleactividades` VALUES ('2622', '', '', '', '2019', '11', '42', '3', '1', '8');
INSERT INTO `detalleactividades` VALUES ('2623', '', '', '', '2019', '11', '43', '3', '1', '9');
INSERT INTO `detalleactividades` VALUES ('2624', '', '', '', '2019', '11', '44', '3', '1', '10');
INSERT INTO `detalleactividades` VALUES ('2625', '', '', '', '2019', '11', '45', '3', '1', '1');
INSERT INTO `detalleactividades` VALUES ('2626', '', '', '', '2019', '11', '46', '3', '1', '2');
INSERT INTO `detalleactividades` VALUES ('2627', '', '', '', '2019', '11', '47', '3', '1', '3');
INSERT INTO `detalleactividades` VALUES ('2628', '', '', '', '2019', '11', '48', '4', '1', '1');
INSERT INTO `detalleactividades` VALUES ('2629', '', '', '', '2019', '11', '49', '4', '1', '2');
INSERT INTO `detalleactividades` VALUES ('2630', '', '', '', '2019', '11', '50', '4', '1', '3');
INSERT INTO `detalleactividades` VALUES ('2631', '', '', '', '2019', '11', '51', '4', '1', '4');
INSERT INTO `detalleactividades` VALUES ('2632', '', '', '', '2019', '11', '52', '4', '1', '5');
INSERT INTO `detalleactividades` VALUES ('2633', '', '', '', '2019', '11', '53', '4', '1', '1');
INSERT INTO `detalleactividades` VALUES ('2634', '', '', '', '2019', '11', '54', '4', '1', '2');
INSERT INTO `detalleactividades` VALUES ('2635', '', '', '', '2019', '11', '55', '4', '1', '3');
INSERT INTO `detalleactividades` VALUES ('2636', '', '', '', '2019', '11', '56', '4', '1', '4');
INSERT INTO `detalleactividades` VALUES ('2637', '', '', '', '2019', '11', '57', '4', '1', '5');
INSERT INTO `detalleactividades` VALUES ('2638', '', '', '', '2019', '11', '58', '5', '1', '1');
INSERT INTO `detalleactividades` VALUES ('2639', '', '', '', '2019', '11', '59', '5', '1', '2');
INSERT INTO `detalleactividades` VALUES ('2640', '', '', '', '2019', '11', '60', '5', '1', '3');
INSERT INTO `detalleactividades` VALUES ('2641', '', '', '', '2019', '11', '61', '5', '1', '4');
INSERT INTO `detalleactividades` VALUES ('2642', '', '', '', '2019', '11', '62', '5', '1', '5');
INSERT INTO `detalleactividades` VALUES ('2643', '', '', '', '2019', '11', '63', '5', '1', '1');
INSERT INTO `detalleactividades` VALUES ('2644', '', '', '', '2019', '11', '64', '5', '1', '2');
INSERT INTO `detalleactividades` VALUES ('2645', '', '', '', '2019', '11', '65', '5', '1', '3');
INSERT INTO `detalleactividades` VALUES ('2646', '', '', '', '2019', '11', '66', '5', '1', '4');
INSERT INTO `detalleactividades` VALUES ('2647', '', '', '', '2019', '11', '67', '5', '1', '5');
INSERT INTO `detalleactividades` VALUES ('2648', '', '', '', '2019', '11', '68', '5', '1', '6');
INSERT INTO `detalleactividades` VALUES ('2649', '', '', '', '2019', '11', '69', '5', '1', '7');
INSERT INTO `detalleactividades` VALUES ('2650', '', '', '', '2019', '11', '70', '6', '1', '1');
INSERT INTO `detalleactividades` VALUES ('2651', '', '', '', '2019', '11', '71', '6', '1', '1');
INSERT INTO `detalleactividades` VALUES ('2652', '', '', '', '2019', '11', '72', '6', '1', '2');
INSERT INTO `detalleactividades` VALUES ('2653', '', '', '', '2019', '11', '73', '6', '1', '1');
INSERT INTO `detalleactividades` VALUES ('2654', '', '', '', '2019', '11', '74', '6', '1', '2');
INSERT INTO `detalleactividades` VALUES ('2655', '', '', '', '2019', '11', '75', '6', '1', '3');
INSERT INTO `detalleactividades` VALUES ('2656', '', '', '', '2019', '11', '76', '6', '1', '4');
INSERT INTO `detalleactividades` VALUES ('2657', '', '', '', '2019', '11', '77', '6', '1', '5');
INSERT INTO `detalleactividades` VALUES ('2658', '', '', '', '2019', '11', '78', '6', '1', '6');
INSERT INTO `detalleactividades` VALUES ('2659', '', '', '', '2019', '11', '79', '6', '1', '7');
INSERT INTO `detalleactividades` VALUES ('2660', '', '', '', '2019', '11', '80', '6', '1', '8');
INSERT INTO `detalleactividades` VALUES ('2661', '', '', '', '2019', '11', '81', '6', '1', '9');
INSERT INTO `detalleactividades` VALUES ('2662', '', '', '', '2019', '11', '82', '6', '1', '1');
INSERT INTO `detalleactividades` VALUES ('2663', '', '', '', '2019', '11', '83', '6', '1', '2');
INSERT INTO `detalleactividades` VALUES ('2664', '', '', '', '2019', '11', '84', '7', '1', '1');
INSERT INTO `detalleactividades` VALUES ('2665', '', '', '', '2019', '11', '85', '7', '1', '2');
INSERT INTO `detalleactividades` VALUES ('2666', '', '', '', '2019', '11', '86', '7', '1', '3');
INSERT INTO `detalleactividades` VALUES ('2667', '', '', '', '2019', '11', '87', '7', '1', '4');
INSERT INTO `detalleactividades` VALUES ('2668', '', '', '', '2019', '11', '88', '7', '1', '5');
INSERT INTO `detalleactividades` VALUES ('2669', '', '', '', '2019', '11', '89', '7', '1', '6');
INSERT INTO `detalleactividades` VALUES ('2670', '', '', '', '2019', '11', '90', '7', '1', '7');
INSERT INTO `detalleactividades` VALUES ('2671', '', '', '', '2019', '11', '91', '7', '1', '8');
INSERT INTO `detalleactividades` VALUES ('2672', '', '', '', '2019', '11', '92', '7', '1', '9');
INSERT INTO `detalleactividades` VALUES ('2673', '', '', '', '2019', '11', '93', '7', '1', '1');
INSERT INTO `detalleactividades` VALUES ('2674', '', '', '', '2019', '11', '94', '7', '1', '1');
INSERT INTO `detalleactividades` VALUES ('2675', '', '', '', '2019', '11', '95', '7', '1', '2');
INSERT INTO `detalleactividades` VALUES ('2676', '', '', '', '2019', '11', '96', '7', '1', '3');
INSERT INTO `detalleactividades` VALUES ('2677', '', '', '', '2019', '11', '97', '7', '1', '4');
INSERT INTO `detalleactividades` VALUES ('2678', '', '', '', '2019', '11', '98', '8', '1', '1');
INSERT INTO `detalleactividades` VALUES ('2679', '', '', '', '2019', '11', '99', '8', '1', '2');
INSERT INTO `detalleactividades` VALUES ('2680', '', '', '', '2019', '11', '100', '8', '1', '3');
INSERT INTO `detalleactividades` VALUES ('2681', '', '', '', '2019', '11', '101', '8', '1', '1');
INSERT INTO `detalleactividades` VALUES ('2682', '', '', '', '2019', '11', '102', '8', '1', '2');
INSERT INTO `detalleactividades` VALUES ('2683', '', '', '', '2019', '11', '103', '8', '1', '1');
INSERT INTO `detalleactividades` VALUES ('2684', '', '', '', '2019', '11', '104', '8', '1', '2');
INSERT INTO `detalleactividades` VALUES ('2685', '', '', '', '2019', '11', '105', '8', '1', '3');
INSERT INTO `detalleactividades` VALUES ('2686', '', '', '', '2019', '11', '106', '8', '1', '4');
INSERT INTO `detalleactividades` VALUES ('2687', '', '', '', '2019', '11', '107', '8', '1', '5');
INSERT INTO `detalleactividades` VALUES ('2688', '', '', '', '2019', '11', '108', '8', '1', '6');
INSERT INTO `detalleactividades` VALUES ('2689', '', '', '', '2019', '11', '109', '8', '1', '7');
INSERT INTO `detalleactividades` VALUES ('2690', '', '', '', '2019', '11', '110', '8', '1', '8');
INSERT INTO `detalleactividades` VALUES ('2691', '', '', '', '2019', '11', '111', '9', '1', '1');
INSERT INTO `detalleactividades` VALUES ('2692', '', '', '', '2019', '11', '112', '9', '1', '1');
INSERT INTO `detalleactividades` VALUES ('2693', '', '', '', '2019', '11', '113', '9', '1', '2');
INSERT INTO `detalleactividades` VALUES ('2694', '', '', '', '2019', '11', '114', '9', '1', '3');
INSERT INTO `detalleactividades` VALUES ('2695', '', '', '', '2019', '11', '115', '9', '1', '4');
INSERT INTO `detalleactividades` VALUES ('2696', '', '', '', '2019', '11', '116', '9', '1', '5');
INSERT INTO `detalleactividades` VALUES ('2697', '', '', '', '2019', '11', '117', '9', '1', '6');
INSERT INTO `detalleactividades` VALUES ('2698', '', '', '', '2019', '11', '118', '9', '1', '1');
INSERT INTO `detalleactividades` VALUES ('2699', '', '', '', '2019', '11', '119', '9', '1', '2');
INSERT INTO `detalleactividades` VALUES ('2700', '', '', '', '2019', '11', '120', '10', '1', '1');
INSERT INTO `detalleactividades` VALUES ('2701', '', '', '', '2019', '11', '121', '10', '1', '2');
INSERT INTO `detalleactividades` VALUES ('2702', '', '', '', '2019', '11', '122', '10', '1', '3');
INSERT INTO `detalleactividades` VALUES ('2703', '', '', '', '2019', '11', '123', '10', '1', '4');
INSERT INTO `detalleactividades` VALUES ('2704', '', '', '', '2019', '11', '124', '10', '1', '1');
INSERT INTO `detalleactividades` VALUES ('2705', '', '', '', '2019', '11', '125', '10', '1', '2');
INSERT INTO `detalleactividades` VALUES ('2706', '', '', '', '2019', '11', '126', '10', '1', '3');
INSERT INTO `detalleactividades` VALUES ('2707', '', '', '', '2019', '11', '127', '10', '1', '1');
INSERT INTO `detalleactividades` VALUES ('2708', '', '', '', '2019', '11', '128', '10', '1', '2');
INSERT INTO `detalleactividades` VALUES ('2709', '', '', '', '2019', '11', '129', '10', '1', '3');
INSERT INTO `detalleactividades` VALUES ('2710', '', '', '', '2019', '11', '130', '10', '1', '4');
INSERT INTO `detalleactividades` VALUES ('2711', '', '', '', '2019', '11', '131', '10', '1', '5');
INSERT INTO `detalleactividades` VALUES ('2712', '', '', '', '2019', '11', '132', '10', '1', '6');
INSERT INTO `detalleactividades` VALUES ('2713', '', '', '', '2019', '11', '133', '11', '1', '1');
INSERT INTO `detalleactividades` VALUES ('2714', '', '', '', '2019', '11', '134', '11', '1', '2');
INSERT INTO `detalleactividades` VALUES ('2715', '', '', '', '2019', '11', '135', '11', '1', '1');
INSERT INTO `detalleactividades` VALUES ('2716', '', '', '', '2019', '11', '136', '11', '1', '2');
INSERT INTO `detalleactividades` VALUES ('2717', '', '', '', '2019', '11', '137', '11', '1', '1');
INSERT INTO `detalleactividades` VALUES ('2718', '', '', '', '2019', '11', '138', '11', '1', '1');
INSERT INTO `detalleactividades` VALUES ('2719', '', '', '', '2019', '11', '139', '11', '1', '2');
INSERT INTO `detalleactividades` VALUES ('2720', '', '', '', '2019', '11', '140', '12', '1', '1');
INSERT INTO `detalleactividades` VALUES ('2721', '', '', '', '2019', '11', '141', '12', '1', '2');
INSERT INTO `detalleactividades` VALUES ('2722', '', '', '', '2019', '11', '142', '12', '1', '3');
INSERT INTO `detalleactividades` VALUES ('2723', '', '', '', '2019', '11', '143', '12', '1', '1');
INSERT INTO `detalleactividades` VALUES ('2724', '', '', '', '2019', '11', '144', '12', '1', '2');
INSERT INTO `detalleactividades` VALUES ('2725', '', '', '', '2019', '11', '145', '12', '1', '3');
INSERT INTO `detalleactividades` VALUES ('2726', '', '', '', '2019', '11', '146', '12', '1', '4');
INSERT INTO `detalleactividades` VALUES ('2727', '', '', '', '2019', '11', '147', '12', '1', '5');
INSERT INTO `detalleactividades` VALUES ('2728', '', '', '', '2019', '11', '148', '12', '1', '6');
INSERT INTO `detalleactividades` VALUES ('2729', '', '', '', '2019', '11', '149', '12', '1', '1');
INSERT INTO `detalleactividades` VALUES ('2730', '', '', '', '2019', '11', '150', '12', '1', '2');
INSERT INTO `detalleactividades` VALUES ('2731', '', '', '', '2019', '11', '151', '12', '1', '3');
INSERT INTO `detalleactividades` VALUES ('2732', '', '', '', '2019', '11', '152', '12', '1', '4');
INSERT INTO `detalleactividades` VALUES ('2733', '', '', '', '2019', '11', '153', '13', '1', '1');
INSERT INTO `detalleactividades` VALUES ('2734', '', '', '', '2019', '11', '154', '13', '1', '2');
INSERT INTO `detalleactividades` VALUES ('2735', '', '', '', '2019', '11', '155', '13', '1', '3');
INSERT INTO `detalleactividades` VALUES ('2736', '', '', '', '2019', '11', '156', '13', '1', '4');
INSERT INTO `detalleactividades` VALUES ('2737', '', '', '', '2019', '11', '157', '13', '1', '5');
INSERT INTO `detalleactividades` VALUES ('2738', '', '', '', '2019', '11', '158', '13', '1', '6');
INSERT INTO `detalleactividades` VALUES ('2739', '', '', '', '2019', '11', '159', '13', '1', '7');
INSERT INTO `detalleactividades` VALUES ('2740', '', '', '', '2019', '11', '160', '14', '1', '1');
INSERT INTO `detalleactividades` VALUES ('2741', '', '', '', '2019', '11', '161', '14', '1', '2');
INSERT INTO `detalleactividades` VALUES ('2742', '', '', '', '2019', '11', '162', '14', '1', '3');
INSERT INTO `detalleactividades` VALUES ('2743', '', '', '', '2019', '11', '163', '14', '1', '4');
INSERT INTO `detalleactividades` VALUES ('2744', '', '', '', '2019', '11', '164', '14', '1', '5');
INSERT INTO `detalleactividades` VALUES ('2745', '', '', '', '2019', '11', '165', '14', '1', '6');
INSERT INTO `detalleactividades` VALUES ('2746', '', '', '', '2019', '11', '166', '14', '1', '7');
INSERT INTO `detalleactividades` VALUES ('2747', '', '', '', '2019', '11', '167', '14', '1', '1');
INSERT INTO `detalleactividades` VALUES ('2748', '', '', '', '2019', '11', '168', '14', '1', '2');
INSERT INTO `detalleactividades` VALUES ('2749', '', '', '', '2019', '11', '169', '14', '1', '3');
INSERT INTO `detalleactividades` VALUES ('2750', '', '', '', '2019', '11', '170', '14', '1', '4');
INSERT INTO `detalleactividades` VALUES ('2751', '', '', '', '2019', '11', '171', '14', '1', '5');
INSERT INTO `detalleactividades` VALUES ('2752', '', '', '', '2019', '11', '172', '14', '1', '6');
INSERT INTO `detalleactividades` VALUES ('2753', '', '', '', '2019', '11', '173', '14', '1', '7');
INSERT INTO `detalleactividades` VALUES ('2754', '', '', '', '2019', '11', '174', '14', '1', '8');
INSERT INTO `detalleactividades` VALUES ('2755', '', '', '', '2019', '11', '175', '14', '1', '9');
INSERT INTO `detalleactividades` VALUES ('2756', '', '', '', '2019', '11', '176', '14', '1', '10');
INSERT INTO `detalleactividades` VALUES ('2757', '', '', '', '2019', '11', '177', '14', '1', '1');
INSERT INTO `detalleactividades` VALUES ('2758', '', '', '', '2019', '11', '178', '14', '1', '2');
INSERT INTO `detalleactividades` VALUES ('2759', '', '', '', '2019', '11', '179', '15', '1', '1');
INSERT INTO `detalleactividades` VALUES ('2760', '', '', '', '2019', '11', '180', '15', '1', '2');
INSERT INTO `detalleactividades` VALUES ('2761', '', '', '', '2019', '11', '181', '16', '1', '1');
INSERT INTO `detalleactividades` VALUES ('2762', '', '', '', '2019', '11', '182', '16', '1', '2');
INSERT INTO `detalleactividades` VALUES ('2763', '', '', '', '2019', '11', '183', '16', '1', '3');
INSERT INTO `detalleactividades` VALUES ('2764', '', '', '', '2019', '11', '184', '16', '1', '4');
INSERT INTO `detalleactividades` VALUES ('2765', '', '', '', '2019', '11', '185', '16', '1', '1');
INSERT INTO `detalleactividades` VALUES ('2766', '', '', '', '2019', '11', '186', '16', '1', '2');
INSERT INTO `detalleactividades` VALUES ('2767', '', '', '', '2019', '11', '187', '16', '1', '3');
INSERT INTO `detalleactividades` VALUES ('2768', '', '', '', '2019', '11', '188', '16', '1', '4');
INSERT INTO `detalleactividades` VALUES ('2769', '', '', '', '2019', '11', '189', '16', '1', '5');
INSERT INTO `detalleactividades` VALUES ('2770', '', '', '', '2019', '11', '190', '16', '1', '6');
INSERT INTO `detalleactividades` VALUES ('2771', '', '', '', '2019', '11', '191', '16', '1', '1');
INSERT INTO `detalleactividades` VALUES ('2772', '', '', '', '2019', '11', '192', '16', '1', '2');
INSERT INTO `detalleactividades` VALUES ('2773', '', '', '', '2019', '11', '193', '16', '1', '3');
INSERT INTO `detalleactividades` VALUES ('2774', '', '', '', '2019', '11', '194', '16', '1', '4');
INSERT INTO `detalleactividades` VALUES ('2775', '', '', '', '2019', '11', '195', '16', '1', '5');
INSERT INTO `detalleactividades` VALUES ('2776', '', '', '', '2019', '11', '196', '16', '1', '1');
INSERT INTO `detalleactividades` VALUES ('2777', '', '', '', '2019', '11', '197', '16', '1', '2');
INSERT INTO `detalleactividades` VALUES ('2778', '', '', '', '2019', '11', '198', '16', '1', '3');
INSERT INTO `detalleactividades` VALUES ('2779', '', '', '', '2019', '11', '199', '16', '1', '4');
INSERT INTO `detalleactividades` VALUES ('2780', '', '', '', '2019', '11', '200', '16', '1', '5');
INSERT INTO `detalleactividades` VALUES ('2781', '', '', '', '2019', '11', '201', '16', '1', '6');
INSERT INTO `detalleactividades` VALUES ('2782', '', '', '', '2019', '11', '202', '16', '1', '1');
INSERT INTO `detalleactividades` VALUES ('2783', '', '', '', '2019', '11', '203', '16', '1', '2');
INSERT INTO `detalleactividades` VALUES ('2784', '', '', '', '2019', '11', '204', '16', '1', '3');
INSERT INTO `detalleactividades` VALUES ('2785', '', '', '', '2019', '11', '205', '16', '1', '4');
INSERT INTO `detalleactividades` VALUES ('2786', '', '', '', '2019', '11', '206', '16', '1', '5');
INSERT INTO `detalleactividades` VALUES ('2787', '', '', '', '2019', '11', '207', '16', '1', '6');
INSERT INTO `detalleactividades` VALUES ('2788', '', '', '', '2019', '11', '208', '16', '1', '7');
INSERT INTO `detalleactividades` VALUES ('2789', '', '', '', '2019', '11', '209', '16', '1', '8');
INSERT INTO `detalleactividades` VALUES ('2790', '', '', '', '2019', '11', '210', '16', '1', '9');
INSERT INTO `detalleactividades` VALUES ('2791', '', '', '', '2019', '11', '211', '17', '1', '1');
INSERT INTO `detalleactividades` VALUES ('2792', '', '', '', '2019', '11', '212', '17', '1', '2');
INSERT INTO `detalleactividades` VALUES ('2793', '', '', '', '2019', '11', '213', '17', '1', '3');
INSERT INTO `detalleactividades` VALUES ('2794', '', '', '', '2019', '11', '214', '17', '1', '4');
INSERT INTO `detalleactividades` VALUES ('2795', '', '', '', '2019', '11', '215', '17', '1', '5');
INSERT INTO `detalleactividades` VALUES ('2796', '', '', '', '2019', '11', '216', '17', '1', '6');
INSERT INTO `detalleactividades` VALUES ('2797', '', '', '', '2019', '11', '217', '17', '1', '7');
INSERT INTO `detalleactividades` VALUES ('2798', '', '', '', '2019', '11', '218', '17', '1', '1');
INSERT INTO `detalleactividades` VALUES ('2799', '', '', '', '2019', '11', '219', '17', '1', '2');
INSERT INTO `detalleactividades` VALUES ('2800', '', '', '', '2019', '11', '220', '17', '1', '1');
INSERT INTO `detalleactividades` VALUES ('2801', '', '', '', '2019', '11', '221', '17', '1', '2');
INSERT INTO `detalleactividades` VALUES ('2802', '', '', '', '2019', '11', '222', '17', '1', '3');
INSERT INTO `detalleactividades` VALUES ('2803', '', '', '', '2019', '11', '223', '17', '1', '1');
INSERT INTO `detalleactividades` VALUES ('2804', '', '', '', '2019', '11', '224', '17', '1', '2');
INSERT INTO `detalleactividades` VALUES ('2805', '', '', '', '2019', '11', '225', '17', '1', '3');
INSERT INTO `detalleactividades` VALUES ('2806', '', '', '', '2019', '11', '226', '17', '1', '4');
INSERT INTO `detalleactividades` VALUES ('2807', '', '', '', '2019', '11', '227', '17', '1', '5');
INSERT INTO `detalleactividades` VALUES ('2808', '', '', '', '2019', '11', '228', '17', '1', '6');
INSERT INTO `detalleactividades` VALUES ('2809', '', '', '', '2019', '11', '229', '18', '1', '1');
INSERT INTO `detalleactividades` VALUES ('2810', '', '', '', '2019', '11', '230', '18', '1', '2');
INSERT INTO `detalleactividades` VALUES ('2811', '', '', '', '2019', '11', '231', '18', '1', '3');
INSERT INTO `detalleactividades` VALUES ('2812', '', '', '', '2019', '11', '232', '18', '1', '4');
INSERT INTO `detalleactividades` VALUES ('2813', '', '', '', '2019', '11', '233', '18', '1', '5');
INSERT INTO `detalleactividades` VALUES ('2814', '', '', '', '2019', '11', '234', '18', '1', '6');
INSERT INTO `detalleactividades` VALUES ('2815', '', '', '', '2019', '11', '235', '18', '1', '7');
INSERT INTO `detalleactividades` VALUES ('2816', '', '', '', '2019', '11', '236', '18', '1', '1');
INSERT INTO `detalleactividades` VALUES ('2817', '', '', '', '2019', '11', '237', '18', '1', '2');
INSERT INTO `detalleactividades` VALUES ('2818', '', '', '', '2019', '11', '238', '18', '1', '3');
INSERT INTO `detalleactividades` VALUES ('2819', '', '', '', '2019', '11', '239', '18', '1', '4');
INSERT INTO `detalleactividades` VALUES ('2820', '', '', '', '2019', '11', '240', '18', '1', '5');
INSERT INTO `detalleactividades` VALUES ('2821', '', '', '', '2019', '11', '241', '18', '1', '6');
INSERT INTO `detalleactividades` VALUES ('2822', '', '', '', '2019', '11', '242', '3', '3', '1');
INSERT INTO `detalleactividades` VALUES ('2823', '', '', '', '2019', '11', '243', '3', '3', '2');
INSERT INTO `detalleactividades` VALUES ('2824', '', '', '', '2019', '11', '244', '3', '3', '3');
INSERT INTO `detalleactividades` VALUES ('2825', '', '', '', '2019', '11', '245', '5', '3', '1');
INSERT INTO `detalleactividades` VALUES ('2826', '', '', '', '2019', '11', '246', '5', '3', '2');
INSERT INTO `detalleactividades` VALUES ('2827', '', '', '', '2019', '11', '247', '5', '3', '3');
INSERT INTO `detalleactividades` VALUES ('2828', '', '', '', '2019', '11', '248', '5', '3', '4');
INSERT INTO `detalleactividades` VALUES ('2829', '', '', '', '2019', '11', '249', '5', '3', '5');
INSERT INTO `detalleactividades` VALUES ('2830', '', '', '', '2019', '11', '250', '8', '3', '1');
INSERT INTO `detalleactividades` VALUES ('2831', '', '', '', '2019', '11', '251', '8', '3', '2');
INSERT INTO `detalleactividades` VALUES ('2832', '', '', '', '2019', '11', '252', '8', '3', '3');
INSERT INTO `detalleactividades` VALUES ('2833', '', '', '', '2019', '11', '253', '10', '3', '1');
INSERT INTO `detalleactividades` VALUES ('2834', '', '', '', '2019', '11', '254', '10', '3', '1');
INSERT INTO `detalleactividades` VALUES ('2835', '', '', '', '2019', '11', '255', '16', '3', '1');
INSERT INTO `detalleactividades` VALUES ('2836', '', '', '', '2019', '11', '256', '17', '3', '1');
INSERT INTO `detalleactividades` VALUES ('2837', '', '', '', '2019', '11', '257', '3', '4', '1');
INSERT INTO `detalleactividades` VALUES ('2838', '', '', '', '2019', '11', '258', '3', '4', '2');
INSERT INTO `detalleactividades` VALUES ('2839', '', '', '', '2019', '12', '1', '1', '1', '1');
INSERT INTO `detalleactividades` VALUES ('2840', '', '', '', '2019', '12', '2', '1', '1', '2');
INSERT INTO `detalleactividades` VALUES ('2841', '', '', '', '2019', '12', '3', '1', '1', '3');
INSERT INTO `detalleactividades` VALUES ('2842', '', '', '', '2019', '12', '4', '1', '1', '4');
INSERT INTO `detalleactividades` VALUES ('2843', '', '', '', '2019', '12', '5', '2', '1', '1');
INSERT INTO `detalleactividades` VALUES ('2844', '', '', '', '2019', '12', '6', '2', '1', '2');
INSERT INTO `detalleactividades` VALUES ('2845', '', '', '', '2019', '12', '7', '2', '1', '3');
INSERT INTO `detalleactividades` VALUES ('2846', '', '', '', '2019', '12', '8', '2', '1', '4');
INSERT INTO `detalleactividades` VALUES ('2847', '', '', '', '2019', '12', '9', '2', '1', '5');
INSERT INTO `detalleactividades` VALUES ('2848', '', '', '', '2019', '12', '10', '2', '1', '6');
INSERT INTO `detalleactividades` VALUES ('2849', '', '', '', '2019', '12', '11', '2', '1', '1');
INSERT INTO `detalleactividades` VALUES ('2850', '', '', '', '2019', '12', '12', '2', '1', '2');
INSERT INTO `detalleactividades` VALUES ('2851', '', '', '', '2019', '12', '13', '2', '1', '1');
INSERT INTO `detalleactividades` VALUES ('2852', '', '', '', '2019', '12', '14', '2', '1', '2');
INSERT INTO `detalleactividades` VALUES ('2853', '', '', '', '2019', '12', '15', '2', '1', '3');
INSERT INTO `detalleactividades` VALUES ('2854', '', '', '', '2019', '12', '16', '2', '1', '4');
INSERT INTO `detalleactividades` VALUES ('2855', '', '', '', '2019', '12', '17', '2', '1', '1');
INSERT INTO `detalleactividades` VALUES ('2856', '', '', '', '2019', '12', '18', '2', '1', '1');
INSERT INTO `detalleactividades` VALUES ('2857', '', '', '', '2019', '12', '19', '2', '1', '2');
INSERT INTO `detalleactividades` VALUES ('2858', '', '', '', '2019', '12', '20', '2', '1', '3');
INSERT INTO `detalleactividades` VALUES ('2859', '', '', '', '2019', '12', '21', '2', '1', '4');
INSERT INTO `detalleactividades` VALUES ('2860', '', '', '', '2019', '12', '22', '2', '1', '5');
INSERT INTO `detalleactividades` VALUES ('2861', '', '', '', '2019', '12', '23', '2', '1', '6');
INSERT INTO `detalleactividades` VALUES ('2862', '', '', '', '2019', '12', '24', '2', '1', '7');
INSERT INTO `detalleactividades` VALUES ('2863', '', '', '', '2019', '12', '25', '2', '1', '8');
INSERT INTO `detalleactividades` VALUES ('2864', '', '', '', '2019', '12', '26', '2', '1', '1');
INSERT INTO `detalleactividades` VALUES ('2865', '', '', '', '2019', '12', '27', '2', '1', '2');
INSERT INTO `detalleactividades` VALUES ('2866', '', '', '', '2019', '12', '28', '2', '1', '3');
INSERT INTO `detalleactividades` VALUES ('2867', '', '', '', '2019', '12', '29', '2', '1', '4');
INSERT INTO `detalleactividades` VALUES ('2868', '', '', '', '2019', '12', '30', '2', '1', '1');
INSERT INTO `detalleactividades` VALUES ('2869', '', '', '', '2019', '12', '31', '2', '1', '2');
INSERT INTO `detalleactividades` VALUES ('2870', '', '', '', '2019', '12', '32', '3', '1', '1');
INSERT INTO `detalleactividades` VALUES ('2871', '', '', '', '2019', '12', '33', '3', '1', '2');
INSERT INTO `detalleactividades` VALUES ('2872', '', '', '', '2019', '12', '34', '3', '1', '3');
INSERT INTO `detalleactividades` VALUES ('2873', '', '', '', '2019', '12', '35', '3', '1', '1');
INSERT INTO `detalleactividades` VALUES ('2874', '', '', '', '2019', '12', '36', '3', '1', '2');
INSERT INTO `detalleactividades` VALUES ('2875', '', '', '', '2019', '12', '37', '3', '1', '3');
INSERT INTO `detalleactividades` VALUES ('2876', '', '', '', '2019', '12', '38', '3', '1', '4');
INSERT INTO `detalleactividades` VALUES ('2877', '', '', '', '2019', '12', '39', '3', '1', '5');
INSERT INTO `detalleactividades` VALUES ('2878', '', '', '', '2019', '12', '40', '3', '1', '6');
INSERT INTO `detalleactividades` VALUES ('2879', '', '', '', '2019', '12', '41', '3', '1', '7');
INSERT INTO `detalleactividades` VALUES ('2880', '', '', '', '2019', '12', '42', '3', '1', '8');
INSERT INTO `detalleactividades` VALUES ('2881', '', '', '', '2019', '12', '43', '3', '1', '9');
INSERT INTO `detalleactividades` VALUES ('2882', '', '', '', '2019', '12', '44', '3', '1', '10');
INSERT INTO `detalleactividades` VALUES ('2883', '', '', '', '2019', '12', '45', '3', '1', '1');
INSERT INTO `detalleactividades` VALUES ('2884', '', '', '', '2019', '12', '46', '3', '1', '2');
INSERT INTO `detalleactividades` VALUES ('2885', '', '', '', '2019', '12', '47', '3', '1', '3');
INSERT INTO `detalleactividades` VALUES ('2886', '', '', '', '2019', '12', '48', '4', '1', '1');
INSERT INTO `detalleactividades` VALUES ('2887', '', '', '', '2019', '12', '49', '4', '1', '2');
INSERT INTO `detalleactividades` VALUES ('2888', '', '', '', '2019', '12', '50', '4', '1', '3');
INSERT INTO `detalleactividades` VALUES ('2889', '', '', '', '2019', '12', '51', '4', '1', '4');
INSERT INTO `detalleactividades` VALUES ('2890', '', '', '', '2019', '12', '52', '4', '1', '5');
INSERT INTO `detalleactividades` VALUES ('2891', '', '', '', '2019', '12', '53', '4', '1', '1');
INSERT INTO `detalleactividades` VALUES ('2892', '', '', '', '2019', '12', '54', '4', '1', '2');
INSERT INTO `detalleactividades` VALUES ('2893', '', '', '', '2019', '12', '55', '4', '1', '3');
INSERT INTO `detalleactividades` VALUES ('2894', '', '', '', '2019', '12', '56', '4', '1', '4');
INSERT INTO `detalleactividades` VALUES ('2895', '', '', '', '2019', '12', '57', '4', '1', '5');
INSERT INTO `detalleactividades` VALUES ('2896', '', '', '', '2019', '12', '58', '5', '1', '1');
INSERT INTO `detalleactividades` VALUES ('2897', '', '', '', '2019', '12', '59', '5', '1', '2');
INSERT INTO `detalleactividades` VALUES ('2898', '', '', '', '2019', '12', '60', '5', '1', '3');
INSERT INTO `detalleactividades` VALUES ('2899', '', '', '', '2019', '12', '61', '5', '1', '4');
INSERT INTO `detalleactividades` VALUES ('2900', '', '', '', '2019', '12', '62', '5', '1', '5');
INSERT INTO `detalleactividades` VALUES ('2901', '', '', '', '2019', '12', '63', '5', '1', '1');
INSERT INTO `detalleactividades` VALUES ('2902', '', '', '', '2019', '12', '64', '5', '1', '2');
INSERT INTO `detalleactividades` VALUES ('2903', '', '', '', '2019', '12', '65', '5', '1', '3');
INSERT INTO `detalleactividades` VALUES ('2904', '', '', '', '2019', '12', '66', '5', '1', '4');
INSERT INTO `detalleactividades` VALUES ('2905', '', '', '', '2019', '12', '67', '5', '1', '5');
INSERT INTO `detalleactividades` VALUES ('2906', '', '', '', '2019', '12', '68', '5', '1', '6');
INSERT INTO `detalleactividades` VALUES ('2907', '', '', '', '2019', '12', '69', '5', '1', '7');
INSERT INTO `detalleactividades` VALUES ('2908', '', '', '', '2019', '12', '70', '6', '1', '1');
INSERT INTO `detalleactividades` VALUES ('2909', '', '', '', '2019', '12', '71', '6', '1', '1');
INSERT INTO `detalleactividades` VALUES ('2910', '', '', '', '2019', '12', '72', '6', '1', '2');
INSERT INTO `detalleactividades` VALUES ('2911', '', '', '', '2019', '12', '73', '6', '1', '1');
INSERT INTO `detalleactividades` VALUES ('2912', '', '', '', '2019', '12', '74', '6', '1', '2');
INSERT INTO `detalleactividades` VALUES ('2913', '', '', '', '2019', '12', '75', '6', '1', '3');
INSERT INTO `detalleactividades` VALUES ('2914', '', '', '', '2019', '12', '76', '6', '1', '4');
INSERT INTO `detalleactividades` VALUES ('2915', '', '', '', '2019', '12', '77', '6', '1', '5');
INSERT INTO `detalleactividades` VALUES ('2916', '', '', '', '2019', '12', '78', '6', '1', '6');
INSERT INTO `detalleactividades` VALUES ('2917', '', '', '', '2019', '12', '79', '6', '1', '7');
INSERT INTO `detalleactividades` VALUES ('2918', '', '', '', '2019', '12', '80', '6', '1', '8');
INSERT INTO `detalleactividades` VALUES ('2919', '', '', '', '2019', '12', '81', '6', '1', '9');
INSERT INTO `detalleactividades` VALUES ('2920', '', '', '', '2019', '12', '82', '6', '1', '1');
INSERT INTO `detalleactividades` VALUES ('2921', '', '', '', '2019', '12', '83', '6', '1', '2');
INSERT INTO `detalleactividades` VALUES ('2922', '', '', '', '2019', '12', '84', '7', '1', '1');
INSERT INTO `detalleactividades` VALUES ('2923', '', '', '', '2019', '12', '85', '7', '1', '2');
INSERT INTO `detalleactividades` VALUES ('2924', '', '', '', '2019', '12', '86', '7', '1', '3');
INSERT INTO `detalleactividades` VALUES ('2925', '', '', '', '2019', '12', '87', '7', '1', '4');
INSERT INTO `detalleactividades` VALUES ('2926', '', '', '', '2019', '12', '88', '7', '1', '5');
INSERT INTO `detalleactividades` VALUES ('2927', '', '', '', '2019', '12', '89', '7', '1', '6');
INSERT INTO `detalleactividades` VALUES ('2928', '', '', '', '2019', '12', '90', '7', '1', '7');
INSERT INTO `detalleactividades` VALUES ('2929', '', '', '', '2019', '12', '91', '7', '1', '8');
INSERT INTO `detalleactividades` VALUES ('2930', '', '', '', '2019', '12', '92', '7', '1', '9');
INSERT INTO `detalleactividades` VALUES ('2931', '', '', '', '2019', '12', '93', '7', '1', '1');
INSERT INTO `detalleactividades` VALUES ('2932', '', '', '', '2019', '12', '94', '7', '1', '1');
INSERT INTO `detalleactividades` VALUES ('2933', '', '', '', '2019', '12', '95', '7', '1', '2');
INSERT INTO `detalleactividades` VALUES ('2934', '', '', '', '2019', '12', '96', '7', '1', '3');
INSERT INTO `detalleactividades` VALUES ('2935', '', '', '', '2019', '12', '97', '7', '1', '4');
INSERT INTO `detalleactividades` VALUES ('2936', '', '', '', '2019', '12', '98', '8', '1', '1');
INSERT INTO `detalleactividades` VALUES ('2937', '', '', '', '2019', '12', '99', '8', '1', '2');
INSERT INTO `detalleactividades` VALUES ('2938', '', '', '', '2019', '12', '100', '8', '1', '3');
INSERT INTO `detalleactividades` VALUES ('2939', '', '', '', '2019', '12', '101', '8', '1', '1');
INSERT INTO `detalleactividades` VALUES ('2940', '', '', '', '2019', '12', '102', '8', '1', '2');
INSERT INTO `detalleactividades` VALUES ('2941', '', '', '', '2019', '12', '103', '8', '1', '1');
INSERT INTO `detalleactividades` VALUES ('2942', '', '', '', '2019', '12', '104', '8', '1', '2');
INSERT INTO `detalleactividades` VALUES ('2943', '', '', '', '2019', '12', '105', '8', '1', '3');
INSERT INTO `detalleactividades` VALUES ('2944', '', '', '', '2019', '12', '106', '8', '1', '4');
INSERT INTO `detalleactividades` VALUES ('2945', '', '', '', '2019', '12', '107', '8', '1', '5');
INSERT INTO `detalleactividades` VALUES ('2946', '', '', '', '2019', '12', '108', '8', '1', '6');
INSERT INTO `detalleactividades` VALUES ('2947', '', '', '', '2019', '12', '109', '8', '1', '7');
INSERT INTO `detalleactividades` VALUES ('2948', '', '', '', '2019', '12', '110', '8', '1', '8');
INSERT INTO `detalleactividades` VALUES ('2949', '', '', '', '2019', '12', '111', '9', '1', '1');
INSERT INTO `detalleactividades` VALUES ('2950', '', '', '', '2019', '12', '112', '9', '1', '1');
INSERT INTO `detalleactividades` VALUES ('2951', '', '', '', '2019', '12', '113', '9', '1', '2');
INSERT INTO `detalleactividades` VALUES ('2952', '', '', '', '2019', '12', '114', '9', '1', '3');
INSERT INTO `detalleactividades` VALUES ('2953', '', '', '', '2019', '12', '115', '9', '1', '4');
INSERT INTO `detalleactividades` VALUES ('2954', '', '', '', '2019', '12', '116', '9', '1', '5');
INSERT INTO `detalleactividades` VALUES ('2955', '', '', '', '2019', '12', '117', '9', '1', '6');
INSERT INTO `detalleactividades` VALUES ('2956', '', '', '', '2019', '12', '118', '9', '1', '1');
INSERT INTO `detalleactividades` VALUES ('2957', '', '', '', '2019', '12', '119', '9', '1', '2');
INSERT INTO `detalleactividades` VALUES ('2958', '', '', '', '2019', '12', '120', '10', '1', '1');
INSERT INTO `detalleactividades` VALUES ('2959', '', '', '', '2019', '12', '121', '10', '1', '2');
INSERT INTO `detalleactividades` VALUES ('2960', '', '', '', '2019', '12', '122', '10', '1', '3');
INSERT INTO `detalleactividades` VALUES ('2961', '', '', '', '2019', '12', '123', '10', '1', '4');
INSERT INTO `detalleactividades` VALUES ('2962', '', '', '', '2019', '12', '124', '10', '1', '1');
INSERT INTO `detalleactividades` VALUES ('2963', '', '', '', '2019', '12', '125', '10', '1', '2');
INSERT INTO `detalleactividades` VALUES ('2964', '', '', '', '2019', '12', '126', '10', '1', '3');
INSERT INTO `detalleactividades` VALUES ('2965', '', '', '', '2019', '12', '127', '10', '1', '1');
INSERT INTO `detalleactividades` VALUES ('2966', '', '', '', '2019', '12', '128', '10', '1', '2');
INSERT INTO `detalleactividades` VALUES ('2967', '', '', '', '2019', '12', '129', '10', '1', '3');
INSERT INTO `detalleactividades` VALUES ('2968', '', '', '', '2019', '12', '130', '10', '1', '4');
INSERT INTO `detalleactividades` VALUES ('2969', '', '', '', '2019', '12', '131', '10', '1', '5');
INSERT INTO `detalleactividades` VALUES ('2970', '', '', '', '2019', '12', '132', '10', '1', '6');
INSERT INTO `detalleactividades` VALUES ('2971', '', '', '', '2019', '12', '133', '11', '1', '1');
INSERT INTO `detalleactividades` VALUES ('2972', '', '', '', '2019', '12', '134', '11', '1', '2');
INSERT INTO `detalleactividades` VALUES ('2973', '', '', '', '2019', '12', '135', '11', '1', '1');
INSERT INTO `detalleactividades` VALUES ('2974', '', '', '', '2019', '12', '136', '11', '1', '2');
INSERT INTO `detalleactividades` VALUES ('2975', '', '', '', '2019', '12', '137', '11', '1', '1');
INSERT INTO `detalleactividades` VALUES ('2976', '', '', '', '2019', '12', '138', '11', '1', '1');
INSERT INTO `detalleactividades` VALUES ('2977', '', '', '', '2019', '12', '139', '11', '1', '2');
INSERT INTO `detalleactividades` VALUES ('2978', '', '', '', '2019', '12', '140', '12', '1', '1');
INSERT INTO `detalleactividades` VALUES ('2979', '', '', '', '2019', '12', '141', '12', '1', '2');
INSERT INTO `detalleactividades` VALUES ('2980', '', '', '', '2019', '12', '142', '12', '1', '3');
INSERT INTO `detalleactividades` VALUES ('2981', '', '', '', '2019', '12', '143', '12', '1', '1');
INSERT INTO `detalleactividades` VALUES ('2982', '', '', '', '2019', '12', '144', '12', '1', '2');
INSERT INTO `detalleactividades` VALUES ('2983', '', '', '', '2019', '12', '145', '12', '1', '3');
INSERT INTO `detalleactividades` VALUES ('2984', '', '', '', '2019', '12', '146', '12', '1', '4');
INSERT INTO `detalleactividades` VALUES ('2985', '', '', '', '2019', '12', '147', '12', '1', '5');
INSERT INTO `detalleactividades` VALUES ('2986', '', '', '', '2019', '12', '148', '12', '1', '6');
INSERT INTO `detalleactividades` VALUES ('2987', '', '', '', '2019', '12', '149', '12', '1', '1');
INSERT INTO `detalleactividades` VALUES ('2988', '', '', '', '2019', '12', '150', '12', '1', '2');
INSERT INTO `detalleactividades` VALUES ('2989', '', '', '', '2019', '12', '151', '12', '1', '3');
INSERT INTO `detalleactividades` VALUES ('2990', '', '', '', '2019', '12', '152', '12', '1', '4');
INSERT INTO `detalleactividades` VALUES ('2991', '', '', '', '2019', '12', '153', '13', '1', '1');
INSERT INTO `detalleactividades` VALUES ('2992', '', '', '', '2019', '12', '154', '13', '1', '2');
INSERT INTO `detalleactividades` VALUES ('2993', '', '', '', '2019', '12', '155', '13', '1', '3');
INSERT INTO `detalleactividades` VALUES ('2994', '', '', '', '2019', '12', '156', '13', '1', '4');
INSERT INTO `detalleactividades` VALUES ('2995', '', '', '', '2019', '12', '157', '13', '1', '5');
INSERT INTO `detalleactividades` VALUES ('2996', '', '', '', '2019', '12', '158', '13', '1', '6');
INSERT INTO `detalleactividades` VALUES ('2997', '', '', '', '2019', '12', '159', '13', '1', '7');
INSERT INTO `detalleactividades` VALUES ('2998', '', '', '', '2019', '12', '160', '14', '1', '1');
INSERT INTO `detalleactividades` VALUES ('2999', '', '', '', '2019', '12', '161', '14', '1', '2');
INSERT INTO `detalleactividades` VALUES ('3000', '', '', '', '2019', '12', '162', '14', '1', '3');
INSERT INTO `detalleactividades` VALUES ('3001', '', '', '', '2019', '12', '163', '14', '1', '4');
INSERT INTO `detalleactividades` VALUES ('3002', '', '', '', '2019', '12', '164', '14', '1', '5');
INSERT INTO `detalleactividades` VALUES ('3003', '', '', '', '2019', '12', '165', '14', '1', '6');
INSERT INTO `detalleactividades` VALUES ('3004', '', '', '', '2019', '12', '166', '14', '1', '7');
INSERT INTO `detalleactividades` VALUES ('3005', '', '', '', '2019', '12', '167', '14', '1', '1');
INSERT INTO `detalleactividades` VALUES ('3006', '', '', '', '2019', '12', '168', '14', '1', '2');
INSERT INTO `detalleactividades` VALUES ('3007', '', '', '', '2019', '12', '169', '14', '1', '3');
INSERT INTO `detalleactividades` VALUES ('3008', '', '', '', '2019', '12', '170', '14', '1', '4');
INSERT INTO `detalleactividades` VALUES ('3009', '', '', '', '2019', '12', '171', '14', '1', '5');
INSERT INTO `detalleactividades` VALUES ('3010', '', '', '', '2019', '12', '172', '14', '1', '6');
INSERT INTO `detalleactividades` VALUES ('3011', '', '', '', '2019', '12', '173', '14', '1', '7');
INSERT INTO `detalleactividades` VALUES ('3012', '', '', '', '2019', '12', '174', '14', '1', '8');
INSERT INTO `detalleactividades` VALUES ('3013', '', '', '', '2019', '12', '175', '14', '1', '9');
INSERT INTO `detalleactividades` VALUES ('3014', '', '', '', '2019', '12', '176', '14', '1', '10');
INSERT INTO `detalleactividades` VALUES ('3015', '', '', '', '2019', '12', '177', '14', '1', '1');
INSERT INTO `detalleactividades` VALUES ('3016', '', '', '', '2019', '12', '178', '14', '1', '2');
INSERT INTO `detalleactividades` VALUES ('3017', '', '', '', '2019', '12', '179', '15', '1', '1');
INSERT INTO `detalleactividades` VALUES ('3018', '', '', '', '2019', '12', '180', '15', '1', '2');
INSERT INTO `detalleactividades` VALUES ('3019', '', '', '', '2019', '12', '181', '16', '1', '1');
INSERT INTO `detalleactividades` VALUES ('3020', '', '', '', '2019', '12', '182', '16', '1', '2');
INSERT INTO `detalleactividades` VALUES ('3021', '', '', '', '2019', '12', '183', '16', '1', '3');
INSERT INTO `detalleactividades` VALUES ('3022', '', '', '', '2019', '12', '184', '16', '1', '4');
INSERT INTO `detalleactividades` VALUES ('3023', '', '', '', '2019', '12', '185', '16', '1', '1');
INSERT INTO `detalleactividades` VALUES ('3024', '', '', '', '2019', '12', '186', '16', '1', '2');
INSERT INTO `detalleactividades` VALUES ('3025', '', '', '', '2019', '12', '187', '16', '1', '3');
INSERT INTO `detalleactividades` VALUES ('3026', '', '', '', '2019', '12', '188', '16', '1', '4');
INSERT INTO `detalleactividades` VALUES ('3027', '', '', '', '2019', '12', '189', '16', '1', '5');
INSERT INTO `detalleactividades` VALUES ('3028', '', '', '', '2019', '12', '190', '16', '1', '6');
INSERT INTO `detalleactividades` VALUES ('3029', '', '', '', '2019', '12', '191', '16', '1', '1');
INSERT INTO `detalleactividades` VALUES ('3030', '', '', '', '2019', '12', '192', '16', '1', '2');
INSERT INTO `detalleactividades` VALUES ('3031', '', '', '', '2019', '12', '193', '16', '1', '3');
INSERT INTO `detalleactividades` VALUES ('3032', '', '', '', '2019', '12', '194', '16', '1', '4');
INSERT INTO `detalleactividades` VALUES ('3033', '', '', '', '2019', '12', '195', '16', '1', '5');
INSERT INTO `detalleactividades` VALUES ('3034', '', '', '', '2019', '12', '196', '16', '1', '1');
INSERT INTO `detalleactividades` VALUES ('3035', '', '', '', '2019', '12', '197', '16', '1', '2');
INSERT INTO `detalleactividades` VALUES ('3036', '', '', '', '2019', '12', '198', '16', '1', '3');
INSERT INTO `detalleactividades` VALUES ('3037', '', '', '', '2019', '12', '199', '16', '1', '4');
INSERT INTO `detalleactividades` VALUES ('3038', '', '', '', '2019', '12', '200', '16', '1', '5');
INSERT INTO `detalleactividades` VALUES ('3039', '', '', '', '2019', '12', '201', '16', '1', '6');
INSERT INTO `detalleactividades` VALUES ('3040', '', '', '', '2019', '12', '202', '16', '1', '1');
INSERT INTO `detalleactividades` VALUES ('3041', '', '', '', '2019', '12', '203', '16', '1', '2');
INSERT INTO `detalleactividades` VALUES ('3042', '', '', '', '2019', '12', '204', '16', '1', '3');
INSERT INTO `detalleactividades` VALUES ('3043', '', '', '', '2019', '12', '205', '16', '1', '4');
INSERT INTO `detalleactividades` VALUES ('3044', '', '', '', '2019', '12', '206', '16', '1', '5');
INSERT INTO `detalleactividades` VALUES ('3045', '', '', '', '2019', '12', '207', '16', '1', '6');
INSERT INTO `detalleactividades` VALUES ('3046', '', '', '', '2019', '12', '208', '16', '1', '7');
INSERT INTO `detalleactividades` VALUES ('3047', '', '', '', '2019', '12', '209', '16', '1', '8');
INSERT INTO `detalleactividades` VALUES ('3048', '', '', '', '2019', '12', '210', '16', '1', '9');
INSERT INTO `detalleactividades` VALUES ('3049', '', '', '', '2019', '12', '211', '17', '1', '1');
INSERT INTO `detalleactividades` VALUES ('3050', '', '', '', '2019', '12', '212', '17', '1', '2');
INSERT INTO `detalleactividades` VALUES ('3051', '', '', '', '2019', '12', '213', '17', '1', '3');
INSERT INTO `detalleactividades` VALUES ('3052', '', '', '', '2019', '12', '214', '17', '1', '4');
INSERT INTO `detalleactividades` VALUES ('3053', '', '', '', '2019', '12', '215', '17', '1', '5');
INSERT INTO `detalleactividades` VALUES ('3054', '', '', '', '2019', '12', '216', '17', '1', '6');
INSERT INTO `detalleactividades` VALUES ('3055', '', '', '', '2019', '12', '217', '17', '1', '7');
INSERT INTO `detalleactividades` VALUES ('3056', '', '', '', '2019', '12', '218', '17', '1', '1');
INSERT INTO `detalleactividades` VALUES ('3057', '', '', '', '2019', '12', '219', '17', '1', '2');
INSERT INTO `detalleactividades` VALUES ('3058', '', '', '', '2019', '12', '220', '17', '1', '1');
INSERT INTO `detalleactividades` VALUES ('3059', '', '', '', '2019', '12', '221', '17', '1', '2');
INSERT INTO `detalleactividades` VALUES ('3060', '', '', '', '2019', '12', '222', '17', '1', '3');
INSERT INTO `detalleactividades` VALUES ('3061', '', '', '', '2019', '12', '223', '17', '1', '1');
INSERT INTO `detalleactividades` VALUES ('3062', '', '', '', '2019', '12', '224', '17', '1', '2');
INSERT INTO `detalleactividades` VALUES ('3063', '', '', '', '2019', '12', '225', '17', '1', '3');
INSERT INTO `detalleactividades` VALUES ('3064', '', '', '', '2019', '12', '226', '17', '1', '4');
INSERT INTO `detalleactividades` VALUES ('3065', '', '', '', '2019', '12', '227', '17', '1', '5');
INSERT INTO `detalleactividades` VALUES ('3066', '', '', '', '2019', '12', '228', '17', '1', '6');
INSERT INTO `detalleactividades` VALUES ('3067', '', '', '', '2019', '12', '229', '18', '1', '1');
INSERT INTO `detalleactividades` VALUES ('3068', '', '', '', '2019', '12', '230', '18', '1', '2');
INSERT INTO `detalleactividades` VALUES ('3069', '', '', '', '2019', '12', '231', '18', '1', '3');
INSERT INTO `detalleactividades` VALUES ('3070', '', '', '', '2019', '12', '232', '18', '1', '4');
INSERT INTO `detalleactividades` VALUES ('3071', '', '', '', '2019', '12', '233', '18', '1', '5');
INSERT INTO `detalleactividades` VALUES ('3072', '', '', '', '2019', '12', '234', '18', '1', '6');
INSERT INTO `detalleactividades` VALUES ('3073', '', '', '', '2019', '12', '235', '18', '1', '7');
INSERT INTO `detalleactividades` VALUES ('3074', '', '', '', '2019', '12', '236', '18', '1', '1');
INSERT INTO `detalleactividades` VALUES ('3075', '', '', '', '2019', '12', '237', '18', '1', '2');
INSERT INTO `detalleactividades` VALUES ('3076', '', '', '', '2019', '12', '238', '18', '1', '3');
INSERT INTO `detalleactividades` VALUES ('3077', '', '', '', '2019', '12', '239', '18', '1', '4');
INSERT INTO `detalleactividades` VALUES ('3078', '', '', '', '2019', '12', '240', '18', '1', '5');
INSERT INTO `detalleactividades` VALUES ('3079', '', '', '', '2019', '12', '241', '18', '1', '6');
INSERT INTO `detalleactividades` VALUES ('3080', '', '', '', '2019', '12', '242', '3', '3', '1');
INSERT INTO `detalleactividades` VALUES ('3081', '', '', '', '2019', '12', '243', '3', '3', '2');
INSERT INTO `detalleactividades` VALUES ('3082', '', '', '', '2019', '12', '244', '3', '3', '3');
INSERT INTO `detalleactividades` VALUES ('3083', '', '', '', '2019', '12', '245', '5', '3', '1');
INSERT INTO `detalleactividades` VALUES ('3084', '', '', '', '2019', '12', '246', '5', '3', '2');
INSERT INTO `detalleactividades` VALUES ('3085', '', '', '', '2019', '12', '247', '5', '3', '3');
INSERT INTO `detalleactividades` VALUES ('3086', '', '', '', '2019', '12', '248', '5', '3', '4');
INSERT INTO `detalleactividades` VALUES ('3087', '', '', '', '2019', '12', '249', '5', '3', '5');
INSERT INTO `detalleactividades` VALUES ('3088', '', '', '', '2019', '12', '250', '8', '3', '1');
INSERT INTO `detalleactividades` VALUES ('3089', '', '', '', '2019', '12', '251', '8', '3', '2');
INSERT INTO `detalleactividades` VALUES ('3090', '', '', '', '2019', '12', '252', '8', '3', '3');
INSERT INTO `detalleactividades` VALUES ('3091', '', '', '', '2019', '12', '253', '10', '3', '1');
INSERT INTO `detalleactividades` VALUES ('3092', '', '', '', '2019', '12', '254', '10', '3', '1');
INSERT INTO `detalleactividades` VALUES ('3093', '', '', '', '2019', '12', '255', '16', '3', '1');
INSERT INTO `detalleactividades` VALUES ('3094', '', '', '', '2019', '12', '256', '17', '3', '1');
INSERT INTO `detalleactividades` VALUES ('3095', '', '', '', '2019', '12', '257', '3', '4', '1');
INSERT INTO `detalleactividades` VALUES ('3096', '', '', '', '2019', '12', '258', '3', '4', '2');

-- ----------------------------
-- Table structure for `meses`
-- ----------------------------
DROP TABLE IF EXISTS `meses`;
CREATE TABLE `meses` (
  `idmes` int(11) NOT NULL AUTO_INCREMENT,
  `mes` varchar(15) CHARACTER SET utf8 NOT NULL,
  PRIMARY KEY (`idmes`)
) ENGINE=InnoDB AUTO_INCREMENT=13 DEFAULT CHARSET=latin1;

-- ----------------------------
-- Records of meses
-- ----------------------------
INSERT INTO `meses` VALUES ('1', 'Enero');
INSERT INTO `meses` VALUES ('2', 'Febrero');
INSERT INTO `meses` VALUES ('3', 'Marzo');
INSERT INTO `meses` VALUES ('4', 'Abril');
INSERT INTO `meses` VALUES ('5', 'Mayo');
INSERT INTO `meses` VALUES ('6', 'Junio');
INSERT INTO `meses` VALUES ('7', 'Julio');
INSERT INTO `meses` VALUES ('8', 'Agosto');
INSERT INTO `meses` VALUES ('9', 'Septiembre');
INSERT INTO `meses` VALUES ('10', 'Octubre');
INSERT INTO `meses` VALUES ('11', 'Noviembre');
INSERT INTO `meses` VALUES ('12', 'Diciembre');

-- ----------------------------
-- Table structure for `migrations`
-- ----------------------------
DROP TABLE IF EXISTS `migrations`;
CREATE TABLE `migrations` (
  `id` int(10) unsigned NOT NULL AUTO_INCREMENT,
  `migration` varchar(255) COLLATE utf8mb4_unicode_ci NOT NULL,
  `batch` int(11) NOT NULL,
  PRIMARY KEY (`id`)
) ENGINE=InnoDB AUTO_INCREMENT=29 DEFAULT CHARSET=utf8mb4 COLLATE=utf8mb4_unicode_ci;

-- ----------------------------
-- Records of migrations
-- ----------------------------
INSERT INTO `migrations` VALUES ('24', '2014_10_12_000000_create_users_table', '1');
INSERT INTO `migrations` VALUES ('25', '2014_10_12_100000_create_password_resets_table', '1');
INSERT INTO `migrations` VALUES ('26', '2019_02_13_191034_add_username_to_users', '1');
INSERT INTO `migrations` VALUES ('27', '2019_02_14_152622_create_roles_table', '1');
INSERT INTO `migrations` VALUES ('28', '2019_02_14_172009_create_role_user_table', '1');

-- ----------------------------
-- Table structure for `password_resets`
-- ----------------------------
DROP TABLE IF EXISTS `password_resets`;
CREATE TABLE `password_resets` (
  `email` varchar(255) COLLATE utf8mb4_unicode_ci NOT NULL,
  `token` varchar(255) COLLATE utf8mb4_unicode_ci NOT NULL,
  `created_at` timestamp NULL DEFAULT NULL,
  KEY `password_resets_email_index` (`email`)
) ENGINE=InnoDB DEFAULT CHARSET=utf8mb4 COLLATE=utf8mb4_unicode_ci;

-- ----------------------------
-- Records of password_resets
-- ----------------------------

-- ----------------------------
-- Table structure for `porcentajep`
-- ----------------------------
DROP TABLE IF EXISTS `porcentajep`;
CREATE TABLE `porcentajep` (
  `idporcentajep` int(5) DEFAULT NULL,
  `enep` int(5) DEFAULT NULL,
  `febp` int(5) DEFAULT NULL,
  `marp` int(5) DEFAULT NULL,
  `abrp` int(5) DEFAULT NULL,
  `mayp` int(5) DEFAULT NULL,
  `junp` int(5) DEFAULT NULL,
  `julp` int(5) DEFAULT NULL,
  `agop` int(5) DEFAULT NULL,
  `sepp` int(5) DEFAULT NULL,
  `octp` int(5) DEFAULT NULL,
  `novp` int(5) DEFAULT NULL,
  `dicp` int(5) DEFAULT NULL,
  `inicio` varchar(10) DEFAULT NULL,
  `termino` varchar(10) DEFAULT NULL
) ENGINE=InnoDB DEFAULT CHARSET=utf8;

-- ----------------------------
-- Records of porcentajep
-- ----------------------------
INSERT INTO `porcentajep` VALUES ('1', '2', '2', '1', '2', '1', '1', '2', '1', '2', '2', '1', '1', 'ENE', 'DIC');
INSERT INTO `porcentajep` VALUES ('2', '4', '2', '1', '2', '1', '1', '1', '1', '3', '1', '1', '1', 'ENE', 'DIC');
INSERT INTO `porcentajep` VALUES ('3', '2', '2', '1', '2', '1', '1', '2', '1', '2', '2', '1', '1', 'ENE', 'DIC');
INSERT INTO `porcentajep` VALUES ('4', '5', '3', '3', '3', '3', '5', '3', '3', '3', '3', '3', '3', 'ENE', 'DIC');
INSERT INTO `porcentajep` VALUES ('5', '1', '0', '0', '1', '0', '0', '1', '0', '0', '1', '0', '0', 'ENE', 'OCT');
INSERT INTO `porcentajep` VALUES ('6', '0', '0', '0', '0', '0', '0', '0', '1', '0', '0', '0', '0', 'AGO', 'AGO');
INSERT INTO `porcentajep` VALUES ('7', '0', '0', '0', '0', '0', '0', '0', '0', '1', '0', '0', '0', 'SEP', 'SEP');
INSERT INTO `porcentajep` VALUES ('8', '0', '0', '0', '0', '0', '0', '0', '0', '0', '0', '0', '1', 'DIC', 'DIC');
INSERT INTO `porcentajep` VALUES ('9', '0', '0', '0', '0', '0', '0', '0', '0', '0', '0', '0', '1', 'DIC', 'DIC');
INSERT INTO `porcentajep` VALUES ('10', '0', '0', '0', '0', '0', '0', '0', '0', '0', '0', '0', '1', 'DIC', 'DIC');
INSERT INTO `porcentajep` VALUES ('11', '1', '1', '1', '1', '1', '1', '1', '1', '1', '1', '1', '1', 'ENE', 'DIC');
INSERT INTO `porcentajep` VALUES ('12', '3', '3', '3', '3', '3', '3', '3', '3', '3', '3', '3', '3', 'ENE', 'DIC');
INSERT INTO `porcentajep` VALUES ('13', '1', '1', '1', '1', '1', '1', '1', '1', '1', '1', '1', '1', 'ENE', 'DIC');
INSERT INTO `porcentajep` VALUES ('14', '1', '1', '1', '1', '1', '1', '1', '1', '1', '1', '1', '1', 'ENE', 'DIC');
INSERT INTO `porcentajep` VALUES ('15', '0', '0', '0', '0', '0', '0', '0', '0', '0', '0', '0', '1', 'DIC', 'DIC');
INSERT INTO `porcentajep` VALUES ('16', '0', '0', '0', '0', '0', '0', '0', '0', '0', '0', '0', '1', 'DIC', 'DIC');
INSERT INTO `porcentajep` VALUES ('17', '1', '1', '1', '1', '1', '1', '1', '1', '1', '1', '1', '1', 'ENE', 'DIC');
INSERT INTO `porcentajep` VALUES ('18', '15', '6', '6', '15', '6', '6', '15', '6', '6', '15', '6', '6', 'ENE', 'DIC');
INSERT INTO `porcentajep` VALUES ('19', '1', '1', '1', '1', '1', '1', '1', '1', '1', '1', '1', '1', 'ENE', 'DIC');
INSERT INTO `porcentajep` VALUES ('20', '0', '0', '0', '0', '0', '1', '0', '0', '0', '0', '0', '1', 'JUN', 'DIC');
INSERT INTO `porcentajep` VALUES ('21', '0', '0', '0', '0', '0', '1', '0', '0', '0', '0', '0', '1', 'JUN', 'DIC');
INSERT INTO `porcentajep` VALUES ('22', '0', '0', '0', '0', '0', '1', '0', '0', '0', '0', '0', '1', 'JUN', 'DIC');
INSERT INTO `porcentajep` VALUES ('23', '0', '0', '0', '0', '0', '1', '0', '0', '0', '0', '0', '1', 'JUN', 'DIC');
INSERT INTO `porcentajep` VALUES ('24', '0', '0', '0', '0', '0', '0', '0', '0', '0', '0', '0', '1', 'DIC', 'DIC');
INSERT INTO `porcentajep` VALUES ('25', '0', '0', '0', '0', '0', '0', '0', '0', '0', '0', '0', '1', 'DIC', 'DIC');
INSERT INTO `porcentajep` VALUES ('26', '1', '0', '0', '1', '0', '0', '1', '0', '0', '1', '0', '0', 'ENE', 'OCT');
INSERT INTO `porcentajep` VALUES ('27', '1', '1', '1', '1', '1', '1', '1', '1', '1', '1', '1', '1', 'ENE', 'DIC');
INSERT INTO `porcentajep` VALUES ('28', '1', '2', '1', '1', '2', '1', '1', '2', '1', '1', '2', '1', 'ENE', 'DIC');
INSERT INTO `porcentajep` VALUES ('29', '1', '0', '0', '0', '0', '0', '0', '0', '0', '0', '0', '0', 'ENE', 'ENE');
INSERT INTO `porcentajep` VALUES ('30', '1', '1', '1', '1', '1', '1', '1', '1', '1', '1', '1', '1', 'ENE', 'DIC');
INSERT INTO `porcentajep` VALUES ('31', '1', '1', '1', '1', '1', '1', '1', '1', '1', '1', '1', '1', 'ENE', 'DIC');
INSERT INTO `porcentajep` VALUES ('32', '1', '1', '1', '1', '1', '1', '1', '1', '1', '1', '1', '1', 'ENE', 'DIC');
INSERT INTO `porcentajep` VALUES ('33', '1', '1', '1', '1', '1', '1', '1', '1', '1', '1', '1', '1', 'ENE', 'DIC');
INSERT INTO `porcentajep` VALUES ('34', '0', '0', '0', '1', '0', '0', '1', '0', '0', '1', '0', '0', 'ABR', 'OCT');
INSERT INTO `porcentajep` VALUES ('35', '0', '1', '0', '0', '0', '0', '0', '0', '0', '0', '0', '0', 'FEB', 'FEB');
INSERT INTO `porcentajep` VALUES ('36', '0', '0', '0', '1', '0', '0', '0', '0', '0', '0', '0', '0', 'ABR', 'ABR');
INSERT INTO `porcentajep` VALUES ('37', '0', '0', '0', '1', '0', '0', '1', '0', '0', '1', '0', '0', 'ABR', 'OCT');
INSERT INTO `porcentajep` VALUES ('38', '0', '0', '0', '1', '0', '0', '1', '0', '0', '1', '0', '0', 'ABR', 'OCT');
INSERT INTO `porcentajep` VALUES ('39', '0', '0', '0', '1', '0', '0', '1', '0', '0', '1', '0', '0', 'ABR', 'OCT');
INSERT INTO `porcentajep` VALUES ('40', '0', '0', '0', '1', '0', '0', '1', '0', '0', '1', '0', '0', 'ABR', 'OCT');
INSERT INTO `porcentajep` VALUES ('41', '0', '0', '0', '1', '0', '0', '1', '0', '0', '1', '0', '0', 'ABR', 'OCT');
INSERT INTO `porcentajep` VALUES ('42', '0', '0', '0', '1', '0', '0', '1', '0', '0', '1', '0', '0', 'ABR', 'OCT');
INSERT INTO `porcentajep` VALUES ('43', '0', '0', '0', '1', '0', '0', '1', '0', '0', '1', '0', '0', 'ABR', 'OCT');
INSERT INTO `porcentajep` VALUES ('44', '0', '0', '0', '0', '0', '0', '0', '0', '0', '0', '0', '0', 'DIC', 'DIC');
INSERT INTO `porcentajep` VALUES ('45', '1', '0', '0', '0', '0', '0', '0', '0', '0', '0', '0', '0', 'ENE', 'ENE');
INSERT INTO `porcentajep` VALUES ('46', '0', '0', '0', '0', '0', '0', '1', '1', '0', '0', '0', '0', 'JUL', 'AGO');
INSERT INTO `porcentajep` VALUES ('47', '0', '0', '0', '0', '0', '0', '1', '1', '0', '0', '0', '0', 'JUL', 'AGO');
INSERT INTO `porcentajep` VALUES ('48', '1', '1', '1', '1', '1', '1', '1', '1', '1', '0', '0', '0', 'ENE', 'SEP');
INSERT INTO `porcentajep` VALUES ('49', '0', '1', '1', '1', '0', '0', '0', '0', '0', '0', '0', '0', 'FEB', 'ABR');
INSERT INTO `porcentajep` VALUES ('50', '1', '1', '1', '1', '1', '1', '1', '0', '0', '0', '0', '0', 'ENE', 'JUL');
INSERT INTO `porcentajep` VALUES ('51', '0', '0', '0', '1', '1', '1', '1', '1', '1', '1', '1', '0', 'ABR', 'NOV');
INSERT INTO `porcentajep` VALUES ('52', '0', '0', '0', '0', '1', '1', '1', '1', '1', '1', '1', '1', 'MAY', 'DIC');
INSERT INTO `porcentajep` VALUES ('53', '1', '1', '1', '1', '1', '1', '0', '0', '0', '0', '0', '0', 'ENE', 'JUN');
INSERT INTO `porcentajep` VALUES ('54', '1', '1', '1', '1', '1', '1', '1', '1', '1', '1', '1', '1', 'ENE', 'DIC');
INSERT INTO `porcentajep` VALUES ('55', '1', '1', '1', '1', '0', '0', '0', '0', '0', '0', '0', '0', 'ENE', 'ABR');
INSERT INTO `porcentajep` VALUES ('56', '0', '0', '0', '0', '1', '0', '0', '0', '1', '0', '0', '0', 'MAY', 'SEP');
INSERT INTO `porcentajep` VALUES ('57', '0', '0', '0', '0', '0', '1', '1', '0', '0', '0', '0', '0', 'JUN', 'JUL');
INSERT INTO `porcentajep` VALUES ('58', '1', '1', '1', '1', '1', '1', '1', '1', '1', '1', '1', '1', 'ENE', 'DIC');
INSERT INTO `porcentajep` VALUES ('59', '1', '0', '0', '0', '0', '0', '1', '0', '0', '0', '0', '0', 'ENE', 'JUL');
INSERT INTO `porcentajep` VALUES ('60', '0', '1', '0', '1', '0', '1', '0', '1', '0', '1', '0', '1', 'FEB', 'DIC');
INSERT INTO `porcentajep` VALUES ('61', '0', '1', '0', '0', '0', '0', '0', '0', '1', '0', '0', '0', 'FEB', 'SEP');
INSERT INTO `porcentajep` VALUES ('62', '0', '0', '0', '0', '0', '0', '0', '1', '0', '0', '0', '0', 'AGO', 'AGO');
INSERT INTO `porcentajep` VALUES ('63', '4', '4', '3', '2', '2', '0', '0', '0', '4', '4', '4', '2', 'ENE', 'DIC');
INSERT INTO `porcentajep` VALUES ('64', '0', '0', '0', '0', '1', '0', '0', '0', '0', '0', '1', '0', 'MAY', 'NOV');
INSERT INTO `porcentajep` VALUES ('65', '0', '0', '0', '0', '1', '2', '0', '0', '0', '0', '0', '0', 'MAY', 'JUN');
INSERT INTO `porcentajep` VALUES ('66', '0', '0', '0', '0', '1', '1', '0', '0', '1', '0', '0', '0', 'MAY', 'SEP');
INSERT INTO `porcentajep` VALUES ('67', '0', '0', '0', '0', '0', '1', '0', '0', '0', '0', '0', '0', 'JUN', 'JUN');
INSERT INTO `porcentajep` VALUES ('68', '0', '0', '0', '0', '0', '0', '0', '1', '0', '0', '0', '0', 'AGO', 'AGO');
INSERT INTO `porcentajep` VALUES ('69', '0', '0', '0', '0', '0', '0', '0', '0', '1', '0', '0', '0', 'SEP', 'SEP');
INSERT INTO `porcentajep` VALUES ('70', '4', '1', '1', '4', '1', '1', '3', '1', '1', '3', '1', '1', 'ENE', 'DIC');
INSERT INTO `porcentajep` VALUES ('71', '1', '1', '1', '1', '1', '1', '1', '1', '1', '1', '1', '1', 'ENE', 'DIC');
INSERT INTO `porcentajep` VALUES ('72', '0', '0', '0', '0', '0', '0', '0', '0', '1', '0', '0', '0', 'SEP', 'SEP');
INSERT INTO `porcentajep` VALUES ('73', '1', '1', '1', '1', '1', '1', '1', '1', '1', '1', '1', '1', 'ENE', 'DIC');
INSERT INTO `porcentajep` VALUES ('74', '1', '1', '1', '1', '1', '1', '1', '1', '1', '1', '1', '1', 'ENE', 'DIC');
INSERT INTO `porcentajep` VALUES ('75', '1', '1', '1', '1', '1', '1', '1', '1', '1', '1', '1', '1', 'ENE', 'DIC');
INSERT INTO `porcentajep` VALUES ('76', '0', '1', '0', '0', '1', '0', '0', '1', '0', '0', '1', '0', 'FEB', 'NOV');
INSERT INTO `porcentajep` VALUES ('77', '0', '1', '0', '0', '0', '0', '0', '0', '0', '0', '1', '0', 'FEB', 'NOV');
INSERT INTO `porcentajep` VALUES ('78', '0', '0', '1', '0', '0', '0', '0', '0', '1', '0', '0', '0', 'MAR', 'SEP');
INSERT INTO `porcentajep` VALUES ('79', '0', '0', '1', '0', '0', '0', '0', '0', '0', '0', '0', '0', 'MAR', 'MAR');
INSERT INTO `porcentajep` VALUES ('80', '0', '0', '0', '0', '0', '1', '0', '0', '0', '0', '0', '1', 'JUN', 'DIC');
INSERT INTO `porcentajep` VALUES ('81', '0', '0', '0', '0', '0', '1', '0', '0', '0', '0', '0', '1', 'JUN', 'DIC');
INSERT INTO `porcentajep` VALUES ('82', '2', '2', '2', '2', '2', '2', '2', '2', '2', '2', '2', '2', 'ENE', 'DIC');
INSERT INTO `porcentajep` VALUES ('83', '1', '1', '1', '1', '1', '1', '1', '1', '1', '1', '1', '1', 'ENE', 'DIC');
INSERT INTO `porcentajep` VALUES ('84', '1', '1', '1', '1', '1', '1', '1', '1', '1', '1', '1', '1', 'ENE', 'DIC');
INSERT INTO `porcentajep` VALUES ('85', '0', '0', '1', '0', '0', '1', '0', '0', '1', '0', '1', '0', 'MAR', 'NOV');
INSERT INTO `porcentajep` VALUES ('86', '0', '0', '1', '0', '0', '1', '0', '0', '0', '0', '0', '0', 'MAR', 'JUN');
INSERT INTO `porcentajep` VALUES ('87', '0', '0', '1', '0', '0', '1', '0', '0', '1', '0', '1', '0', 'MAR', 'NOV');
INSERT INTO `porcentajep` VALUES ('88', '0', '0', '1', '0', '0', '1', '0', '0', '1', '0', '0', '0', 'MAR', 'SEP');
INSERT INTO `porcentajep` VALUES ('89', '0', '0', '0', '1', '0', '0', '0', '0', '0', '1', '0', '0', 'ABR', 'OCT');
INSERT INTO `porcentajep` VALUES ('90', '0', '0', '0', '0', '0', '1', '0', '0', '0', '0', '1', '0', 'JUN', 'NOV');
INSERT INTO `porcentajep` VALUES ('91', '0', '0', '0', '0', '0', '0', '1', '0', '0', '1', '0', '0', 'JUL', 'OCT');
INSERT INTO `porcentajep` VALUES ('92', '0', '0', '0', '0', '0', '0', '1', '0', '0', '0', '1', '0', 'JUL', 'NOV');
INSERT INTO `porcentajep` VALUES ('93', '0', '0', '0', '1', '0', '0', '1', '0', '0', '0', '1', '0', 'ABR', 'NOV');
INSERT INTO `porcentajep` VALUES ('94', '1', '1', '1', '1', '1', '1', '1', '1', '1', '1', '1', '0', 'ENE', 'NOV');
INSERT INTO `porcentajep` VALUES ('95', '1', '1', '1', '1', '1', '1', '1', '1', '1', '1', '1', '0', 'ENE', 'NOV');
INSERT INTO `porcentajep` VALUES ('96', '0', '0', '1', '0', '0', '1', '0', '0', '1', '0', '0', '1', 'MAR', 'DIC');
INSERT INTO `porcentajep` VALUES ('97', '0', '0', '0', '0', '0', '0', '1', '0', '0', '0', '1', '0', 'JUL', 'NOV');
INSERT INTO `porcentajep` VALUES ('98', '0', '1', '0', '0', '1', '0', '0', '1', '0', '0', '1', '0', 'FEB', 'NOV');
INSERT INTO `porcentajep` VALUES ('99', '0', '0', '3', '0', '0', '3', '0', '0', '3', '0', '0', '0', 'MAR', 'SEP');
INSERT INTO `porcentajep` VALUES ('100', '0', '0', '3', '0', '0', '3', '0', '0', '3', '0', '0', '3', 'MAR', 'DIC');
INSERT INTO `porcentajep` VALUES ('101', '0', '1', '0', '0', '0', '0', '0', '1', '0', '0', '0', '1', 'FEB', 'DIC');
INSERT INTO `porcentajep` VALUES ('102', '0', '1', '0', '0', '0', '0', '0', '1', '0', '0', '0', '1', 'FEB', 'DIC');
INSERT INTO `porcentajep` VALUES ('103', '0', '1', '0', '0', '0', '1', '0', '0', '0', '0', '0', '0', 'FEB', 'JUN');
INSERT INTO `porcentajep` VALUES ('104', '0', '1', '0', '0', '0', '0', '0', '1', '1', '0', '0', '1', 'FEB', 'DIC');
INSERT INTO `porcentajep` VALUES ('105', '0', '0', '5', '0', '0', '21', '0', '0', '21', '0', '0', '5', 'MAR', 'DIC');
INSERT INTO `porcentajep` VALUES ('106', '0', '0', '0', '0', '0', '1', '0', '0', '0', '0', '0', '2', 'JUN', 'DIC');
INSERT INTO `porcentajep` VALUES ('107', '0', '0', '0', '0', '0', '0', '0', '1', '0', '0', '0', '0', 'AGO', 'AGO');
INSERT INTO `porcentajep` VALUES ('108', '0', '0', '0', '0', '0', '0', '0', '1', '0', '0', '0', '0', 'AGO', 'AGO');
INSERT INTO `porcentajep` VALUES ('109', '0', '0', '0', '0', '0', '0', '0', '0', '0', '0', '1', '0', 'NOV', 'NOV');
INSERT INTO `porcentajep` VALUES ('110', '0', '0', '0', '0', '0', '0', '0', '0', '0', '0', '1', '0', 'NOV', 'NOV');
INSERT INTO `porcentajep` VALUES ('111', '1', '1', '1', '1', '1', '1', '1', '1', '1', '1', '1', '1', 'ENE', 'DIC');
INSERT INTO `porcentajep` VALUES ('112', '1', '1', '1', '1', '1', '1', '1', '1', '1', '1', '1', '1', 'ENE', 'DIC');
INSERT INTO `porcentajep` VALUES ('113', '3', '3', '3', '3', '3', '3', '3', '3', '3', '3', '3', '3', 'ENE', 'DIC');
INSERT INTO `porcentajep` VALUES ('114', '5', '10', '10', '10', '10', '10', '5', '10', '10', '10', '10', '5', 'ENE', 'DIC');
INSERT INTO `porcentajep` VALUES ('115', '4', '4', '4', '4', '4', '4', '4', '4', '4', '4', '4', '4', 'ENE', 'DIC');
INSERT INTO `porcentajep` VALUES ('116', '1', '1', '1', '1', '1', '1', '1', '1', '1', '1', '1', '1', 'ENE', 'DIC');
INSERT INTO `porcentajep` VALUES ('117', '0', '0', '0', '0', '0', '1', '0', '0', '0', '1', '0', '0', 'JUN', 'OCT');
INSERT INTO `porcentajep` VALUES ('118', '74', '84', '90', '88', '92', '90', '44', '86', '89', '96', '85', '45', 'ENE', 'DIC');
INSERT INTO `porcentajep` VALUES ('119', '1', '1', '1', '1', '1', '1', '1', '1', '1', '1', '1', '1', 'ENE', 'DIC');
INSERT INTO `porcentajep` VALUES ('120', '1', '1', '1', '1', '1', '1', '0', '0', '0', '0', '0', '0', 'ENE', 'JUN');
INSERT INTO `porcentajep` VALUES ('121', '0', '0', '1', '0', '0', '1', '0', '0', '1', '0', '0', '1', 'MAR', 'DIC');
INSERT INTO `porcentajep` VALUES ('122', '0', '0', '0', '1', '0', '0', '0', '0', '0', '0', '0', '0', 'ABR', 'ABR');
INSERT INTO `porcentajep` VALUES ('123', '0', '0', '0', '1', '0', '0', '1', '0', '0', '1', '0', '0', 'ABR', 'OCT');
INSERT INTO `porcentajep` VALUES ('124', '1', '0', '0', '1', '0', '0', '0', '0', '0', '0', '0', '0', 'ENE', 'ABR');
INSERT INTO `porcentajep` VALUES ('125', '0', '0', '0', '1', '0', '0', '1', '0', '0', '1', '0', '0', 'ABR', 'OCT');
INSERT INTO `porcentajep` VALUES ('126', '0', '0', '0', '1', '0', '0', '1', '0', '0', '1', '0', '0', 'ABR', 'OCT');
INSERT INTO `porcentajep` VALUES ('127', '1', '1', '1', '1', '1', '1', '1', '1', '1', '1', '1', '1', 'ENE', 'DIC');
INSERT INTO `porcentajep` VALUES ('128', '2', '2', '2', '2', '2', '2', '2', '2', '2', '2', '2', '2', 'ENE', 'DIC');
INSERT INTO `porcentajep` VALUES ('129', '1', '1', '1', '1', '1', '1', '1', '1', '1', '1', '1', '1', 'ENE', 'DIC');
INSERT INTO `porcentajep` VALUES ('130', '1', '2', '1', '1', '1', '1', '2', '1', '1', '1', '2', '1', 'ENE', 'DIC');
INSERT INTO `porcentajep` VALUES ('131', '1', '1', '1', '1', '1', '1', '0', '1', '1', '1', '1', '0', 'ENE', 'NOV');
INSERT INTO `porcentajep` VALUES ('132', '1', '1', '1', '1', '1', '1', '0', '0', '0', '0', '0', '0', 'ENE', 'JUN');
INSERT INTO `porcentajep` VALUES ('133', '1', '1', '1', '1', '1', '1', '1', '1', '1', '1', '1', '1', 'ENE', 'DIC');
INSERT INTO `porcentajep` VALUES ('134', '1', '1', '1', '1', '1', '1', '1', '1', '1', '1', '1', '1', 'ENE', 'DIC');
INSERT INTO `porcentajep` VALUES ('135', '0', '1', '1', '1', '1', '1', '1', '1', '1', '1', '1', '1', 'FEB', 'DIC');
INSERT INTO `porcentajep` VALUES ('136', '1', '1', '1', '1', '1', '1', '1', '1', '1', '1', '1', '1', 'ENE', 'DIC');
INSERT INTO `porcentajep` VALUES ('137', '0', '1', '1', '1', '1', '1', '1', '1', '1', '1', '1', '1', 'FEB', 'DIC');
INSERT INTO `porcentajep` VALUES ('138', '1', '1', '1', '1', '1', '1', '1', '1', '1', '1', '1', '1', 'ENE', 'DIC');
INSERT INTO `porcentajep` VALUES ('139', '0', '1', '1', '1', '1', '1', '1', '1', '1', '1', '1', '1', 'FEB', 'DIC');
INSERT INTO `porcentajep` VALUES ('140', '1', '1', '1', '1', '0', '0', '0', '0', '0', '0', '0', '0', 'ENE', 'ABR');
INSERT INTO `porcentajep` VALUES ('141', '0', '0', '1', '0', '0', '0', '0', '0', '0', '0', '1', '0', 'MAR', 'NOV');
INSERT INTO `porcentajep` VALUES ('142', '0', '0', '1', '0', '0', '1', '0', '0', '0', '0', '0', '0', 'MAR', 'JUN');
INSERT INTO `porcentajep` VALUES ('143', '1', '0', '0', '0', '0', '0', '0', '0', '0', '0', '0', '0', 'ENE', 'ENE');
INSERT INTO `porcentajep` VALUES ('144', '0', '1', '0', '0', '0', '0', '0', '0', '0', '0', '0', '0', 'FEB', 'FEB');
INSERT INTO `porcentajep` VALUES ('145', '0', '0', '0', '1', '0', '0', '1', '0', '0', '1', '0', '0', 'ABR', 'OCT');
INSERT INTO `porcentajep` VALUES ('146', '0', '0', '0', '0', '0', '0', '0', '1', '0', '0', '0', '0', 'AGO', 'AGO');
INSERT INTO `porcentajep` VALUES ('147', '0', '0', '0', '0', '0', '0', '0', '1', '0', '0', '0', '0', 'AGO', 'AGO');
INSERT INTO `porcentajep` VALUES ('148', '0', '0', '0', '0', '0', '0', '0', '0', '1', '0', '0', '0', 'SEP', 'SEP');
INSERT INTO `porcentajep` VALUES ('149', '1', '0', '0', '0', '0', '0', '0', '0', '0', '0', '0', '0', 'ENE', 'ENE');
INSERT INTO `porcentajep` VALUES ('150', '1', '0', '0', '1', '0', '0', '1', '0', '0', '1', '0', '0', 'ENE', 'OCT');
INSERT INTO `porcentajep` VALUES ('151', '1', '1', '1', '1', '1', '1', '1', '1', '1', '1', '1', '1', 'ENE', 'DIC');
INSERT INTO `porcentajep` VALUES ('152', '0', '0', '0', '1', '0', '0', '0', '0', '0', '0', '0', '0', 'ABR', 'ABR');
INSERT INTO `porcentajep` VALUES ('153', '1', '1', '1', '1', '1', '1', '1', '1', '1', '1', '1', '1', 'ENE', 'DIC');
INSERT INTO `porcentajep` VALUES ('154', '1', '1', '1', '1', '1', '1', '1', '1', '1', '1', '1', '1', 'ENE', 'DIC');
INSERT INTO `porcentajep` VALUES ('155', '1', '1', '1', '1', '1', '1', '1', '1', '1', '1', '1', '1', 'ENE', 'DIC');
INSERT INTO `porcentajep` VALUES ('156', '1', '1', '1', '1', '1', '1', '1', '1', '1', '1', '1', '1', 'ENE', 'DIC');
INSERT INTO `porcentajep` VALUES ('157', '0', '0', '1', '0', '0', '1', '0', '0', '1', '0', '0', '1', 'MAR', 'DIC');
INSERT INTO `porcentajep` VALUES ('158', '0', '0', '0', '1', '0', '0', '1', '0', '0', '1', '0', '0', 'ABR', 'OCT');
INSERT INTO `porcentajep` VALUES ('159', '0', '0', '0', '0', '0', '1', '0', '0', '0', '0', '0', '1', 'JUN', 'DIC');
INSERT INTO `porcentajep` VALUES ('160', '1', '0', '0', '1', '0', '0', '1', '0', '0', '1', '0', '0', 'ENE', 'OCT');
INSERT INTO `porcentajep` VALUES ('161', '2', '2', '1', '2', '1', '1', '2', '1', '2', '2', '1', '1', 'ENE', 'DIC');
INSERT INTO `porcentajep` VALUES ('162', '3', '3', '3', '3', '3', '3', '3', '3', '3', '3', '3', '3', 'ENE', 'DIC');
INSERT INTO `porcentajep` VALUES ('163', '15', '15', '15', '15', '15', '15', '15', '15', '15', '15', '15', '15', 'ENE', 'DIC');
INSERT INTO `porcentajep` VALUES ('164', '1', '1', '1', '1', '1', '1', '1', '1', '1', '1', '1', '1', 'ENE', 'DIC');
INSERT INTO `porcentajep` VALUES ('165', '1', '1', '1', '1', '1', '1', '1', '1', '1', '1', '1', '1', 'ENE', 'DIC');
INSERT INTO `porcentajep` VALUES ('166', '1', '1', '1', '1', '1', '1', '1', '1', '1', '1', '1', '1', 'ENE', 'DIC');
INSERT INTO `porcentajep` VALUES ('167', '28', '28', '14', '28', '14', '14', '28', '14', '28', '28', '14', '14', 'ENE', 'DIC');
INSERT INTO `porcentajep` VALUES ('168', '2', '2', '1', '2', '1', '1', '2', '1', '2', '2', '1', '1', 'ENE', 'DIC');
INSERT INTO `porcentajep` VALUES ('169', '4', '2', '1', '2', '1', '1', '1', '1', '3', '1', '1', '1', 'ENE', 'DIC');
INSERT INTO `porcentajep` VALUES ('170', '28', '28', '14', '28', '14', '14', '28', '14', '28', '28', '14', '14', 'ENE', 'DIC');
INSERT INTO `porcentajep` VALUES ('171', '28', '28', '14', '28', '14', '14', '28', '14', '28', '28', '14', '14', 'ENE', 'DIC');
INSERT INTO `porcentajep` VALUES ('172', '3', '3', '3', '3', '3', '3', '3', '3', '3', '3', '3', '3', 'ENE', 'DIC');
INSERT INTO `porcentajep` VALUES ('173', '28', '28', '14', '28', '14', '14', '28', '14', '28', '28', '14', '14', 'ENE', 'DIC');
INSERT INTO `porcentajep` VALUES ('174', '1', '1', '1', '1', '1', '1', '1', '1', '1', '1', '1', '1', 'ENE', 'DIC');
INSERT INTO `porcentajep` VALUES ('175', '3', '3', '3', '3', '3', '3', '3', '3', '3', '3', '3', '3', 'ENE', 'DIC');
INSERT INTO `porcentajep` VALUES ('176', '1', '1', '1', '1', '1', '1', '1', '1', '1', '1', '1', '1', 'ENE', 'DIC');
INSERT INTO `porcentajep` VALUES ('177', '1', '1', '1', '1', '1', '1', '1', '1', '1', '1', '1', '1', 'ENE', 'DIC');
INSERT INTO `porcentajep` VALUES ('178', '1', '1', '1', '1', '1', '1', '1', '1', '1', '1', '1', '1', 'ENE', 'DIC');
INSERT INTO `porcentajep` VALUES ('179', '1', '1', '1', '0', '0', '0', '0', '0', '0', '0', '0', '0', 'ENE', 'MAR');
INSERT INTO `porcentajep` VALUES ('180', '0', '0', '0', '1', '1', '1', '1', '1', '1', '1', '0', '0', 'ABR', 'OCT');
INSERT INTO `porcentajep` VALUES ('181', '2', '0', '0', '1', '0', '0', '1', '0', '0', '1', '0', '0', 'ENE', 'OCT');
INSERT INTO `porcentajep` VALUES ('182', '1', '0', '0', '0', '0', '0', '1', '0', '0', '0', '0', '0', 'ENE', 'JUL');
INSERT INTO `porcentajep` VALUES ('183', '0', '0', '1', '0', '0', '1', '0', '0', '1', '0', '0', '0', 'MAR', 'SEP');
INSERT INTO `porcentajep` VALUES ('184', '0', '0', '0', '0', '1', '0', '0', '0', '0', '0', '0', '0', 'MAY', 'MAY');
INSERT INTO `porcentajep` VALUES ('185', '0', '1', '0', '0', '0', '0', '1', '0', '0', '0', '1', '0', 'FEB', 'NOV');
INSERT INTO `porcentajep` VALUES ('186', '0', '1', '0', '0', '0', '0', '0', '0', '0', '0', '1', '0', 'FEB', 'NOV');
INSERT INTO `porcentajep` VALUES ('187', '0', '0', '1', '0', '0', '0', '0', '0', '0', '0', '0', '1', 'MAR', 'DIC');
INSERT INTO `porcentajep` VALUES ('188', '0', '0', '1', '0', '0', '0', '0', '0', '0', '0', '1', '0', 'MAR', 'NOV');
INSERT INTO `porcentajep` VALUES ('189', '0', '0', '0', '1', '0', '0', '0', '0', '0', '1', '0', '0', 'ABR', 'OCT');
INSERT INTO `porcentajep` VALUES ('190', '0', '0', '0', '0', '1', '0', '0', '0', '0', '0', '1', '0', 'MAY', 'NOV');
INSERT INTO `porcentajep` VALUES ('191', '1', '0', '0', '0', '1', '0', '0', '0', '0', '0', '1', '0', 'ENE', 'NOV');
INSERT INTO `porcentajep` VALUES ('192', '0', '1', '0', '0', '0', '1', '0', '0', '0', '0', '0', '0', 'FEB', 'JUN');
INSERT INTO `porcentajep` VALUES ('193', '0', '1', '0', '0', '0', '0', '0', '1', '0', '0', '0', '0', 'FEB', 'AGO');
INSERT INTO `porcentajep` VALUES ('194', '0', '0', '1', '0', '0', '1', '0', '0', '0', '0', '1', '0', 'MAR', 'NOV');
INSERT INTO `porcentajep` VALUES ('195', '0', '0', '1', '0', '0', '0', '1', '0', '0', '0', '1', '0', 'MAR', 'NOV');
INSERT INTO `porcentajep` VALUES ('196', '1', '0', '0', '0', '0', '0', '0', '1', '0', '0', '0', '0', 'ENE', 'AGO');
INSERT INTO `porcentajep` VALUES ('197', '0', '1', '0', '1', '0', '0', '0', '1', '0', '0', '0', '0', 'FEB', 'AGO');
INSERT INTO `porcentajep` VALUES ('198', '0', '0', '1', '0', '0', '0', '0', '1', '0', '0', '0', '0', 'MAR', 'AGO');
INSERT INTO `porcentajep` VALUES ('199', '0', '0', '0', '0', '1', '0', '0', '0', '1', '0', '0', '0', 'MAY', 'SEP');
INSERT INTO `porcentajep` VALUES ('200', '0', '0', '0', '0', '0', '0', '1', '0', '0', '0', '0', '0', 'JUL', 'JUL');
INSERT INTO `porcentajep` VALUES ('201', '0', '0', '0', '0', '0', '0', '0', '0', '0', '1', '0', '0', 'OCT', 'OCT');
INSERT INTO `porcentajep` VALUES ('202', '0', '1', '0', '0', '0', '0', '0', '0', '0', '0', '0', '0', 'FEB', 'FEB');
INSERT INTO `porcentajep` VALUES ('203', '0', '0', '1', '0', '0', '0', '0', '0', '0', '0', '0', '0', 'MAR', 'MAR');
INSERT INTO `porcentajep` VALUES ('204', '0', '0', '0', '1', '0', '0', '0', '0', '0', '0', '0', '0', 'ABR', 'ABR');
INSERT INTO `porcentajep` VALUES ('205', '0', '0', '0', '1', '0', '0', '0', '0', '0', '0', '0', '0', 'ABR', 'ABR');
INSERT INTO `porcentajep` VALUES ('206', '0', '0', '0', '0', '0', '0', '0', '1', '0', '0', '0', '0', 'AGO', 'AGO');
INSERT INTO `porcentajep` VALUES ('207', '0', '0', '0', '0', '0', '0', '0', '0', '1', '0', '0', '0', 'SEP', 'SEP');
INSERT INTO `porcentajep` VALUES ('208', '0', '0', '0', '0', '0', '0', '0', '0', '0', '1', '0', '0', 'OCT', 'OCT');
INSERT INTO `porcentajep` VALUES ('209', '0', '0', '0', '0', '0', '0', '0', '0', '0', '0', '1', '0', 'NOV', 'NOV');
INSERT INTO `porcentajep` VALUES ('210', '0', '0', '0', '0', '0', '0', '0', '0', '0', '0', '0', '1', 'DIC', 'DIC');
INSERT INTO `porcentajep` VALUES ('211', '1', '0', '0', '0', '0', '0', '0', '0', '0', '0', '0', '0', 'ENE', 'ENE');
INSERT INTO `porcentajep` VALUES ('212', '3', '0', '0', '0', '0', '0', '2', '0', '0', '0', '0', '0', 'ENE', 'JUL');
INSERT INTO `porcentajep` VALUES ('213', '16', '0', '0', '16', '0', '0', '16', '0', '0', '16', '0', '0', 'ENE', 'OCT');
INSERT INTO `porcentajep` VALUES ('214', '17', '0', '0', '0', '0', '0', '0', '0', '0', '0', '0', '17', 'ENE', 'DIC');
INSERT INTO `porcentajep` VALUES ('215', '1', '1', '1', '1', '1', '1', '1', '1', '1', '1', '1', '1', 'ENE', 'DIC');
INSERT INTO `porcentajep` VALUES ('216', '1', '1', '1', '1', '1', '1', '1', '1', '1', '1', '1', '1', 'ENE', 'DIC');
INSERT INTO `porcentajep` VALUES ('217', '0', '0', '16', '0', '0', '0', '16', '0', '0', '0', '16', '0', 'MAR', 'NOV');
INSERT INTO `porcentajep` VALUES ('218', '16', '0', '0', '0', '0', '0', '16', '0', '0', '0', '0', '0', 'ENE', 'JUL');
INSERT INTO `porcentajep` VALUES ('219', '0', '0', '1', '0', '0', '1', '0', '0', '1', '0', '0', '0', 'MAR', 'SEP');
INSERT INTO `porcentajep` VALUES ('220', '1', '0', '0', '0', '0', '0', '0', '0', '0', '0', '0', '0', 'ENE', 'ENE');
INSERT INTO `porcentajep` VALUES ('221', '0', '1', '0', '0', '1', '0', '0', '1', '0', '0', '1', '0', 'FEB', 'NOV');
INSERT INTO `porcentajep` VALUES ('222', '0', '0', '16', '0', '0', '0', '0', '0', '16', '0', '0', '0', 'MAR', 'SEP');
INSERT INTO `porcentajep` VALUES ('223', '1', '0', '0', '0', '0', '0', '0', '0', '0', '0', '0', '0', 'ENE', 'ENE');
INSERT INTO `porcentajep` VALUES ('224', '1', '0', '0', '0', '0', '1', '0', '0', '0', '0', '0', '0', 'ENE', 'JUN');
INSERT INTO `porcentajep` VALUES ('225', '0', '1', '0', '0', '1', '0', '0', '1', '0', '0', '0', '0', 'FEB', 'AGO');
INSERT INTO `porcentajep` VALUES ('226', '0', '0', '1', '0', '0', '1', '0', '0', '0', '1', '0', '0', 'MAR', 'OCT');
INSERT INTO `porcentajep` VALUES ('227', '0', '0', '0', '17', '17', '0', '0', '0', '0', '0', '0', '0', 'ABR', 'MAY');
INSERT INTO `porcentajep` VALUES ('228', '0', '0', '0', '0', '0', '0', '0', '0', '1', '0', '0', '0', 'SEP', 'SEP');
INSERT INTO `porcentajep` VALUES ('229', '1', '1', '1', '1', '1', '1', '1', '1', '1', '1', '1', '1', 'ENE', 'DIC');
INSERT INTO `porcentajep` VALUES ('230', '1', '2', '1', '1', '2', '1', '1', '2', '1', '1', '2', '1', 'ENE', 'DIC');
INSERT INTO `porcentajep` VALUES ('231', '10', '23', '23', '23', '22', '22', '15', '15', '22', '23', '23', '15', 'ENE', 'DIC');
INSERT INTO `porcentajep` VALUES ('232', '1', '1', '1', '1', '1', '1', '1', '1', '0', '0', '0', '0', 'ENE', 'AGO');
INSERT INTO `porcentajep` VALUES ('233', '0', '1', '1', '1', '1', '1', '1', '1', '1', '1', '1', '0', 'FEB', 'NOV');
INSERT INTO `porcentajep` VALUES ('234', '0', '1', '0', '0', '1', '0', '0', '1', '0', '0', '1', '0', 'FEB', 'NOV');
INSERT INTO `porcentajep` VALUES ('235', '0', '1', '0', '0', '1', '0', '0', '1', '0', '0', '1', '0', 'FEB', 'NOV');
INSERT INTO `porcentajep` VALUES ('236', '1', '1', '1', '1', '1', '1', '1', '1', '1', '1', '1', '1', 'ENE', 'DIC');
INSERT INTO `porcentajep` VALUES ('237', '1', '1', '1', '1', '110', '1', '1', '1', '1', '1', '1', '1', 'ENE', 'DIC');
INSERT INTO `porcentajep` VALUES ('238', '250', '0', '98', '0', '85', '0', '0', '70', '0', '50', '0', '0', 'ENE', 'OCT');
INSERT INTO `porcentajep` VALUES ('239', '0', '0', '25', '0', '10', '0', '0', '9', '0', '7', '0', '0', 'MAR', 'OCT');
INSERT INTO `porcentajep` VALUES ('240', '0', '0', '250', '0', '98', '0', '0', '85', '0', '70', '0', '0', 'MAR', 'OCT');
INSERT INTO `porcentajep` VALUES ('241', '0', '0', '0', '0', '0', '1', '0', '0', '0', '0', '0', '0', 'JUN', 'JUN');
INSERT INTO `porcentajep` VALUES ('242', '0', '1', '1', '1', '1', '0', '0', '0', '0', '0', '0', '0', 'FEB', 'MAY');
INSERT INTO `porcentajep` VALUES ('243', '0', '0', '0', '0', '1', '1', '1', '1', '0', '0', '0', '0', 'MAY', 'AGO');
INSERT INTO `porcentajep` VALUES ('244', '0', '0', '0', '0', '0', '0', '0', '1', '1', '1', '1', '0', 'AGO', 'NOV');
INSERT INTO `porcentajep` VALUES ('245', '0', '0', '1', '0', '0', '0', '0', '0', '0', '0', '0', '0', 'MAR', 'MAR');
INSERT INTO `porcentajep` VALUES ('246', '0', '0', '0', '1', '0', '0', '0', '0', '0', '0', '0', '0', 'ABR', 'ABR');
INSERT INTO `porcentajep` VALUES ('247', '0', '0', '0', '0', '1', '0', '0', '0', '0', '0', '0', '0', 'MAY', 'MAY');
INSERT INTO `porcentajep` VALUES ('248', '0', '0', '0', '0', '0', '0', '0', '1', '0', '0', '0', '0', 'AGO', 'AGO');
INSERT INTO `porcentajep` VALUES ('249', '0', '0', '0', '0', '0', '0', '0', '0', '1', '0', '0', '0', 'SEP', 'SEP');
INSERT INTO `porcentajep` VALUES ('250', '0', '1', '0', '0', '0', '0', '1', '0', '0', '0', '1', '0', 'FEB', 'NOV');
INSERT INTO `porcentajep` VALUES ('251', '0', '0', '0', '0', '0', '0', '0', '1', '0', '0', '0', '0', 'AGO', 'AGO');
INSERT INTO `porcentajep` VALUES ('252', '0', '0', '0', '0', '0', '0', '0', '1', '0', '0', '0', '0', 'AGO', 'AGO');
INSERT INTO `porcentajep` VALUES ('253', '0', '0', '0', '1', '0', '0', '0', '0', '0', '0', '0', '0', 'ABR', 'ABR');
INSERT INTO `porcentajep` VALUES ('254', '0', '0', '0', '0', '0', '1', '0', '0', '0', '0', '0', '1', 'JUN', 'DIC');
INSERT INTO `porcentajep` VALUES ('255', '0', '0', '1', '0', '0', '1', '0', '0', '1', '0', '0', '1', 'MAR', 'DIC');
INSERT INTO `porcentajep` VALUES ('256', '0', '0', '0', '1', '0', '0', '0', '0', '0', '0', '0', '0', 'ABR', 'ABR');
INSERT INTO `porcentajep` VALUES ('257', '11', '0', '0', '0', '0', '0', '0', '0', '0', '0', '0', '0', 'ENE', 'ENE');
INSERT INTO `porcentajep` VALUES ('258', '1', '1', '1', '1', '1', '1', '1', '1', '1', '1', '1', '1', 'ENE', 'DIC');

-- ----------------------------
-- Table structure for `porcentajer`
-- ----------------------------
DROP TABLE IF EXISTS `porcentajer`;
CREATE TABLE `porcentajer` (
  `idporcentajer` int(5) DEFAULT NULL,
  `ener` int(5) DEFAULT NULL,
  `febr` int(5) DEFAULT NULL,
  `marr` int(5) DEFAULT NULL,
  `abrr` int(5) DEFAULT NULL,
  `mayr` int(5) DEFAULT NULL,
  `junr` int(5) DEFAULT NULL,
  `julr` int(5) DEFAULT NULL,
  `agor` int(5) DEFAULT NULL,
  `sepr` int(5) DEFAULT NULL,
  `octr` int(5) DEFAULT NULL,
  `novr` int(5) DEFAULT NULL,
  `dicr` int(5) DEFAULT NULL,
  `autoactividades` int(5) DEFAULT NULL
) ENGINE=InnoDB DEFAULT CHARSET=utf8;

-- ----------------------------
-- Records of porcentajer
-- ----------------------------
INSERT INTO `porcentajer` VALUES ('1', '0', '0', '0', '0', '0', '0', '0', '0', '0', '0', '0', '0', '1');
INSERT INTO `porcentajer` VALUES ('2', '0', '0', '0', '0', '0', '0', '0', '0', '0', '0', '0', '0', '2');
INSERT INTO `porcentajer` VALUES ('3', '0', '0', '0', '0', '0', '0', '0', '0', '0', '0', '0', '0', '3');
INSERT INTO `porcentajer` VALUES ('4', '0', '0', '0', '0', '0', '0', '0', '0', '0', '0', '0', '0', '4');
INSERT INTO `porcentajer` VALUES ('5', '0', '0', '0', '0', '0', '0', '0', '0', '0', '0', '0', '0', '5');
INSERT INTO `porcentajer` VALUES ('6', '0', '0', '0', '0', '0', '0', '0', '0', '0', '0', '0', '0', '6');
INSERT INTO `porcentajer` VALUES ('7', '0', '0', '0', '0', '0', '0', '0', '0', '0', '0', '0', '0', '7');
INSERT INTO `porcentajer` VALUES ('8', '0', '0', '0', '0', '0', '0', '0', '0', '0', '0', '0', '0', '8');
INSERT INTO `porcentajer` VALUES ('9', '0', '0', '0', '0', '0', '0', '0', '0', '0', '0', '0', '0', '9');
INSERT INTO `porcentajer` VALUES ('10', '0', '0', '0', '0', '0', '0', '0', '0', '0', '0', '0', '0', '10');
INSERT INTO `porcentajer` VALUES ('11', '0', '0', '0', '0', '0', '0', '0', '0', '0', '0', '0', '0', '11');
INSERT INTO `porcentajer` VALUES ('12', '0', '0', '0', '0', '0', '0', '0', '0', '0', '0', '0', '0', '12');
INSERT INTO `porcentajer` VALUES ('13', '0', '0', '0', '0', '0', '0', '0', '0', '0', '0', '0', '0', '13');
INSERT INTO `porcentajer` VALUES ('14', '0', '0', '0', '0', '0', '0', '0', '0', '0', '0', '0', '0', '14');
INSERT INTO `porcentajer` VALUES ('15', '0', '0', '0', '0', '0', '0', '0', '0', '0', '0', '0', '0', '15');
INSERT INTO `porcentajer` VALUES ('16', '0', '0', '0', '0', '0', '0', '0', '0', '0', '0', '0', '0', '16');
INSERT INTO `porcentajer` VALUES ('17', '0', '0', '0', '0', '0', '0', '0', '0', '0', '0', '0', '0', '17');
INSERT INTO `porcentajer` VALUES ('18', '0', '0', '0', '0', '0', '0', '0', '0', '0', '0', '0', '0', '18');
INSERT INTO `porcentajer` VALUES ('19', '0', '0', '0', '0', '0', '0', '0', '0', '0', '0', '0', '0', '19');
INSERT INTO `porcentajer` VALUES ('20', '0', '0', '0', '0', '0', '0', '0', '0', '0', '0', '0', '0', '20');
INSERT INTO `porcentajer` VALUES ('21', '0', '0', '0', '0', '0', '0', '0', '0', '0', '0', '0', '0', '21');
INSERT INTO `porcentajer` VALUES ('22', '0', '0', '0', '0', '0', '0', '0', '0', '0', '0', '0', '0', '22');
INSERT INTO `porcentajer` VALUES ('23', '0', '0', '0', '0', '0', '0', '0', '0', '0', '0', '0', '0', '23');
INSERT INTO `porcentajer` VALUES ('24', '0', '0', '0', '0', '0', '0', '0', '0', '0', '0', '0', '0', '24');
INSERT INTO `porcentajer` VALUES ('25', '0', '0', '0', '0', '0', '0', '0', '0', '0', '0', '0', '0', '25');
INSERT INTO `porcentajer` VALUES ('26', '0', '0', '0', '0', '0', '0', '0', '0', '0', '0', '0', '0', '26');
INSERT INTO `porcentajer` VALUES ('27', '0', '0', '0', '0', '0', '0', '0', '0', '0', '0', '0', '0', '27');
INSERT INTO `porcentajer` VALUES ('28', '0', '0', '0', '0', '0', '0', '0', '0', '0', '0', '0', '0', '28');
INSERT INTO `porcentajer` VALUES ('29', '0', '0', '0', '0', '0', '0', '0', '0', '0', '0', '0', '0', '29');
INSERT INTO `porcentajer` VALUES ('30', '0', '0', '0', '0', '0', '0', '0', '0', '0', '0', '0', '0', '30');
INSERT INTO `porcentajer` VALUES ('31', '0', '0', '0', '0', '0', '0', '0', '0', '0', '0', '0', '0', '31');
INSERT INTO `porcentajer` VALUES ('32', '0', '0', '0', '0', '0', '0', '0', '0', '0', '0', '0', '0', '32');
INSERT INTO `porcentajer` VALUES ('33', '0', '0', '0', '0', '0', '0', '0', '0', '0', '0', '0', '0', '33');
INSERT INTO `porcentajer` VALUES ('34', '0', '0', '0', '0', '0', '0', '0', '0', '0', '0', '0', '0', '34');
INSERT INTO `porcentajer` VALUES ('35', '0', '0', '0', '0', '0', '0', '0', '0', '0', '0', '0', '0', '35');
INSERT INTO `porcentajer` VALUES ('36', '0', '0', '0', '0', '0', '0', '0', '0', '0', '0', '0', '0', '36');
INSERT INTO `porcentajer` VALUES ('37', '0', '0', '0', '0', '0', '0', '0', '0', '0', '0', '0', '0', '37');
INSERT INTO `porcentajer` VALUES ('38', '0', '0', '0', '0', '0', '0', '0', '0', '0', '0', '0', '0', '38');
INSERT INTO `porcentajer` VALUES ('39', '0', '0', '0', '0', '0', '0', '0', '0', '0', '0', '0', '0', '39');
INSERT INTO `porcentajer` VALUES ('40', '0', '0', '0', '0', '0', '0', '0', '0', '0', '0', '0', '0', '40');
INSERT INTO `porcentajer` VALUES ('41', '0', '0', '0', '0', '0', '0', '0', '0', '0', '0', '0', '0', '41');
INSERT INTO `porcentajer` VALUES ('42', '0', '0', '0', '0', '0', '0', '0', '0', '0', '0', '0', '0', '42');
INSERT INTO `porcentajer` VALUES ('43', '0', '0', '0', '0', '0', '0', '0', '0', '0', '0', '0', '0', '43');
INSERT INTO `porcentajer` VALUES ('44', '0', '0', '0', '0', '0', '0', '0', '0', '0', '0', '0', '0', '44');
INSERT INTO `porcentajer` VALUES ('45', '0', '0', '0', '0', '0', '0', '0', '0', '0', '0', '0', '0', '45');
INSERT INTO `porcentajer` VALUES ('46', '0', '0', '0', '0', '0', '0', '0', '0', '0', '0', '0', '0', '46');
INSERT INTO `porcentajer` VALUES ('47', '0', '0', '0', '0', '0', '0', '0', '0', '0', '0', '0', '0', '47');
INSERT INTO `porcentajer` VALUES ('48', '0', '0', '0', '0', '0', '0', '0', '0', '0', '0', '0', '0', '48');
INSERT INTO `porcentajer` VALUES ('49', '0', '0', '0', '0', '0', '0', '0', '0', '0', '0', '0', '0', '49');
INSERT INTO `porcentajer` VALUES ('50', '0', '0', '0', '0', '0', '0', '0', '0', '0', '0', '0', '0', '50');
INSERT INTO `porcentajer` VALUES ('51', '0', '0', '0', '0', '0', '0', '0', '0', '0', '0', '0', '0', '51');
INSERT INTO `porcentajer` VALUES ('52', '0', '0', '0', '0', '0', '0', '0', '0', '0', '0', '0', '0', '52');
INSERT INTO `porcentajer` VALUES ('53', '0', '0', '0', '0', '0', '0', '0', '0', '0', '0', '0', '0', '53');
INSERT INTO `porcentajer` VALUES ('54', '0', '0', '0', '0', '0', '0', '0', '0', '0', '0', '0', '0', '54');
INSERT INTO `porcentajer` VALUES ('55', '0', '0', '0', '0', '0', '0', '0', '0', '0', '0', '0', '0', '55');
INSERT INTO `porcentajer` VALUES ('56', '0', '0', '0', '0', '0', '0', '0', '0', '0', '0', '0', '0', '56');
INSERT INTO `porcentajer` VALUES ('57', '0', '0', '0', '0', '0', '0', '0', '0', '0', '0', '0', '0', '57');
INSERT INTO `porcentajer` VALUES ('58', '0', '0', '0', '0', '0', '0', '0', '0', '0', '0', '0', '0', '58');
INSERT INTO `porcentajer` VALUES ('59', '0', '0', '0', '0', '0', '0', '0', '0', '0', '0', '0', '0', '59');
INSERT INTO `porcentajer` VALUES ('60', '0', '0', '0', '0', '0', '0', '0', '0', '0', '0', '0', '0', '60');
INSERT INTO `porcentajer` VALUES ('61', '0', '0', '0', '0', '0', '0', '0', '0', '0', '0', '0', '0', '61');
INSERT INTO `porcentajer` VALUES ('62', '0', '0', '0', '0', '0', '0', '0', '0', '0', '0', '0', '0', '62');
INSERT INTO `porcentajer` VALUES ('63', '0', '0', '0', '0', '0', '0', '0', '0', '0', '0', '0', '0', '63');
INSERT INTO `porcentajer` VALUES ('64', '0', '0', '0', '0', '0', '0', '0', '0', '0', '0', '0', '0', '64');
INSERT INTO `porcentajer` VALUES ('65', '0', '0', '0', '0', '0', '0', '0', '0', '0', '0', '0', '0', '65');
INSERT INTO `porcentajer` VALUES ('66', '0', '0', '0', '0', '0', '0', '0', '0', '0', '0', '0', '0', '66');
INSERT INTO `porcentajer` VALUES ('67', '0', '0', '0', '0', '0', '0', '0', '0', '0', '0', '0', '0', '67');
INSERT INTO `porcentajer` VALUES ('68', '0', '0', '0', '0', '0', '0', '0', '0', '0', '0', '0', '0', '68');
INSERT INTO `porcentajer` VALUES ('69', '0', '0', '0', '0', '0', '0', '0', '0', '0', '0', '0', '0', '69');
INSERT INTO `porcentajer` VALUES ('70', '0', '0', '0', '0', '0', '0', '0', '0', '0', '0', '0', '0', '70');
INSERT INTO `porcentajer` VALUES ('71', '0', '0', '0', '0', '0', '0', '0', '0', '0', '0', '0', '0', '71');
INSERT INTO `porcentajer` VALUES ('72', '0', '0', '0', '0', '0', '0', '0', '0', '0', '0', '0', '0', '72');
INSERT INTO `porcentajer` VALUES ('73', '0', '0', '0', '0', '0', '0', '0', '0', '0', '0', '0', '0', '73');
INSERT INTO `porcentajer` VALUES ('74', '0', '0', '0', '0', '0', '0', '0', '0', '0', '0', '0', '0', '74');
INSERT INTO `porcentajer` VALUES ('75', '0', '0', '0', '0', '0', '0', '0', '0', '0', '0', '0', '0', '75');
INSERT INTO `porcentajer` VALUES ('76', '0', '0', '0', '0', '0', '0', '0', '0', '0', '0', '0', '0', '76');
INSERT INTO `porcentajer` VALUES ('77', '0', '0', '0', '0', '0', '0', '0', '0', '0', '0', '0', '0', '77');
INSERT INTO `porcentajer` VALUES ('78', '0', '0', '0', '0', '0', '0', '0', '0', '0', '0', '0', '0', '78');
INSERT INTO `porcentajer` VALUES ('79', '0', '0', '0', '0', '0', '0', '0', '0', '0', '0', '0', '0', '79');
INSERT INTO `porcentajer` VALUES ('80', '0', '0', '0', '0', '0', '0', '0', '0', '0', '0', '0', '0', '80');
INSERT INTO `porcentajer` VALUES ('81', '0', '0', '0', '0', '0', '0', '0', '0', '0', '0', '0', '0', '81');
INSERT INTO `porcentajer` VALUES ('82', '0', '0', '0', '0', '0', '0', '0', '0', '0', '0', '0', '0', '82');
INSERT INTO `porcentajer` VALUES ('83', '0', '0', '0', '0', '0', '0', '0', '0', '0', '0', '0', '0', '83');
INSERT INTO `porcentajer` VALUES ('84', '0', '0', '0', '0', '0', '0', '0', '0', '0', '0', '0', '0', '84');
INSERT INTO `porcentajer` VALUES ('85', '0', '0', '0', '0', '0', '0', '0', '0', '0', '0', '0', '0', '85');
INSERT INTO `porcentajer` VALUES ('86', '0', '0', '0', '0', '0', '0', '0', '0', '0', '0', '0', '0', '86');
INSERT INTO `porcentajer` VALUES ('87', '0', '0', '0', '0', '0', '0', '0', '0', '0', '0', '0', '0', '87');
INSERT INTO `porcentajer` VALUES ('88', '0', '0', '0', '0', '0', '0', '0', '0', '0', '0', '0', '0', '88');
INSERT INTO `porcentajer` VALUES ('89', '0', '0', '0', '0', '0', '0', '0', '0', '0', '0', '0', '0', '89');
INSERT INTO `porcentajer` VALUES ('90', '0', '0', '0', '0', '0', '0', '0', '0', '0', '0', '0', '0', '90');
INSERT INTO `porcentajer` VALUES ('91', '0', '0', '0', '0', '0', '0', '0', '0', '0', '0', '0', '0', '91');
INSERT INTO `porcentajer` VALUES ('92', '0', '0', '0', '0', '0', '0', '0', '0', '0', '0', '0', '0', '92');
INSERT INTO `porcentajer` VALUES ('93', '0', '0', '0', '0', '0', '0', '0', '0', '0', '0', '0', '0', '93');
INSERT INTO `porcentajer` VALUES ('94', '0', '0', '0', '0', '0', '0', '0', '0', '0', '0', '0', '0', '94');
INSERT INTO `porcentajer` VALUES ('95', '0', '0', '0', '0', '0', '0', '0', '0', '0', '0', '0', '0', '95');
INSERT INTO `porcentajer` VALUES ('96', '0', '0', '0', '0', '0', '0', '0', '0', '0', '0', '0', '0', '96');
INSERT INTO `porcentajer` VALUES ('97', '0', '0', '0', '0', '0', '0', '0', '0', '0', '0', '0', '0', '97');
INSERT INTO `porcentajer` VALUES ('98', '0', '0', '0', '0', '0', '0', '0', '0', '0', '0', '0', '0', '98');
INSERT INTO `porcentajer` VALUES ('99', '0', '0', '0', '0', '0', '0', '0', '0', '0', '0', '0', '0', '99');
INSERT INTO `porcentajer` VALUES ('100', '0', '0', '0', '0', '0', '0', '0', '0', '0', '0', '0', '0', '100');
INSERT INTO `porcentajer` VALUES ('101', '0', '0', '0', '0', '0', '0', '0', '0', '0', '0', '0', '0', '101');
INSERT INTO `porcentajer` VALUES ('102', '0', '0', '0', '0', '0', '0', '0', '0', '0', '0', '0', '0', '102');
INSERT INTO `porcentajer` VALUES ('103', '0', '0', '0', '0', '0', '0', '0', '0', '0', '0', '0', '0', '103');
INSERT INTO `porcentajer` VALUES ('104', '0', '0', '0', '0', '0', '0', '0', '0', '0', '0', '0', '0', '104');
INSERT INTO `porcentajer` VALUES ('105', '0', '0', '0', '0', '0', '0', '0', '0', '0', '0', '0', '0', '105');
INSERT INTO `porcentajer` VALUES ('106', '0', '0', '0', '0', '0', '0', '0', '0', '0', '0', '0', '0', '106');
INSERT INTO `porcentajer` VALUES ('107', '0', '0', '0', '0', '0', '0', '0', '0', '0', '0', '0', '0', '107');
INSERT INTO `porcentajer` VALUES ('108', '0', '0', '0', '0', '0', '0', '0', '0', '0', '0', '0', '0', '108');
INSERT INTO `porcentajer` VALUES ('109', '0', '0', '0', '0', '0', '0', '0', '0', '0', '0', '0', '0', '109');
INSERT INTO `porcentajer` VALUES ('110', '0', '0', '0', '0', '0', '0', '0', '0', '0', '0', '0', '0', '110');
INSERT INTO `porcentajer` VALUES ('111', '0', '0', '0', '0', '0', '0', '0', '0', '0', '0', '0', '0', '111');
INSERT INTO `porcentajer` VALUES ('112', '0', '0', '0', '0', '0', '0', '0', '0', '0', '0', '0', '0', '112');
INSERT INTO `porcentajer` VALUES ('113', '0', '0', '0', '0', '0', '0', '0', '0', '0', '0', '0', '0', '113');
INSERT INTO `porcentajer` VALUES ('114', '0', '0', '0', '0', '0', '0', '0', '0', '0', '0', '0', '0', '114');
INSERT INTO `porcentajer` VALUES ('115', '0', '0', '0', '0', '0', '0', '0', '0', '0', '0', '0', '0', '115');
INSERT INTO `porcentajer` VALUES ('116', '0', '0', '0', '0', '0', '0', '0', '0', '0', '0', '0', '0', '116');
INSERT INTO `porcentajer` VALUES ('117', '0', '0', '0', '0', '0', '0', '0', '0', '0', '0', '0', '0', '117');
INSERT INTO `porcentajer` VALUES ('118', '0', '0', '0', '0', '0', '0', '0', '0', '0', '0', '0', '0', '118');
INSERT INTO `porcentajer` VALUES ('119', '0', '0', '0', '0', '0', '0', '0', '0', '0', '0', '0', '0', '119');
INSERT INTO `porcentajer` VALUES ('120', '0', '0', '0', '0', '0', '0', '0', '0', '0', '0', '0', '0', '120');
INSERT INTO `porcentajer` VALUES ('121', '0', '0', '0', '0', '0', '0', '0', '0', '0', '0', '0', '0', '121');
INSERT INTO `porcentajer` VALUES ('122', '0', '0', '0', '0', '0', '0', '0', '0', '0', '0', '0', '0', '122');
INSERT INTO `porcentajer` VALUES ('123', '0', '0', '0', '0', '0', '0', '0', '0', '0', '0', '0', '0', '123');
INSERT INTO `porcentajer` VALUES ('124', '0', '0', '0', '0', '0', '0', '0', '0', '0', '0', '0', '0', '124');
INSERT INTO `porcentajer` VALUES ('125', '0', '0', '0', '0', '0', '0', '0', '0', '0', '0', '0', '0', '125');
INSERT INTO `porcentajer` VALUES ('126', '0', '0', '0', '0', '0', '0', '0', '0', '0', '0', '0', '0', '126');
INSERT INTO `porcentajer` VALUES ('127', '0', '0', '0', '0', '0', '0', '0', '0', '0', '0', '0', '0', '127');
INSERT INTO `porcentajer` VALUES ('128', '0', '0', '0', '0', '0', '0', '0', '0', '0', '0', '0', '0', '128');
INSERT INTO `porcentajer` VALUES ('129', '0', '0', '0', '0', '0', '0', '0', '0', '0', '0', '0', '0', '129');
INSERT INTO `porcentajer` VALUES ('130', '0', '0', '0', '0', '0', '0', '0', '0', '0', '0', '0', '0', '130');
INSERT INTO `porcentajer` VALUES ('131', '0', '0', '0', '0', '0', '0', '0', '0', '0', '0', '0', '0', '131');
INSERT INTO `porcentajer` VALUES ('132', '0', '0', '0', '0', '0', '0', '0', '0', '0', '0', '0', '0', '132');
INSERT INTO `porcentajer` VALUES ('133', '0', '0', '0', '0', '0', '0', '0', '0', '0', '0', '0', '0', '133');
INSERT INTO `porcentajer` VALUES ('134', '0', '0', '0', '0', '0', '0', '0', '0', '0', '0', '0', '0', '134');
INSERT INTO `porcentajer` VALUES ('135', '0', '0', '0', '0', '0', '0', '0', '0', '0', '0', '0', '0', '135');
INSERT INTO `porcentajer` VALUES ('136', '0', '0', '0', '0', '0', '0', '0', '0', '0', '0', '0', '0', '136');
INSERT INTO `porcentajer` VALUES ('137', '0', '0', '0', '0', '0', '0', '0', '0', '0', '0', '0', '0', '137');
INSERT INTO `porcentajer` VALUES ('138', '0', '0', '0', '0', '0', '0', '0', '0', '0', '0', '0', '0', '138');
INSERT INTO `porcentajer` VALUES ('139', '0', '0', '0', '0', '0', '0', '0', '0', '0', '0', '0', '0', '139');
INSERT INTO `porcentajer` VALUES ('140', '0', '0', '0', '0', '0', '0', '0', '0', '0', '0', '0', '0', '140');
INSERT INTO `porcentajer` VALUES ('141', '0', '0', '0', '0', '0', '0', '0', '0', '0', '0', '0', '0', '141');
INSERT INTO `porcentajer` VALUES ('142', '0', '0', '0', '0', '0', '0', '0', '0', '0', '0', '0', '0', '142');
INSERT INTO `porcentajer` VALUES ('143', '0', '0', '0', '0', '0', '0', '0', '0', '0', '0', '0', '0', '143');
INSERT INTO `porcentajer` VALUES ('144', '0', '0', '0', '0', '0', '0', '0', '0', '0', '0', '0', '0', '144');
INSERT INTO `porcentajer` VALUES ('145', '0', '0', '0', '0', '0', '0', '0', '0', '0', '0', '0', '0', '145');
INSERT INTO `porcentajer` VALUES ('146', '0', '0', '0', '0', '0', '0', '0', '0', '0', '0', '0', '0', '146');
INSERT INTO `porcentajer` VALUES ('147', '0', '0', '0', '0', '0', '0', '0', '0', '0', '0', '0', '0', '147');
INSERT INTO `porcentajer` VALUES ('148', '0', '0', '0', '0', '0', '0', '0', '0', '0', '0', '0', '0', '148');
INSERT INTO `porcentajer` VALUES ('149', '0', '0', '0', '0', '0', '0', '0', '0', '0', '0', '0', '0', '149');
INSERT INTO `porcentajer` VALUES ('150', '0', '0', '0', '0', '0', '0', '0', '0', '0', '0', '0', '0', '150');
INSERT INTO `porcentajer` VALUES ('151', '0', '0', '0', '0', '0', '0', '0', '0', '0', '0', '0', '0', '151');
INSERT INTO `porcentajer` VALUES ('152', '0', '0', '0', '0', '0', '0', '0', '0', '0', '0', '0', '0', '152');
INSERT INTO `porcentajer` VALUES ('153', '0', '0', '0', '0', '0', '0', '0', '0', '0', '0', '0', '0', '153');
INSERT INTO `porcentajer` VALUES ('154', '0', '0', '0', '0', '0', '0', '0', '0', '0', '0', '0', '0', '154');
INSERT INTO `porcentajer` VALUES ('155', '0', '0', '0', '0', '0', '0', '0', '0', '0', '0', '0', '0', '155');
INSERT INTO `porcentajer` VALUES ('156', '0', '0', '0', '0', '0', '0', '0', '0', '0', '0', '0', '0', '156');
INSERT INTO `porcentajer` VALUES ('157', '0', '0', '0', '0', '0', '0', '0', '0', '0', '0', '0', '0', '157');
INSERT INTO `porcentajer` VALUES ('158', '0', '0', '0', '0', '0', '0', '0', '0', '0', '0', '0', '0', '158');
INSERT INTO `porcentajer` VALUES ('159', '0', '0', '0', '0', '0', '0', '0', '0', '0', '0', '0', '0', '159');
INSERT INTO `porcentajer` VALUES ('160', '0', '0', '0', '0', '0', '0', '0', '0', '0', '0', '0', '0', '160');
INSERT INTO `porcentajer` VALUES ('161', '0', '0', '0', '0', '0', '0', '0', '0', '0', '0', '0', '0', '161');
INSERT INTO `porcentajer` VALUES ('162', '0', '0', '0', '0', '0', '0', '0', '0', '0', '0', '0', '0', '162');
INSERT INTO `porcentajer` VALUES ('163', '0', '0', '0', '0', '0', '0', '0', '0', '0', '0', '0', '0', '163');
INSERT INTO `porcentajer` VALUES ('164', '0', '0', '0', '0', '0', '0', '0', '0', '0', '0', '0', '0', '164');
INSERT INTO `porcentajer` VALUES ('165', '0', '0', '0', '0', '0', '0', '0', '0', '0', '0', '0', '0', '165');
INSERT INTO `porcentajer` VALUES ('166', '0', '0', '0', '0', '0', '0', '0', '0', '0', '0', '0', '0', '166');
INSERT INTO `porcentajer` VALUES ('167', '0', '0', '0', '0', '0', '0', '0', '0', '0', '0', '0', '0', '167');
INSERT INTO `porcentajer` VALUES ('168', '0', '0', '0', '0', '0', '0', '0', '0', '0', '0', '0', '0', '168');
INSERT INTO `porcentajer` VALUES ('169', '0', '0', '0', '0', '0', '0', '0', '0', '0', '0', '0', '0', '169');
INSERT INTO `porcentajer` VALUES ('170', '0', '0', '0', '0', '0', '0', '0', '0', '0', '0', '0', '0', '170');
INSERT INTO `porcentajer` VALUES ('171', '0', '0', '0', '0', '0', '0', '0', '0', '0', '0', '0', '0', '171');
INSERT INTO `porcentajer` VALUES ('172', '0', '0', '0', '0', '0', '0', '0', '0', '0', '0', '0', '0', '172');
INSERT INTO `porcentajer` VALUES ('173', '0', '0', '0', '0', '0', '0', '0', '0', '0', '0', '0', '0', '173');
INSERT INTO `porcentajer` VALUES ('174', '0', '0', '0', '0', '0', '0', '0', '0', '0', '0', '0', '0', '174');
INSERT INTO `porcentajer` VALUES ('175', '0', '0', '0', '0', '0', '0', '0', '0', '0', '0', '0', '0', '175');
INSERT INTO `porcentajer` VALUES ('176', '0', '0', '0', '0', '0', '0', '0', '0', '0', '0', '0', '0', '176');
INSERT INTO `porcentajer` VALUES ('177', '0', '0', '0', '0', '0', '0', '0', '0', '0', '0', '0', '0', '177');
INSERT INTO `porcentajer` VALUES ('178', '0', '0', '0', '0', '0', '0', '0', '0', '0', '0', '0', '0', '178');
INSERT INTO `porcentajer` VALUES ('179', '0', '0', '0', '0', '0', '0', '0', '0', '0', '0', '0', '0', '179');
INSERT INTO `porcentajer` VALUES ('180', '0', '0', '0', '0', '0', '0', '0', '0', '0', '0', '0', '0', '180');
INSERT INTO `porcentajer` VALUES ('181', '0', '0', '0', '0', '0', '0', '0', '0', '0', '0', '0', '0', '181');
INSERT INTO `porcentajer` VALUES ('182', '0', '0', '0', '0', '0', '0', '0', '0', '0', '0', '0', '0', '182');
INSERT INTO `porcentajer` VALUES ('183', '0', '0', '0', '0', '0', '0', '0', '0', '0', '0', '0', '0', '183');
INSERT INTO `porcentajer` VALUES ('184', '0', '0', '0', '0', '0', '0', '0', '0', '0', '0', '0', '0', '184');
INSERT INTO `porcentajer` VALUES ('185', '0', '0', '0', '0', '0', '0', '0', '0', '0', '0', '0', '0', '185');
INSERT INTO `porcentajer` VALUES ('186', '0', '0', '0', '0', '0', '0', '0', '0', '0', '0', '0', '0', '186');
INSERT INTO `porcentajer` VALUES ('187', '0', '0', '0', '0', '0', '0', '0', '0', '0', '0', '0', '0', '187');
INSERT INTO `porcentajer` VALUES ('188', '0', '0', '0', '0', '0', '0', '0', '0', '0', '0', '0', '0', '188');
INSERT INTO `porcentajer` VALUES ('189', '0', '0', '0', '0', '0', '0', '0', '0', '0', '0', '0', '0', '189');
INSERT INTO `porcentajer` VALUES ('190', '0', '0', '0', '0', '0', '0', '0', '0', '0', '0', '0', '0', '190');
INSERT INTO `porcentajer` VALUES ('191', '0', '0', '0', '0', '0', '0', '0', '0', '0', '0', '0', '0', '191');
INSERT INTO `porcentajer` VALUES ('192', '0', '0', '0', '0', '0', '0', '0', '0', '0', '0', '0', '0', '192');
INSERT INTO `porcentajer` VALUES ('193', '0', '0', '0', '0', '0', '0', '0', '0', '0', '0', '0', '0', '193');
INSERT INTO `porcentajer` VALUES ('194', '0', '0', '0', '0', '0', '0', '0', '0', '0', '0', '0', '0', '194');
INSERT INTO `porcentajer` VALUES ('195', '0', '0', '0', '0', '0', '0', '0', '0', '0', '0', '0', '0', '195');
INSERT INTO `porcentajer` VALUES ('196', '0', '0', '0', '0', '0', '0', '0', '0', '0', '0', '0', '0', '196');
INSERT INTO `porcentajer` VALUES ('197', '0', '0', '0', '0', '0', '0', '0', '0', '0', '0', '0', '0', '197');
INSERT INTO `porcentajer` VALUES ('198', '0', '0', '0', '0', '0', '0', '0', '0', '0', '0', '0', '0', '198');
INSERT INTO `porcentajer` VALUES ('199', '0', '0', '0', '0', '0', '0', '0', '0', '0', '0', '0', '0', '199');
INSERT INTO `porcentajer` VALUES ('200', '0', '0', '0', '0', '0', '0', '0', '0', '0', '0', '0', '0', '200');
INSERT INTO `porcentajer` VALUES ('201', '0', '0', '0', '0', '0', '0', '0', '0', '0', '0', '0', '0', '201');
INSERT INTO `porcentajer` VALUES ('202', '0', '0', '0', '0', '0', '0', '0', '0', '0', '0', '0', '0', '202');
INSERT INTO `porcentajer` VALUES ('203', '0', '0', '0', '0', '0', '0', '0', '0', '0', '0', '0', '0', '203');
INSERT INTO `porcentajer` VALUES ('204', '0', '0', '0', '0', '0', '0', '0', '0', '0', '0', '0', '0', '204');
INSERT INTO `porcentajer` VALUES ('205', '0', '0', '0', '0', '0', '0', '0', '0', '0', '0', '0', '0', '205');
INSERT INTO `porcentajer` VALUES ('206', '0', '0', '0', '0', '0', '0', '0', '0', '0', '0', '0', '0', '206');
INSERT INTO `porcentajer` VALUES ('207', '0', '0', '0', '0', '0', '0', '0', '0', '0', '0', '0', '0', '207');
INSERT INTO `porcentajer` VALUES ('208', '0', '0', '0', '0', '0', '0', '0', '0', '0', '0', '0', '0', '208');
INSERT INTO `porcentajer` VALUES ('209', '0', '0', '0', '0', '0', '0', '0', '0', '0', '0', '0', '0', '209');
INSERT INTO `porcentajer` VALUES ('210', '0', '0', '0', '0', '0', '0', '0', '0', '0', '0', '0', '0', '210');
INSERT INTO `porcentajer` VALUES ('211', '0', '0', '0', '0', '0', '0', '0', '0', '0', '0', '0', '0', '211');
INSERT INTO `porcentajer` VALUES ('212', '0', '0', '0', '0', '0', '0', '0', '0', '0', '0', '0', '0', '212');
INSERT INTO `porcentajer` VALUES ('213', '0', '0', '0', '0', '0', '0', '0', '0', '0', '0', '0', '0', '213');
INSERT INTO `porcentajer` VALUES ('214', '0', '0', '0', '0', '0', '0', '0', '0', '0', '0', '0', '0', '214');
INSERT INTO `porcentajer` VALUES ('215', '0', '0', '0', '0', '0', '0', '0', '0', '0', '0', '0', '0', '215');
INSERT INTO `porcentajer` VALUES ('216', '0', '0', '0', '0', '0', '0', '0', '0', '0', '0', '0', '0', '216');
INSERT INTO `porcentajer` VALUES ('217', '0', '0', '0', '0', '0', '0', '0', '0', '0', '0', '0', '0', '217');
INSERT INTO `porcentajer` VALUES ('218', '0', '0', '0', '0', '0', '0', '0', '0', '0', '0', '0', '0', '218');
INSERT INTO `porcentajer` VALUES ('219', '0', '0', '0', '0', '0', '0', '0', '0', '0', '0', '0', '0', '219');
INSERT INTO `porcentajer` VALUES ('220', '0', '0', '0', '0', '0', '0', '0', '0', '0', '0', '0', '0', '220');
INSERT INTO `porcentajer` VALUES ('221', '0', '0', '0', '0', '0', '0', '0', '0', '0', '0', '0', '0', '221');
INSERT INTO `porcentajer` VALUES ('222', '0', '0', '0', '0', '0', '0', '0', '0', '0', '0', '0', '0', '222');
INSERT INTO `porcentajer` VALUES ('223', '0', '0', '0', '0', '0', '0', '0', '0', '0', '0', '0', '0', '223');
INSERT INTO `porcentajer` VALUES ('224', '0', '0', '0', '0', '0', '0', '0', '0', '0', '0', '0', '0', '224');
INSERT INTO `porcentajer` VALUES ('225', '0', '0', '0', '0', '0', '0', '0', '0', '0', '0', '0', '0', '225');
INSERT INTO `porcentajer` VALUES ('226', '0', '0', '0', '0', '0', '0', '0', '0', '0', '0', '0', '0', '226');
INSERT INTO `porcentajer` VALUES ('227', '0', '0', '0', '0', '0', '0', '0', '0', '0', '0', '0', '0', '227');
INSERT INTO `porcentajer` VALUES ('228', '0', '0', '0', '0', '0', '0', '0', '0', '0', '0', '0', '0', '228');
INSERT INTO `porcentajer` VALUES ('229', '0', '0', '0', '0', '0', '0', '0', '0', '0', '0', '0', '0', '229');
INSERT INTO `porcentajer` VALUES ('230', '0', '0', '0', '0', '0', '0', '0', '0', '0', '0', '0', '0', '230');
INSERT INTO `porcentajer` VALUES ('231', '0', '0', '0', '0', '0', '0', '0', '0', '0', '0', '0', '0', '231');
INSERT INTO `porcentajer` VALUES ('232', '0', '0', '0', '0', '0', '0', '0', '0', '0', '0', '0', '0', '232');
INSERT INTO `porcentajer` VALUES ('233', '0', '0', '0', '0', '0', '0', '0', '0', '0', '0', '0', '0', '233');
INSERT INTO `porcentajer` VALUES ('234', '0', '0', '0', '0', '0', '0', '0', '0', '0', '0', '0', '0', '234');
INSERT INTO `porcentajer` VALUES ('235', '0', '0', '0', '0', '0', '0', '0', '0', '0', '0', '0', '0', '235');
INSERT INTO `porcentajer` VALUES ('236', '0', '0', '0', '0', '0', '0', '0', '0', '0', '0', '0', '0', '236');
INSERT INTO `porcentajer` VALUES ('237', '0', '0', '0', '0', '0', '0', '0', '0', '0', '0', '0', '0', '237');
INSERT INTO `porcentajer` VALUES ('238', '0', '0', '0', '0', '0', '0', '0', '0', '0', '0', '0', '0', '238');
INSERT INTO `porcentajer` VALUES ('239', '0', '0', '0', '0', '0', '0', '0', '0', '0', '0', '0', '0', '239');
INSERT INTO `porcentajer` VALUES ('240', '0', '0', '0', '0', '0', '0', '0', '0', '0', '0', '0', '0', '240');
INSERT INTO `porcentajer` VALUES ('241', '0', '0', '0', '0', '0', '0', '0', '0', '0', '0', '0', '0', '241');
INSERT INTO `porcentajer` VALUES ('242', '0', '0', '0', '0', '0', '0', '0', '0', '0', '0', '0', '0', '242');
INSERT INTO `porcentajer` VALUES ('243', '0', '0', '0', '0', '0', '0', '0', '0', '0', '0', '0', '0', '243');
INSERT INTO `porcentajer` VALUES ('244', '0', '0', '0', '0', '0', '0', '0', '0', '0', '0', '0', '0', '244');
INSERT INTO `porcentajer` VALUES ('245', '0', '0', '0', '0', '0', '0', '0', '0', '0', '0', '0', '0', '245');
INSERT INTO `porcentajer` VALUES ('246', '0', '0', '0', '0', '0', '0', '0', '0', '0', '0', '0', '0', '246');
INSERT INTO `porcentajer` VALUES ('247', '0', '0', '0', '0', '0', '0', '0', '0', '0', '0', '0', '0', '247');
INSERT INTO `porcentajer` VALUES ('248', '0', '0', '0', '0', '0', '0', '0', '0', '0', '0', '0', '0', '248');
INSERT INTO `porcentajer` VALUES ('249', '0', '0', '0', '0', '0', '0', '0', '0', '0', '0', '0', '0', '249');
INSERT INTO `porcentajer` VALUES ('250', '0', '0', '0', '0', '0', '0', '0', '0', '0', '0', '0', '0', '250');
INSERT INTO `porcentajer` VALUES ('251', '0', '0', '0', '0', '0', '0', '0', '0', '0', '0', '0', '0', '251');
INSERT INTO `porcentajer` VALUES ('252', '0', '0', '0', '0', '0', '0', '0', '0', '0', '0', '0', '0', '252');
INSERT INTO `porcentajer` VALUES ('253', '0', '0', '0', '0', '0', '0', '0', '0', '0', '0', '0', '0', '253');
INSERT INTO `porcentajer` VALUES ('254', '0', '0', '0', '0', '0', '0', '0', '0', '0', '0', '0', '0', '254');
INSERT INTO `porcentajer` VALUES ('255', '0', '0', '0', '0', '0', '0', '0', '0', '0', '0', '0', '0', '255');
INSERT INTO `porcentajer` VALUES ('256', '0', '0', '0', '0', '0', '0', '0', '0', '0', '0', '0', '0', '256');
INSERT INTO `porcentajer` VALUES ('257', '0', '0', '0', '0', '0', '0', '0', '0', '0', '0', '0', '0', '257');
INSERT INTO `porcentajer` VALUES ('258', '0', '0', '0', '0', '0', '0', '0', '0', '0', '0', '0', '0', '258');

-- ----------------------------
-- Table structure for `programas`
-- ----------------------------
DROP TABLE IF EXISTS `programas`;
CREATE TABLE `programas` (
  `autoprograma` int(11) DEFAULT NULL,
  `idprograma` int(11) DEFAULT NULL,
  `claveprograma` varchar(100) DEFAULT NULL,
  `descprograma` varchar(100) DEFAULT NULL
) ENGINE=InnoDB DEFAULT CHARSET=utf8;

-- ----------------------------
-- Records of programas
-- ----------------------------
INSERT INTO `programas` VALUES ('1', '1', 'E1 01', 'Desarrollo y Fortalecimiento Institucional');
INSERT INTO `programas` VALUES ('2', '2', 'NA', 'NA');
INSERT INTO `programas` VALUES ('3', '3', 'E3 03', 'Cartera de Proyectos');
INSERT INTO `programas` VALUES ('4', '4', 'E4 04', 'Prerrogativas a Partidos Políticos');

-- ----------------------------
-- Table structure for `programasesp`
-- ----------------------------
DROP TABLE IF EXISTS `programasesp`;
CREATE TABLE `programasesp` (
  `autoprogramaesp` int(5) DEFAULT NULL,
  `idprograma` int(5) DEFAULT NULL,
  `idprogramaesp` int(5) DEFAULT NULL,
  `claveprogramaesp` varchar(20) DEFAULT NULL,
  `descprogramaesp` text,
  `objprogramaesp` text,
  `idarea` int(5) DEFAULT NULL
) ENGINE=InnoDB DEFAULT CHARSET=utf8;

-- ----------------------------
-- Records of programasesp
-- ----------------------------
INSERT INTO `programasesp` VALUES ('1', '1', '1', 'E1 0101', 'Celebración de las Sesiones del Consejo General y sus Comisiones', 'Realizar las sesiones del Consejo General conforme a los principios de certeza, imparcialidad, independencia, legalidad, máxima publicidad y objetividad, así como la información y documentación sea entregada a las y los miembros del Consejo General de manera eficaz.', '1');
INSERT INTO `programasesp` VALUES ('2', '1', '2', 'E1 0102', 'Actividades Institucionales', 'Planear, diseñar e implementar los mecanismos operativos, administrativos y normativos que delimiten las atribuciones y deberes de las áreas ejecutivas del Organismo Público Local Electoral del Estado de Veracruz contribuyendo a su desarrollo y consolidación.', '2');
INSERT INTO `programasesp` VALUES ('3', '1', '3', 'E1 0103', 'Participar en la operación del Consejo General ', 'Garantizar la actuación del Secretario del Consejo General en términos de la normatividad aplicable.', '2');
INSERT INTO `programasesp` VALUES ('4', '1', '4', 'E1 0104', 'Representación Legal del Organismo Público Local Electoral del Estado de Veracruz', 'Implementar las acciones pertinentes para defender los intereses del Organismo Público Local Electoral del Estado de Veracruz.', '2');
INSERT INTO `programasesp` VALUES ('5', '1', '5', 'E1 0105', 'Participar en las actividades de la Junta General Ejecutiva', 'Garantizar la operatividad y adecuado desarrollo de las reuniones de la Junta General Ejecutiva.', '2');
INSERT INTO `programasesp` VALUES ('6', '1', '6', 'E1 0106', 'Coordinar Direcciones Ejecutivas y Unidades Técnicas', 'Apoyar en la implementación de mecanismos operativos para el adecuado ejercicio de las actividades de Direcciones Ejecutivas y Unidades Técnicas.', '2');
INSERT INTO `programasesp` VALUES ('7', '1', '7', 'E1 0107', 'Eficientar el ejercicio y transparentar el control presupuestal', 'Implementar los mecanismos administrativos que garanticen el correcto ejercicio presupuestal del Organismo.', '2');
INSERT INTO `programasesp` VALUES ('8', '1', '8', 'E1 0108', 'Ejercicio de la Fe Pública Electoral', 'Certificar actos, hechos o documentos relacionados con las atribuciones del Organismo Público Local Electoral del Estado de Veracruz.', '2');
INSERT INTO `programasesp` VALUES ('9', '1', '9', 'E1 0109', 'Cumplimiento de las sanciones impuestas a los partidos políticos', 'Llevar a cabo las actividades encaminadas a dar cumplimiento a las obligaciones derivadas de los dictámenes de las autoridades electorales federales y  locales en cuanto al seguimiento y aplicación de sanciones y devolución de remanentes.', '3');
INSERT INTO `programasesp` VALUES ('10', '1', '10', 'E1 0110', 'Organizaciones Políticas', 'Llevar a cabo el procedimiento de registro de Comités Directivos, Representantes ante el Órgano Central, así como del otorgamiento o pérdidas del registro o acreditación de los Partidos Políticos, y Asociaciones Políticas estatales.', '3');
INSERT INTO `programasesp` VALUES ('11', '1', '11', 'E1 0111', 'Prerrogativas a Partidos Políticos y Asociaciones Políticas Estatales', 'Realizar los estudios inherentes al ejercicio de las prerrogativas a que tienen derecho los Partidos Políticos y Asociaciones Políticas.', '3');
INSERT INTO `programasesp` VALUES ('12', '1', '12', 'E1 0112', 'Archivo', 'Ordenar y sistematizar la información social y estadísticamente útil en materia electoral respecto a los procesos electorales 2016-2017, 2017-2018 y extraordinario 2018.', '4');
INSERT INTO `programasesp` VALUES ('13', '1', '13', 'E1 0113', 'Organización Electoral', 'Eficientar los recursos humanos y materiales en materia de organización electoral con miras al Proceso Electoral Local 2020-2021.', '4');
INSERT INTO `programasesp` VALUES ('14', '1', '14', 'E1 0114', 'Construcción de Ciudadanía', 'Fortalecer la cultura democrática en el Estado, a través del impulso de la participación ciudadana.', '5');
INSERT INTO `programasesp` VALUES ('15', '1', '15', 'E1 0115', 'Implementar Acciones para fortalecer la Estrategia Nacional de Educación Cívica 2017-2023', 'Desarrollar mecanismos operativos que permitan la realización de actividades de Educación Cívica.', '5');
INSERT INTO `programasesp` VALUES ('16', '1', '16', 'E1 0116', 'Actividades Institucionales ', 'Planear, diseñar e implementar los mecanismos operativos, administrativos y normativos que controlen y cumplan con las normas jurídicas en materia Contable, Presupuestal y Programática del Organismo Público Local Electoral del Estado de Veracruz.', '6');
INSERT INTO `programasesp` VALUES ('17', '1', '17', 'E1 0117', 'Administración y Gestión de Recursos Financieros', 'Fijar las directrices que permitan realizar las gestiones administrativas y financieras del Organismo Público Local Electoral del Estado de Veracruz, de manera interna y externa, para el  cumplimiento de las funciones y atribuciones que le son inherentes.', '6');
INSERT INTO `programasesp` VALUES ('18', '1', '18', 'E1 0118', 'Administración y Gestión de Recursos Materiales, Servicios Generales, Inventarios y Adquisiciones.', 'Realizar los procesos de adquisiciones y contratación de arrendamientos y servicios generales requeridos por las áreas del Organismo Público Local Electoral del Estado de Veracruz, para el cumplimiento de las funciones y atribuciones que le son inherentes, realizando los procesos de contratación en estricto apego a las disposiciones legales y administrativas aplicables.', '6');
INSERT INTO `programasesp` VALUES ('19', '1', '19', 'E1 0119', 'Administración y Gestión de Recursos Humanos ', 'Fijar las directrices que permitan realizar las gestiones administrativas y financieras del Organismo Público Local Electoral del Estado de Veracruz, de manera interna y externa, para el  cumplimiento de las funciones y atribuciones que le son inherentes.', '6');
INSERT INTO `programasesp` VALUES ('20', '1', '20', 'E1 0120', 'Consultas y Fortalecimiento al interior del Organismo ', 'Atender las consultas y fortalecer los procedimientos  normativos que delimiten las atribuciones y deberes de las áreas ejecutivas del Organismo Público Local Electoral del Estado de Veracruz.', '7');
INSERT INTO `programasesp` VALUES ('21', '1', '21', 'E1 0121', 'Contencioso no Electoral', 'Realizar de manera eficiente el trámite de los asuntos que se presenten en el Organismo Público Local Electoral del Estado de Veracruz.', '7');
INSERT INTO `programasesp` VALUES ('22', '1', '22', 'E1 0122', 'Medios de Impugnación y Procedimientos Administrativos Sancionadores', 'Dar trámite a los medios de impugnación y substanciar los procedimientos administrativos sancionadores que se presenten ante el Organismo Público Local Electoral del Estado de Veracruz.', '7');
INSERT INTO `programasesp` VALUES ('23', '1', '23', 'E1 0123', 'Actividades Institucionales', 'Participar y dar seguimiento a los Comités y Subcomités cuya atribución corresponde a la Unidad de Fiscalización del Organismo Público Local Electoral del Estado de Veracruz contribuyendo a su desarrollo y consolidación.', '8');
INSERT INTO `programasesp` VALUES ('24', '1', '24', 'E1 0124', 'Profesionalización de las Asociaciones Políticas', 'Brindar a las once Asociaciones Políticas Estatales con registro vigente ante el Organismo Público Local Electoral del Estado de Veracruz la realización con éxito de los cambios en su contabilidad de acuerdo a la reglamentación.', '8');
INSERT INTO `programasesp` VALUES ('25', '1', '25', 'E1 0125', 'Registro contable y documentación comprobatoria', 'Brindar certeza sobre el origen uso y destino del financiamiento público que reciben las Asociaciones Políticas Estatales con registro vigente ante este Organismo Público Local Electoral.', '8');
INSERT INTO `programasesp` VALUES ('26', '1', '26', 'E1 0126', 'Actividades Institucionales', 'Difundir las acciones que realizan la Direcciones Ejecutivas y Unidades Técnicas del Organismo Público Local Electoral del Estado de Veracruz.', '9');
INSERT INTO `programasesp` VALUES ('27', '1', '27', 'E1 0127', 'Difusión de los programas institucionales', 'Difundir los programas institucionales del Organismo Público Local Electoral del Estado de Veracruz a través de diferentes estrategias de medios para lograr un mayor impacto.', '9');
INSERT INTO `programasesp` VALUES ('28', '1', '28', 'E1 0128', 'Eficientar el reporte de monitoreo a los medios de comunicación impresos y electrónicos ', 'Realizar el seguimiento de la información que se genera diariamente en los diferentes medios de comunicación para generar líneas de acción que contribuyan al posicionamiento del Organismo en la opinión pública.', '9');
INSERT INTO `programasesp` VALUES ('29', '1', '29', 'E1 0129', 'Actividades Institucionales', 'Diseñar y elaborar material de promoción y difusión del Organismo Público Local Electoral del Estado de Veracruz.', '10');
INSERT INTO `programasesp` VALUES ('30', '1', '30', 'E1 0130', 'Seguimiento al Servicio Profesional Electoral Nacional', 'Apoyar en el cumplimiento de los fines del Instituto Nacional Electoral y del Organismo Público Local Electoral del Estado de Veracruz, así como en el ejercicio de sus atribuciones, conforme a los principios rectores de la función electoral.', '10');
INSERT INTO `programasesp` VALUES ('31', '1', '31', 'E1 0131', 'Capacitación permanente a las áreas del Organismo Público Local Electoral del Estado de Veracruz', 'Diseñar y adaptar la impartición de cursos de Capacitación Formativa y actualización del personal del Organismo, para desarrollar un piso mínimo de competencias laborales, en las modalidades presenciales y en línea.', '10');
INSERT INTO `programasesp` VALUES ('32', '1', '32', 'E1 0132', 'Actividades Institucionales', 'Apoyo en el desarrollo de las actividades institucionales del Organismo Público Local Electoral del Estado de Veracruz.', '11');
INSERT INTO `programasesp` VALUES ('33', '1', '33', 'E1 0133', 'Asesoría y soporte técnico a las áreas del Organismo', 'Proporcionar asesoría y apoyo en materia de informática al Organismo Público Local Electoral del Estado de Veracruz en cuanto a operación de equipo de cómputo (paquetería, scanner, redes, etc.), así como el mantenimiento preventivo y correctivo de la infraestructura tecnológica, para optimizar el desempeño de sus  labores.', '11');
INSERT INTO `programasesp` VALUES ('34', '1', '34', 'E1 0134', 'Innovación, desarrollo, implementación y soporte de sistemas informáticos ', 'Innovar, Desarrollar y poner en marcha los sistemas informáticos en apoyo a las actividades electorales y administrativas de las diferentes áreas del Organismo Público Local Electoral del Estado de Veracruz.', '11');
INSERT INTO `programasesp` VALUES ('35', '1', '35', 'E1 0135', 'Administración del portal Web', 'Actualizar y modificar permanentemente los servicios Web del Organismo Público Local Electoral del Estado de Veracruz.', '11');
INSERT INTO `programasesp` VALUES ('36', '1', '36', 'E1 0136', 'Actividades Institucionales', 'Actualizar las normas administrativas en materia de manuales, en el marco jurídico aplicable al Organismo Público Local Electoral del Estado de Veracruz.', '12');
INSERT INTO `programasesp` VALUES ('37', '1', '37', 'E1 0137', 'Planeación Institucional', 'Planear, diseñar e implementar mecanismos operativos y normativos que delimiten las atribuciones y deberes de las áreas ejecutivas del Organismo Público Local Electoral del Estado de Veracruz, contribuyendo a su desarrollo y consolidación.', '12');
INSERT INTO `programasesp` VALUES ('38', '1', '38', 'E1 0138', 'Seguimiento y Evaluación Institucional ', 'Dar seguimiento y evaluar las actividades de las áreas ejecutivas del Organismo Público Local Electoral del Estado de Veracruz contribuyendo y retroalimentando para alcanzar  las metas y objetivos planteados.', '12');
INSERT INTO `programasesp` VALUES ('39', '1', '39', 'E1 0139', 'Actividades Institucionales', 'Certificar y dar seguimiento a las peticiones presentadas ante el Organismo Público Local Electoral del Estado de Veracruz, diseñando mecanismos operativos, administrativos y normativos para desarrollar esta función.', '13');
INSERT INTO `programasesp` VALUES ('40', '1', '40', 'E1 0140', 'Actividades Institucionales', 'Coordinar las acciones necesarias a fin de que las sesiones del Consejo General, de sus Comisiones, así como, de la Junta Ejecutiva se lleven a cabo  con los elementos materiales requeridos por sus integrantes respectivos.', '14');
INSERT INTO `programasesp` VALUES ('41', '1', '41', 'E1 0141', 'Celebración de las Sesiones del Consejo General y sus Comisiones', 'Realizar las sesiones del Consejo General conforme a los principios de certeza, imparcialidad, independencia, legalidad, máxima publicidad y objetividad, así como entregar la información y documentación a las y los miembros del Consejo General de manera eficaz.', '14');
INSERT INTO `programasesp` VALUES ('42', '1', '42', 'E1 0142', 'Documentación de las Sesiones y Archivo del Consejo General', 'Resguardar y conservar la documentación emitida por el Consejo General del Organismo Público Local Electoral del Estado de Veracruz.', '14');
INSERT INTO `programasesp` VALUES ('43', '1', '43', 'E1 0143', 'Actividades Institucionales', 'Planear, diseñar e implementar mecanismos operativos, administrativos y normativos dentro de la Unidad Técnica de Vinculación para futuros procesos electorales.', '15');
INSERT INTO `programasesp` VALUES ('44', '1', '44', 'E1 0144', 'Actividades Institucionales', 'Planear, diseñar e implementar los mecanismos operativos, administrativos y normativos que delimiten las atribuciones y deberes de esta Unidad, contribuyendo a su desarrollo y consolidación.', '16');
INSERT INTO `programasesp` VALUES ('45', '1', '45', 'E1 0145', 'Transversalización de la perspectiva de género', 'Sensibilizar al personal del Organismo Público Local Electoral del Estado de Veracruz, en lo referente a la perspectiva de Género.', '16');
INSERT INTO `programasesp` VALUES ('46', '1', '46', 'E1 0146', 'Conciliación laboral y ambientes libres de violencia ', 'Generar en el Organismo un ambiente laboral libre de violencia y discriminación.', '16');
INSERT INTO `programasesp` VALUES ('47', '1', '47', 'E1 0147', 'Monitoreo y evaluación de las brechas de género', 'Procurar que en la integración de las áreas del Organismo sean considerados los principios de igualdad y no discriminación.', '16');
INSERT INTO `programasesp` VALUES ('48', '1', '48', 'E1 0148', 'De igualdad de Género y no discriminación ', 'Implementar estrategias destinadas a la promoción de la igualdad de género e inclusión a personas pertenecientes a grupos vulnerables en el ejercicio de sus derechos político electorales.', '16');
INSERT INTO `programasesp` VALUES ('49', '1', '49', 'E1 0149', 'Actividades Institucionales', 'Dar seguimiento a las actividades administrativas y normativas que en materia de Transparencia apliquen al Organismo Público Local Electoral del Estado de Veracruz contribuyendo a su desarrollo y consolidación.', '17');
INSERT INTO `programasesp` VALUES ('50', '1', '50', 'E1 0150', 'Garantizar el derecho de acceso a la información', 'Promover, transmitir y cumplir con el derecho de acceso a la información.', '17');
INSERT INTO `programasesp` VALUES ('51', '1', '51', 'E1 0151', 'Protección de los Datos Personales', 'Promover y asegurar la protección de los Datos Personales del Organismo Público Local Electoral del Estado de Veracruz.', '17');
INSERT INTO `programasesp` VALUES ('52', '1', '52', 'E1 0152', 'Implementación del archivo del Organismo Público Local Electoral del Estado de Veracruz', 'Poner en funcionamiento el Archivo Institucional del Organismo Público Local Electoral del Estado de Veracruz, para dar cumplimiento a la normatividad vigente.', '17');
INSERT INTO `programasesp` VALUES ('53', '1', '53', 'E1 0153', 'Auditoria a Órgano Central y de desempeño', 'Fiscalizar el ejercicio del presupuesto, las medidas de control implementadas para la transparencia de los recursos y el desempeño de las áreas del Organismo.', '18');
INSERT INTO `programasesp` VALUES ('54', '1', '54', 'E1 0154', 'Evaluación, Normatividad y Asuntos Jurídicos', 'Vigilar el cumplimiento de las obligaciones de los servidores públicos, determinado, en su caso, responsabilidades administrativas.', '18');
INSERT INTO `programasesp` VALUES ('55', '3', '1', 'E3 0301', 'Programa de Actualización en temas de Prerrogativas y Partidos Políticos', 'Realizar estudios sobre temas relevantes en materia de candidaturas independientes, acciones afirmativas y financiamiento público, que permita a la ciudadanía conocer la evolución de estas  instituciones en el estado de Veracruz y su impacto en la participación ciudadana.', '3');
INSERT INTO `programasesp` VALUES ('56', '3', '2', 'E3 0302', 'Participación Ciudadana y Educación Cívica', 'Implementar actividades para la difusión y fortalecimiento de la participación ciudadana y educación cívica.', '5');
INSERT INTO `programasesp` VALUES ('57', '3', '3', 'E3 0303', 'Planeación Estratégica para el impulso de la rendición de cuentas de las Asociaciones Políticas Estatales', 'Impulsar a las Asociaciones Políticas Estatales en el desarrollo de la vida democrática y la cultura política, la libre discusión y difusión de las ideas políticas, así como a la creación de una opinión pública mejor informada en la Entidad.', '8');
INSERT INTO `programasesp` VALUES ('58', '3', '4', 'E3 0304', 'Capacitación Permanente', 'Fomentar el desarrollo académico y de profesionalización del personal de Organismo Público Local Electoral del Estado de Veracruz.', '10');
INSERT INTO `programasesp` VALUES ('59', '3', '5', 'E3 0305', 'Difusión en materia político-electoral', 'Dar difusión y fomentar la cultura democrática y político-electoral en el Estado de Veracruz', '10');
INSERT INTO `programasesp` VALUES ('60', '3', '6', 'E3 0306', 'Proyecto de Inclusión Político Electoral.', 'Permitir que la poblaciòn en situación de vulnerabilidad tengan acceso a la información político electoral que genera el Organismo Electoral, ofreciendo las mismas oportunidades de comunicación, crecimiento, desarrollo personal y profesional.', '16');
INSERT INTO `programasesp` VALUES ('61', '3', '7', 'E3 0307', 'Yo protejo los datos personales', 'apacitar y sensibilizar a los servidores públicos del Organismo Público Local Electoral del Estado de Veracruz en materia de datos Personales brindando las herramientas necesarias para ampliar sus conocimientos y concientizarlos de la importancia del buen manejo de los Datos Personales y de la obligaciones que tienen de implementar mecanismos para protegerlos.', '17');
INSERT INTO `programasesp` VALUES ('62', '4', '1', 'E4 0401', 'Prerrogativas a las Organizaciones Políticas', 'Proporcionar a las Organizaciones Políticas el Financiamiento Público que les corresponda.', '3');

-- ----------------------------
-- Table structure for `role_user`
-- ----------------------------
DROP TABLE IF EXISTS `role_user`;
CREATE TABLE `role_user` (
  `id` int(10) unsigned NOT NULL AUTO_INCREMENT,
  `role_id` int(10) unsigned NOT NULL,
  `user_id` int(10) unsigned NOT NULL,
  `created_at` timestamp NULL DEFAULT NULL,
  `updated_at` timestamp NULL DEFAULT NULL,
  PRIMARY KEY (`id`)
) ENGINE=InnoDB AUTO_INCREMENT=5 DEFAULT CHARSET=utf8mb4 COLLATE=utf8mb4_unicode_ci;

-- ----------------------------
-- Records of role_user
-- ----------------------------
INSERT INTO `role_user` VALUES ('1', '2', '1', '2019-02-15 04:45:10', '2019-02-15 04:45:10');
INSERT INTO `role_user` VALUES ('2', '1', '2', '2019-02-15 04:45:10', '2019-02-15 04:45:10');
INSERT INTO `role_user` VALUES ('3', '2', '3', null, null);
INSERT INTO `role_user` VALUES ('4', '2', '4', null, null);

-- ----------------------------
-- Table structure for `roles`
-- ----------------------------
DROP TABLE IF EXISTS `roles`;
CREATE TABLE `roles` (
  `id` int(10) unsigned NOT NULL AUTO_INCREMENT,
  `name` varchar(255) COLLATE utf8mb4_unicode_ci NOT NULL,
  `description` varchar(255) COLLATE utf8mb4_unicode_ci NOT NULL,
  `created_at` timestamp NULL DEFAULT NULL,
  `updated_at` timestamp NULL DEFAULT NULL,
  PRIMARY KEY (`id`)
) ENGINE=InnoDB AUTO_INCREMENT=3 DEFAULT CHARSET=utf8mb4 COLLATE=utf8mb4_unicode_ci;

-- ----------------------------
-- Records of roles
-- ----------------------------
INSERT INTO `roles` VALUES ('1', 'admin', 'Administrador', '2019-02-15 04:45:10', '2019-02-15 04:45:10');
INSERT INTO `roles` VALUES ('2', 'user', 'Usuario', '2019-02-15 04:45:10', '2019-02-15 04:45:10');

-- ----------------------------
-- Table structure for `users`
-- ----------------------------
DROP TABLE IF EXISTS `users`;
CREATE TABLE `users` (
  `id` int(10) unsigned NOT NULL AUTO_INCREMENT,
  `name` varchar(255) COLLATE utf8mb4_unicode_ci NOT NULL,
  `username` varchar(255) COLLATE utf8mb4_unicode_ci NOT NULL,
  `email` varchar(255) COLLATE utf8mb4_unicode_ci NOT NULL,
  `email_verified_at` timestamp NULL DEFAULT NULL,
  `password` varchar(255) COLLATE utf8mb4_unicode_ci NOT NULL,
  `remember_token` varchar(100) COLLATE utf8mb4_unicode_ci DEFAULT NULL,
  `created_at` timestamp NULL DEFAULT NULL,
  `updated_at` timestamp NULL DEFAULT NULL,
  PRIMARY KEY (`id`),
  UNIQUE KEY `users_email_unique` (`email`),
  UNIQUE KEY `users_username_unique` (`username`)
) ENGINE=InnoDB AUTO_INCREMENT=5 DEFAULT CHARSET=utf8mb4 COLLATE=utf8mb4_unicode_ci;

-- ----------------------------
-- Records of users
-- ----------------------------
INSERT INTO `users` VALUES ('1', 'Usuario', 'usuario', 'usuario@oplever.org.mx', null, '$2y$10$IW3c6m/HPGrWhbEOyiCqMeTnBx0DdmcAZTF4CbjJ3ndOe/ulzr.za', 'rY2LETLItE0bEs6PGkmT0dwNUDfbCERNFP9hRWlZ2EKIC6FGXrOaDTE5GKuF', '2019-02-15 04:45:10', '2019-02-15 04:45:10');
INSERT INTO `users` VALUES ('2', 'Administrador', 'admin', 'admin@oplever.org.mx', null, '$2y$10$equWp3BMR78EYoIt/BbElexkOmvAIcEF.fCXzpMRUJb/rHrFXdXii', 'SRyJBCxT1xylnMTLyMhE1zOyHFU27T4RcOUEWc9S8MZgYhUZuqkaPmTITBT3', '2019-02-15 04:45:10', '2019-02-15 04:45:10');
INSERT INTO `users` VALUES ('3', 'Capturista', 'capturista', 'capturista@oplever.org.mx', null, '$2y$10$xidbQgVvZHoXktungKk59.aQI6385G4CxIkl1Uv6LFCsO8yrUHUwe', 'urLO4IdcTEQuy52SVtgqrhjytIwpHF54Uz0oXbqkOKFTL3YjSvHahzsZwcn6', '2019-02-15 17:10:12', '2019-02-15 17:10:12');
INSERT INTO `users` VALUES ('4', 'Validador', 'validador', 'validador@oplever.org.mx', null, '$2y$10$pSMN6BNEyfzxxS.hnareQeZUSmfEfsN/2B44vQKUUOtC2mfFjS.Hu', 'kXaMy57NsB2qLgfxcxIPhNI5IttLXoqB8Qr4vqoNMVcrHyUvvht2EeKJE3h3', '2019-02-15 17:28:08', '2019-02-15 17:28:08');
